OBJECTID,VACCINATION_DATE,Gender,FirstDoseDaily,FirstDoseCumulative,SecondDoseDaily,SecondDoseCumulative,SingleDoseDaily,SingleDoseCumulative
1,4/13/2021 15:00:00,Federal Entities,84295,84295,54201.000000000000000,54201,2952.000000000000000,2952
2,4/14/2021 15:00:00,Federal Entities,557,84852,11.000000000000000,54212,1.000000000000000,2953
3,4/15/2021 15:00:00,Federal Entities,623,85475,823.000000000000000,55035,19.000000000000000,2972
4,4/16/2021 15:00:00,Federal Entities,782,86257,1016.000000000000000,56051,8.000000000000000,2980
5,4/17/2021 15:00:00,Federal Entities,1136,87393,1177.000000000000000,57228,6.000000000000000,2986
6,4/19/2021 15:00:00,Federal Entities,1369,88762,2003.000000000000000,59231,9.000000000000000,2995
7,4/20/2021 15:00:00,Federal Entities,3243,92005,2158.000000000000000,61389,19.000000000000000,3014
8,4/21/2021 15:00:00,Federal Entities,906,92911,1206.000000000000000,62595,4.000000000000000,3018
9,4/22/2021 15:00:00,Federal Entities,1018,93929,458.000000000000000,63053,,3018
10,4/23/2021 15:00:00,Federal Entities,759,94688,632.000000000000000,63685,1.000000000000000,3019
11,4/25/2021 15:00:00,Federal Entities,992,95680,2492.000000000000000,66177,5.000000000000000,3024
12,4/26/2021 15:00:00,Federal Entities,1483,97163,1672.000000000000000,67849,1.000000000000000,3025
13,4/29/2021 15:00:00,Federal Entities,223,97386,865.000000000000000,68714,2.000000000000000,3027
14,5/1/2021 15:00:00,Federal Entities,1556,98942,1974.000000000000000,70688,14.000000000000000,3041
15,5/2/2021 15:00:00,Federal Entities,1071,100013,1875.000000000000000,72563,4.000000000000000,3045
16,5/3/2021 15:00:00,Federal Entities,403,100416,2165.000000000000000,74728,4.000000000000000,3049
17,5/4/2021 15:00:00,Federal Entities,28,100444,25.000000000000000,74753,,3049
18,5/5/2021 15:00:00,Federal Entities,365,100809,814.000000000000000,75567,,3049
19,5/6/2021 15:00:00,Federal Entities,275,101084,880.000000000000000,76447,3.000000000000000,3052
20,5/7/2021 15:00:00,Federal Entities,274,101358,966.000000000000000,77413,8.000000000000000,3060
21,5/8/2021 15:00:00,Federal Entities,297,101655,1312.000000000000000,78725,6.000000000000000,3066
22,5/10/2021 15:00:00,Federal Entities,338,101993,1712.000000000000000,80437,1.000000000000000,3067
23,5/11/2021 15:00:00,Federal Entities,18,102011,13.000000000000000,80450,,3067
24,5/12/2021 15:00:00,Federal Entities,243,102254,1124.000000000000000,81574,,3067
25,5/14/2021 15:00:00,Federal Entities,290,102544,1022.000000000000000,82596,2.000000000000000,3069
26,5/15/2021 15:00:00,Federal Entities,611,103155,1701.000000000000000,84297,4.000000000000000,3073
27,5/17/2021 15:00:00,Federal Entities,565,103720,2505.000000000000000,86802,11.000000000000000,3084
28,5/18/2021 15:00:00,Federal Entities,164,103884,61.000000000000000,86863,2.000000000000000,3086
29,5/20/2021 15:00:00,Federal Entities,885,104769,1024.000000000000000,87887,,3086
30,5/22/2021 15:00:00,Federal Entities,911,105680,1359.000000000000000,89246,9.000000000000000,3095
31,5/24/2021 15:00:00,Federal Entities,514,106194,1032.000000000000000,90278,8.000000000000000,3103
32,5/25/2021 15:00:00,Federal Entities,5,106199,1.000000000000000,90279,2.000000000000000,3105
33,5/27/2021 15:00:00,Federal Entities,425,106624,674.000000000000000,90953,1.000000000000000,3106
34,5/28/2021 15:00:00,Federal Entities,418,107042,342.000000000000000,91295,,3106
35,5/29/2021 15:00:00,Federal Entities,267,107309,344.000000000000000,91639,10.000000000000000,3116
36,5/31/2021 15:00:00,Federal Entities,214,107523,243.000000000000000,91882,3.000000000000000,3119
37,6/1/2021 15:00:00,Federal Entities,30,107553,48.000000000000000,91930,,3119
38,6/16/2021 15:00:00,Federal Entities,2042,109595,3555.000000000000000,95485,37.000000000000000,3156
39,6/17/2021 15:00:00,Federal Entities,22,109617,95.000000000000000,95580,,3156
40,6/18/2021 15:00:00,Federal Entities,269,109886,456.000000000000000,96036,4.000000000000000,3160
41,6/19/2021 15:00:00,Federal Entities,166,110052,338.000000000000000,96374,1.000000000000000,3161
42,6/20/2021 15:00:00,Federal Entities,161,110213,284.000000000000000,96658,1.000000000000000,3162
43,6/21/2021 15:00:00,Federal Entities,56,110269,120.000000000000000,96778,1.000000000000000,3163
44,6/22/2021 15:00:00,Federal Entities,13,110282,8.000000000000000,96786,1.000000000000000,3164
45,6/23/2021 15:00:00,Federal Entities,2,110284,2.000000000000000,96788,,3164
46,6/24/2021 15:00:00,Federal Entities,304,110588,355.000000000000000,97143,5.000000000000000,3169
47,6/25/2021 15:00:00,Federal Entities,124,110712,209.000000000000000,97352,1.000000000000000,3170
48,6/27/2021 15:00:00,Federal Entities,124,110836,173.000000000000000,97525,2.000000000000000,3172
49,6/28/2021 15:00:00,Federal Entities,146,110982,186.000000000000000,97711,4.000000000000000,3176
50,6/29/2021 15:00:00,Federal Entities,2,110984,2.000000000000000,97713,1.000000000000000,3177
51,7/1/2021 15:00:00,Federal Entities,313,111297,340.000000000000000,98053,8.000000000000000,3185
52,7/2/2021 15:00:00,Federal Entities,209,111506,249.000000000000000,98302,6.000000000000000,3191
53,7/3/2021 15:00:00,Federal Entities,97,111603,123.000000000000000,98425,4.000000000000000,3195
54,7/4/2021 15:00:00,Federal Entities,75,111678,98.000000000000000,98523,6.000000000000000,3201
55,7/5/2021 15:00:00,Federal Entities,7,111685,8.000000000000000,98531,,3201
56,7/6/2021 15:00:00,Federal Entities,18,111703,22.000000000000000,98553,4.000000000000000,3205
57,7/8/2021 15:00:00,Federal Entities,105,111808,155.000000000000000,98708,5.000000000000000,3210
58,7/9/2021 15:00:00,Federal Entities,136,111944,203.000000000000000,98911,9.000000000000000,3219
59,7/10/2021 15:00:00,Federal Entities,130,112074,140.000000000000000,99051,4.000000000000000,3223
60,7/11/2021 15:00:00,Federal Entities,145,112219,137.000000000000000,99188,4.000000000000000,3227
61,7/13/2021 15:00:00,Federal Entities,3,112222,1.000000000000000,99189,,3227
62,7/14/2021 15:00:00,Federal Entities,57,112279,57.000000000000000,99246,3.000000000000000,3230
63,7/15/2021 15:00:00,Federal Entities,56,112335,90.000000000000000,99336,4.000000000000000,3234
64,7/16/2021 15:00:00,Federal Entities,1012,113347,526.000000000000000,99862,24.000000000000000,3258
65,7/17/2021 15:00:00,Federal Entities,86,113433,116.000000000000000,99978,4.000000000000000,3262
66,7/18/2021 15:00:00,Federal Entities,152,113585,219.000000000000000,100197,10.000000000000000,3272
67,12/14/2020 15:00:00,Female,8,8,,0,,0
68,12/15/2020 15:00:00,Female,23,31,1.000000000000000,1,,0
69,12/16/2020 15:00:00,Female,331,362,1.000000000000000,2,,0
70,12/17/2020 15:00:00,Female,746,1108,2.000000000000000,4,,0
71,12/18/2020 15:00:00,Female,1918,3026,5.000000000000000,9,,0
72,12/19/2020 15:00:00,Female,568,3594,3.000000000000000,12,,0
73,12/20/2020 15:00:00,Female,208,3802,1.000000000000000,13,,0
74,12/21/2020 15:00:00,Female,2477,6279,7.000000000000000,20,,0
75,12/22/2020 15:00:00,Female,4161,10440,8.000000000000000,28,,0
76,12/23/2020 15:00:00,Female,3872,14312,11.000000000000000,39,,0
77,12/24/2020 15:00:00,Female,1743,16055,4.000000000000000,43,,0
78,12/25/2020 15:00:00,Female,727,16782,3.000000000000000,46,,0
79,12/26/2020 15:00:00,Female,1240,18022,5.000000000000000,51,,0
80,12/27/2020 15:00:00,Female,1249,19271,5.000000000000000,56,,0
81,12/28/2020 15:00:00,Female,6163,25434,20.000000000000000,76,,0
82,12/29/2020 15:00:00,Female,7323,32757,17.000000000000000,93,,0
83,12/30/2020 15:00:00,Female,8200,40957,34.000000000000000,127,,0
84,12/31/2020 15:00:00,Female,4789,45746,13.000000000000000,140,,0
85,1/1/2021 15:00:00,Female,1438,47184,56.000000000000000,196,,0
86,1/2/2021 15:00:00,Female,2017,49201,13.000000000000000,209,,0
87,1/3/2021 15:00:00,Female,2312,51513,40.000000000000000,249,,0
88,1/4/2021 15:00:00,Female,8639,60152,191.000000000000000,440,,0
89,1/5/2021 15:00:00,Female,8128,68280,331.000000000000000,771,,0
90,1/6/2021 15:00:00,Female,9662,77942,499.000000000000000,1270,,0
91,1/7/2021 15:00:00,Female,9731,87673,1095.000000000000000,2365,,0
92,1/8/2021 15:00:00,Female,10522,98195,1734.000000000000000,4099,,0
93,1/9/2021 15:00:00,Female,3337,101532,629.000000000000000,4728,,0
94,1/10/2021 15:00:00,Female,1795,103327,244.000000000000000,4972,,0
95,1/11/2021 15:00:00,Female,8491,111818,2180.000000000000000,7152,,0
96,1/12/2021 15:00:00,Female,10440,122258,3675.000000000000000,10827,,0
97,1/13/2021 15:00:00,Female,11579,133837,2639.000000000000000,13466,,0
98,1/14/2021 15:00:00,Female,11348,145185,1235.000000000000000,14701,,0
99,1/15/2021 15:00:00,Female,13029,158214,1324.000000000000000,16025,,0
100,1/16/2021 15:00:00,Female,3829,162043,1019.000000000000000,17044,,0
101,1/17/2021 15:00:00,Female,1428,163471,1016.000000000000000,18060,,0
102,1/18/2021 15:00:00,Female,4454,167925,2220.000000000000000,20280,,0
103,1/19/2021 15:00:00,Female,10314,178239,3712.000000000000000,23992,,0
104,1/20/2021 15:00:00,Female,12718,190957,3658.000000000000000,27650,,0
105,1/21/2021 15:00:00,Female,14435,205392,2482.000000000000000,30132,,0
106,1/22/2021 15:00:00,Female,17877,223269,2388.000000000000000,32520,,0
107,1/23/2021 15:00:00,Female,6407,229676,1285.000000000000000,33805,,0
108,1/24/2021 15:00:00,Female,2036,231712,1202.000000000000000,35007,,0
109,1/25/2021 15:00:00,Female,10076,241788,5718.000000000000000,40725,,0
110,1/26/2021 15:00:00,Female,10611,252399,5600.000000000000000,46325,,0
111,1/27/2021 15:00:00,Female,14939,267338,8012.000000000000000,54337,,0
112,1/28/2021 15:00:00,Female,13843,281181,6056.000000000000000,60393,,0
113,1/29/2021 15:00:00,Female,15205,296386,5350.000000000000000,65743,,0
114,1/30/2021 15:00:00,Female,11118,307504,1701.000000000000000,67444,,0
115,1/31/2021 15:00:00,Female,2297,309801,760.000000000000000,68204,,0
116,2/1/2021 15:00:00,Female,4477,314278,3094.000000000000000,71298,,0
117,2/2/2021 15:00:00,Female,7250,321528,8646.000000000000000,79944,,0
118,2/3/2021 15:00:00,Female,10842,332370,11067.000000000000000,91011,,0
119,2/4/2021 15:00:00,Female,13100,345470,9947.000000000000000,100958,,0
120,2/5/2021 15:00:00,Female,12349,357819,11632.000000000000000,112590,,0
121,2/6/2021 15:00:00,Female,7135,364954,4175.000000000000000,116765,,0
122,2/7/2021 15:00:00,Female,3613,368567,1188.000000000000000,117953,,0
123,2/8/2021 15:00:00,Female,7780,376347,8079.000000000000000,126032,,0
124,2/9/2021 15:00:00,Female,9841,386188,8500.000000000000000,134532,,0
125,2/10/2021 15:00:00,Female,11642,397830,13220.000000000000000,147752,,0
126,2/11/2021 15:00:00,Female,13721,411551,10353.000000000000000,158105,,0
127,2/12/2021 15:00:00,Female,12480,424031,12562.000000000000000,170667,,0
128,2/13/2021 15:00:00,Female,6655,430686,3980.000000000000000,174647,,0
129,2/14/2021 15:00:00,Female,4251,434937,1235.000000000000000,175882,,0
130,2/15/2021 15:00:00,Female,6857,441794,8535.000000000000000,184417,,0
131,2/16/2021 15:00:00,Female,9578,451372,12873.000000000000000,197290,,0
132,2/17/2021 15:00:00,Female,12576,463948,16434.000000000000000,213724,,0
133,2/18/2021 15:00:00,Female,1705,465653,2758.000000000000000,216482,,0
134,2/19/2021 15:00:00,Female,5818,471471,12367.000000000000000,228849,,0
135,2/20/2021 15:00:00,Female,6006,477477,13009.000000000000000,241858,,0
136,2/21/2021 15:00:00,Female,3572,481049,4661.000000000000000,246519,,0
137,2/22/2021 15:00:00,Female,4520,485569,9520.000000000000000,256039,,0
138,2/23/2021 15:00:00,Female,8993,494562,9757.000000000000000,265796,,0
139,7/19/2021 15:00:00,Federal Entities,11,113596,10.000000000000000,100207,5.000000000000000,3277
140,7/21/2021 15:00:00,Federal Entities,4,113600,3.000000000000000,100210,,3277
141,7/22/2021 15:00:00,Federal Entities,27,113627,35.000000000000000,100245,,3277
142,7/23/2021 15:00:00,Federal Entities,12,113639,13.000000000000000,100258,,3277
143,7/25/2021 15:00:00,Federal Entities,19,113658,7.000000000000000,100265,,3277
144,7/28/2021 15:00:00,Federal Entities,,113658,1.000000000000000,100266,,3277
145,7/29/2021 15:00:00,Federal Entities,33,113691,11.000000000000000,100277,,3277
146,7/30/2021 15:00:00,Federal Entities,3,113694,2.000000000000000,100279,,3277
147,7/31/2021 15:00:00,Federal Entities,61,113755,24.000000000000000,100303,3.000000000000000,3280
148,8/1/2021 15:00:00,Federal Entities,1,113756,,100303,,3280
149,8/3/2021 15:00:00,Federal Entities,3,113759,,100303,,3280
150,8/5/2021 15:00:00,Federal Entities,35,113794,15.000000000000000,100318,,3280
151,8/6/2021 15:00:00,Federal Entities,,113794,30.000000000000000,100348,,3280
152,8/7/2021 15:00:00,Federal Entities,,113794,15.000000000000000,100363,,3280
153,8/8/2021 15:00:00,Federal Entities,69,113863,26.000000000000000,100389,,3280
154,8/10/2021 15:00:00,Federal Entities,1,113864,2.000000000000000,100391,,3280
155,8/11/2021 15:00:00,Federal Entities,3,113867,,100391,1.000000000000000,3281
156,8/12/2021 15:00:00,Federal Entities,1948,115815,201.000000000000000,100592,,3281
157,8/13/2021 15:00:00,Federal Entities,7,115822,5.000000000000000,100597,,3281
158,8/14/2021 15:00:00,Federal Entities,38,115860,17.000000000000000,100614,,3281
159,8/17/2021 15:00:00,Federal Entities,9,115869,1.000000000000000,100615,,3281
160,8/18/2021 15:00:00,Federal Entities,1,115870,,100615,,3281
161,8/19/2021 15:00:00,Federal Entities,25,115895,24.000000000000000,100639,1.000000000000000,3282
162,8/20/2021 15:00:00,Federal Entities,21,115916,9.000000000000000,100648,4.000000000000000,3286
163,8/21/2021 15:00:00,Federal Entities,72,115988,44.000000000000000,100692,,3286
164,8/22/2021 15:00:00,Federal Entities,6,115994,3.000000000000000,100695,,3286
165,12/15/2020 15:00:00,Unknown,1,1,,0,,0
166,12/17/2020 15:00:00,Unknown,1,2,,0,,0
167,12/18/2020 15:00:00,Unknown,76,78,1.000000000000000,1,,0
168,12/19/2020 15:00:00,Unknown,1,79,,1,,0
169,12/20/2020 15:00:00,Unknown,1,80,,1,,0
170,12/21/2020 15:00:00,Unknown,41,121,,1,,0
171,12/22/2020 15:00:00,Unknown,11,132,,1,,0
172,12/23/2020 15:00:00,Unknown,3,135,,1,,0
173,12/24/2020 15:00:00,Unknown,4,139,,1,,0
174,12/28/2020 15:00:00,Unknown,11,150,,1,,0
175,12/29/2020 15:00:00,Unknown,5,155,,1,,0
176,12/30/2020 15:00:00,Unknown,5,160,,1,,0
177,12/31/2020 15:00:00,Unknown,2,162,,1,,0
178,1/1/2021 15:00:00,Unknown,5,167,,1,,0
179,1/2/2021 15:00:00,Unknown,2,169,,1,,0
180,1/3/2021 15:00:00,Unknown,2,171,,1,,0
181,1/4/2021 15:00:00,Unknown,13,184,,1,,0
182,1/5/2021 15:00:00,Unknown,8,192,1.000000000000000,2,,0
183,1/6/2021 15:00:00,Unknown,13,205,3.000000000000000,5,,0
184,1/7/2021 15:00:00,Unknown,14,219,3.000000000000000,8,,0
185,1/8/2021 15:00:00,Unknown,8011,8230,75.000000000000000,83,,0
186,1/9/2021 15:00:00,Unknown,3,8233,2.000000000000000,85,,0
187,1/10/2021 15:00:00,Unknown,1,8234,,85,,0
188,1/11/2021 15:00:00,Unknown,4,8238,6.000000000000000,91,,0
189,1/12/2021 15:00:00,Unknown,4,8242,37.000000000000000,128,,0
190,1/13/2021 15:00:00,Unknown,7,8249,1.000000000000000,129,,0
191,1/14/2021 15:00:00,Unknown,6,8255,2.000000000000000,131,,0
192,1/15/2021 15:00:00,Unknown,27,8282,,131,,0
193,1/16/2021 15:00:00,Unknown,6,8288,1.000000000000000,132,,0
194,1/17/2021 15:00:00,Unknown,2,8290,,132,,0
195,1/18/2021 15:00:00,Unknown,5,8295,,132,,0
196,1/19/2021 15:00:00,Unknown,6,8301,1.000000000000000,133,,0
197,1/20/2021 15:00:00,Unknown,43,8344,2.000000000000000,135,,0
198,1/21/2021 15:00:00,Unknown,124,8468,6.000000000000000,141,,0
199,1/22/2021 15:00:00,Unknown,221,8689,2.000000000000000,143,,0
200,1/23/2021 15:00:00,Unknown,117,8806,1.000000000000000,144,,0
201,1/24/2021 15:00:00,Unknown,17,8823,2.000000000000000,146,,0
202,1/25/2021 15:00:00,Unknown,20,8843,9.000000000000000,155,,0
203,1/26/2021 15:00:00,Unknown,183,9026,4.000000000000000,159,,0
204,1/27/2021 15:00:00,Unknown,42,9068,6.000000000000000,165,,0
205,1/28/2021 15:00:00,Unknown,24,9092,4.000000000000000,169,,0
206,1/29/2021 15:00:00,Unknown,101,9193,2.000000000000000,171,,0
207,1/30/2021 15:00:00,Unknown,8,9201,,171,,0
208,1/31/2021 15:00:00,Unknown,3,9204,,171,,0
209,2/1/2021 15:00:00,Unknown,16,9220,9.000000000000000,180,,0
210,2/24/2021 15:00:00,Female,10440,505002,14872.000000000000000,280668,,0
211,2/25/2021 15:00:00,Female,11866,516868,15986.000000000000000,296654,,0
212,2/26/2021 15:00:00,Female,15677,532545,16003.000000000000000,312657,,0
213,2/27/2021 15:00:00,Female,9417,541962,7018.000000000000000,319675,,0
214,2/28/2021 15:00:00,Female,9118,551080,2978.000000000000000,322653,,0
215,3/1/2021 15:00:00,Female,14286,565366,7290.000000000000000,329943,,0
216,3/2/2021 15:00:00,Female,13545,578911,7706.000000000000000,337649,14.000000000000000,14
217,3/3/2021 15:00:00,Female,16827,595738,11063.000000000000000,348712,74.000000000000000,88
218,3/4/2021 15:00:00,Female,17370,613108,10797.000000000000000,359509,2271.000000000000000,2359
219,3/5/2021 15:00:00,Female,16629,629737,11848.000000000000000,371357,2660.000000000000000,5019
220,3/6/2021 15:00:00,Female,10099,639836,5485.000000000000000,376842,3288.000000000000000,8307
221,3/7/2021 15:00:00,Female,6690,646526,2764.000000000000000,379606,3745.000000000000000,12052
222,3/8/2021 15:00:00,Female,14006,660532,4923.000000000000000,384529,4471.000000000000000,16523
223,3/9/2021 15:00:00,Female,14322,674854,8854.000000000000000,393383,4337.000000000000000,20860
224,3/10/2021 15:00:00,Female,16576,691430,9566.000000000000000,402949,4184.000000000000000,25044
225,3/11/2021 15:00:00,Female,19494,710924,9836.000000000000000,412785,2299.000000000000000,27343
226,3/12/2021 15:00:00,Female,20430,731354,10697.000000000000000,423482,1651.000000000000000,28994
227,3/13/2021 15:00:00,Female,12453,743807,5902.000000000000000,429384,841.000000000000000,29835
228,3/14/2021 15:00:00,Female,9565,753372,3909.000000000000000,433293,521.000000000000000,30356
229,3/15/2021 15:00:00,Female,15964,769336,6485.000000000000000,439778,330.000000000000000,30686
230,3/16/2021 15:00:00,Female,17627,786963,7747.000000000000000,447525,385.000000000000000,31071
231,3/17/2021 15:00:00,Female,20257,807220,9921.000000000000000,457446,611.000000000000000,31682
232,3/18/2021 15:00:00,Female,21977,829197,7207.000000000000000,464653,718.000000000000000,32400
233,3/19/2021 15:00:00,Female,20554,849751,8884.000000000000000,473537,572.000000000000000,32972
234,3/20/2021 15:00:00,Female,13250,863001,5894.000000000000000,479431,400.000000000000000,33372
235,3/21/2021 15:00:00,Female,10074,873075,4461.000000000000000,483892,160.000000000000000,33532
236,3/22/2021 15:00:00,Female,17558,890633,6296.000000000000000,490188,453.000000000000000,33985
237,3/23/2021 15:00:00,Female,19807,910440,9844.000000000000000,500032,840.000000000000000,34825
238,3/24/2021 15:00:00,Female,21357,931797,12206.000000000000000,512238,752.000000000000000,35577
239,3/25/2021 15:00:00,Female,22243,954040,12085.000000000000000,524323,1156.000000000000000,36733
240,3/26/2021 15:00:00,Female,19345,973385,15246.000000000000000,539569,1218.000000000000000,37951
241,3/27/2021 15:00:00,Female,14438,987823,9601.000000000000000,549170,1355.000000000000000,39306
242,3/28/2021 15:00:00,Female,8947,996770,7033.000000000000000,556203,824.000000000000000,40130
243,3/29/2021 15:00:00,Female,15715,1012485,14640.000000000000000,570843,597.000000000000000,40727
244,3/30/2021 15:00:00,Female,20764,1033249,16402.000000000000000,587245,993.000000000000000,41720
245,3/31/2021 15:00:00,Female,21386,1054635,19318.000000000000000,606563,2947.000000000000000,44667
246,4/1/2021 15:00:00,Female,21009,1075644,21255.000000000000000,627818,2867.000000000000000,47534
247,4/2/2021 15:00:00,Female,18135,1093779,18137.000000000000000,645955,3116.000000000000000,50650
248,4/3/2021 15:00:00,Female,11359,1105138,10349.000000000000000,656304,2366.000000000000000,53016
249,4/4/2021 15:00:00,Female,4353,1109491,5491.000000000000000,661795,463.000000000000000,53479
250,4/5/2021 15:00:00,Female,14719,1124210,15749.000000000000000,677544,3343.000000000000000,56822
251,4/6/2021 15:00:00,Female,20521,1144731,16315.000000000000000,693859,5344.000000000000000,62166
252,4/7/2021 15:00:00,Female,18637,1163368,18571.000000000000000,712430,6569.000000000000000,68735
253,4/8/2021 15:00:00,Female,21860,1185228,19577.000000000000000,732007,6788.000000000000000,75523
254,4/9/2021 15:00:00,Female,17899,1203127,19886.000000000000000,751893,7217.000000000000000,82740
255,4/10/2021 15:00:00,Female,12357,1215484,12626.000000000000000,764519,3821.000000000000000,86561
256,4/11/2021 15:00:00,Female,9066,1224550,7114.000000000000000,771633,4952.000000000000000,91513
257,4/12/2021 15:00:00,Female,12529,1237079,17634.000000000000000,789267,5336.000000000000000,96849
258,4/13/2021 15:00:00,Female,21743,1258822,19194.000000000000000,808461,152.000000000000000,97001
259,4/14/2021 15:00:00,Female,20306,1279128,20092.000000000000000,828553,103.000000000000000,97104
260,4/15/2021 15:00:00,Female,20642,1299770,20408.000000000000000,848961,74.000000000000000,97178
261,4/16/2021 15:00:00,Female,18573,1318343,20370.000000000000000,869331,9.000000000000000,97187
262,4/17/2021 15:00:00,Female,16221,1334564,10963.000000000000000,880294,3.000000000000000,97190
263,4/18/2021 15:00:00,Female,10144,1344708,8369.000000000000000,888663,3.000000000000000,97193
264,4/19/2021 15:00:00,Female,14315,1359023,18180.000000000000000,906843,30.000000000000000,97223
265,4/20/2021 15:00:00,Female,14640,1373663,22148.000000000000000,928991,14.000000000000000,97237
266,4/21/2021 15:00:00,Female,19143,1392806,23534.000000000000000,952525,3.000000000000000,97240
267,4/22/2021 15:00:00,Female,17495,1410301,21618.000000000000000,974143,3.000000000000000,97243
268,4/23/2021 15:00:00,Female,15970,1426271,20820.000000000000000,994963,3.000000000000000,97246
269,4/24/2021 15:00:00,Female,12860,1439131,14795.000000000000000,1009758,19.000000000000000,97265
270,4/25/2021 15:00:00,Female,9302,1448433,4478.000000000000000,1014236,13.000000000000000,97278
271,4/26/2021 15:00:00,Female,12608,1461041,16281.000000000000000,1030517,93.000000000000000,97371
272,4/27/2021 15:00:00,Female,13276,1474317,17084.000000000000000,1047601,396.000000000000000,97767
273,4/28/2021 15:00:00,Female,14391,1488708,20269.000000000000000,1067870,499.000000000000000,98266
274,4/29/2021 15:00:00,Female,13458,1502166,19865.000000000000000,1087735,564.000000000000000,98830
275,4/30/2021 15:00:00,Female,14127,1516293,16952.000000000000000,1104687,624.000000000000000,99454
276,5/1/2021 15:00:00,Female,9279,1525572,12661.000000000000000,1117348,355.000000000000000,99809
277,5/2/2021 15:00:00,Female,4411,1529983,7824.000000000000000,1125172,303.000000000000000,100112
278,5/3/2021 15:00:00,Female,6183,1536166,14001.000000000000000,1139173,754.000000000000000,100866
279,5/4/2021 15:00:00,Female,7152,1543318,20001.000000000000000,1159174,653.000000000000000,101519
280,2/2/2021 15:00:00,Unknown,9,9229,7.000000000000000,187,,0
281,2/3/2021 15:00:00,Unknown,65,9294,4.000000000000000,191,,0
282,2/4/2021 15:00:00,Unknown,204,9498,9.000000000000000,200,,0
283,2/5/2021 15:00:00,Unknown,203,9701,10.000000000000000,210,,0
284,2/6/2021 15:00:00,Unknown,78,9779,8002.000000000000000,8212,,0
285,2/7/2021 15:00:00,Unknown,1,9780,2.000000000000000,8214,,0
286,2/8/2021 15:00:00,Unknown,157,9937,6.000000000000000,8220,,0
287,2/9/2021 15:00:00,Unknown,145,10082,6.000000000000000,8226,,0
288,2/10/2021 15:00:00,Unknown,91,10173,84.000000000000000,8310,,0
289,2/11/2021 15:00:00,Unknown,83,10256,106.000000000000000,8416,,0
290,2/12/2021 15:00:00,Unknown,30,10286,87.000000000000000,8503,,0
291,2/13/2021 15:00:00,Unknown,5,10291,,8503,,0
292,2/14/2021 15:00:00,Unknown,1,10292,,8503,,0
293,2/15/2021 15:00:00,Unknown,15,10307,78.000000000000000,8581,,0
294,2/16/2021 15:00:00,Unknown,164,10471,176.000000000000000,8757,,0
295,2/17/2021 15:00:00,Unknown,249,10720,41.000000000000000,8798,,0
296,2/18/2021 15:00:00,Unknown,5,10725,2.000000000000000,8800,,0
297,2/19/2021 15:00:00,Unknown,34,10759,19.000000000000000,8819,,0
298,2/20/2021 15:00:00,Unknown,78,10837,59.000000000000000,8878,,0
299,2/21/2021 15:00:00,Unknown,6,10843,13.000000000000000,8891,,0
300,2/22/2021 15:00:00,Unknown,10,10853,10.000000000000000,8901,,0
301,2/23/2021 15:00:00,Unknown,162,11015,18.000000000000000,8919,,0
302,2/24/2021 15:00:00,Unknown,10,11025,44.000000000000000,8963,,0
303,2/25/2021 15:00:00,Unknown,37,11062,159.000000000000000,9122,,0
304,2/26/2021 15:00:00,Unknown,27,11089,244.000000000000000,9366,,0
305,2/27/2021 15:00:00,Unknown,9,11098,7.000000000000000,9373,,0
306,2/28/2021 15:00:00,Unknown,30,11128,1.000000000000000,9374,,0
307,3/1/2021 15:00:00,Unknown,131,11259,140.000000000000000,9514,,0
308,3/2/2021 15:00:00,Unknown,62,11321,130.000000000000000,9644,,0
309,3/3/2021 15:00:00,Unknown,170,11491,14.000000000000000,9658,,0
310,3/4/2021 15:00:00,Unknown,125,11616,81.000000000000000,9739,2.000000000000000,2
311,3/5/2021 15:00:00,Unknown,138,11754,165.000000000000000,9904,5.000000000000000,7
312,3/6/2021 15:00:00,Unknown,21,11775,4.000000000000000,9908,2.000000000000000,9
313,3/7/2021 15:00:00,Unknown,19,11794,,9908,8.000000000000000,17
314,3/8/2021 15:00:00,Unknown,321,12115,14.000000000000000,9922,3.000000000000000,20
315,3/9/2021 15:00:00,Unknown,354,12469,17.000000000000000,9939,14.000000000000000,34
316,3/10/2021 15:00:00,Unknown,163,12632,84.000000000000000,10023,16.000000000000000,50
317,3/11/2021 15:00:00,Unknown,175,12807,67.000000000000000,10090,2.000000000000000,52
318,3/12/2021 15:00:00,Unknown,176,12983,15.000000000000000,10105,7.000000000000000,59
319,3/13/2021 15:00:00,Unknown,29,13012,4.000000000000000,10109,1.000000000000000,60
320,3/14/2021 15:00:00,Unknown,41,13053,2.000000000000000,10111,1.000000000000000,61
321,3/15/2021 15:00:00,Unknown,502,13555,6.000000000000000,10117,1.000000000000000,62
322,3/16/2021 15:00:00,Unknown,552,14107,152.000000000000000,10269,,62
323,3/17/2021 15:00:00,Unknown,437,14544,232.000000000000000,10501,,62
324,3/18/2021 15:00:00,Unknown,567,15111,23.000000000000000,10524,33.000000000000000,95
325,3/19/2021 15:00:00,Unknown,375,15486,25.000000000000000,10549,3.000000000000000,98
326,3/20/2021 15:00:00,Unknown,94,15580,5.000000000000000,10554,7.000000000000000,105
327,3/21/2021 15:00:00,Unknown,43,15623,76.000000000000000,10630,,105
328,3/22/2021 15:00:00,Unknown,64,15687,116.000000000000000,10746,10.000000000000000,115
329,3/23/2021 15:00:00,Unknown,146,15833,161.000000000000000,10907,10.000000000000000,125
330,3/24/2021 15:00:00,Unknown,599,16432,45.000000000000000,10952,16.000000000000000,141
331,3/25/2021 15:00:00,Unknown,390,16822,10.000000000000000,10962,219.000000000000000,360
332,3/26/2021 15:00:00,Unknown,345,17167,30.000000000000000,10992,267.000000000000000,627
333,3/27/2021 15:00:00,Unknown,32,17199,6.000000000000000,10998,13.000000000000000,640
334,3/28/2021 15:00:00,Unknown,34,17233,21.000000000000000,11019,6.000000000000000,646
335,3/29/2021 15:00:00,Unknown,38,17271,305.000000000000000,11324,29.000000000000000,675
336,3/30/2021 15:00:00,Unknown,70,17341,323.000000000000000,11647,31.000000000000000,706
337,3/31/2021 15:00:00,Unknown,139,17480,144.000000000000000,11791,170.000000000000000,876
338,4/1/2021 15:00:00,Unknown,195,17675,143.000000000000000,11934,49.000000000000000,925
339,4/2/2021 15:00:00,Unknown,261,17936,251.000000000000000,12185,51.000000000000000,976
340,4/3/2021 15:00:00,Unknown,27,17963,32.000000000000000,12217,24.000000000000000,1000
341,4/4/2021 15:00:00,Unknown,2,17965,13.000000000000000,12230,1.000000000000000,1001
342,4/5/2021 15:00:00,Unknown,241,18206,127.000000000000000,12357,62.000000000000000,1063
343,4/6/2021 15:00:00,Unknown,249,18455,317.000000000000000,12674,64.000000000000000,1127
344,4/7/2021 15:00:00,Unknown,161,18616,268.000000000000000,12942,103.000000000000000,1230
345,4/8/2021 15:00:00,Unknown,188,18804,460.000000000000000,13402,93.000000000000000,1323
346,4/9/2021 15:00:00,Unknown,267,19071,141.000000000000000,13543,108.000000000000000,1431
347,4/10/2021 15:00:00,Unknown,28,19099,92.000000000000000,13635,46.000000000000000,1477
348,4/11/2021 15:00:00,Unknown,21,19120,41.000000000000000,13676,21.000000000000000,1498
349,4/12/2021 15:00:00,Unknown,70,19190,402.000000000000000,14078,63.000000000000000,1561
350,4/13/2021 15:00:00,Unknown,106,19296,335.000000000000000,14413,15.000000000000000,1576
351,5/5/2021 15:00:00,Female,9342,1552660,18605.000000000000000,1177779,721.000000000000000,102240
352,5/6/2021 15:00:00,Female,8233,1560893,20289.000000000000000,1198068,656.000000000000000,102896
353,5/7/2021 15:00:00,Female,8443,1569336,17866.000000000000000,1215934,755.000000000000000,103651
354,5/8/2021 15:00:00,Female,5091,1574427,15215.000000000000000,1231149,448.000000000000000,104099
355,5/9/2021 15:00:00,Female,2432,1576859,5841.000000000000000,1236990,241.000000000000000,104340
356,5/10/2021 15:00:00,Female,4224,1581083,14887.000000000000000,1251877,499.000000000000000,104839
357,5/11/2021 15:00:00,Female,6042,1587125,15169.000000000000000,1267046,545.000000000000000,105384
358,5/12/2021 15:00:00,Female,7205,1594330,18840.000000000000000,1285886,721.000000000000000,106105
359,5/13/2021 15:00:00,Female,11179,1605509,16778.000000000000000,1302664,520.000000000000000,106625
360,5/14/2021 15:00:00,Female,12362,1617871,14438.000000000000000,1317102,698.000000000000000,107323
361,5/15/2021 15:00:00,Female,10703,1628574,11637.000000000000000,1328739,568.000000000000000,107891
362,5/16/2021 15:00:00,Female,4495,1633069,8690.000000000000000,1337429,402.000000000000000,108293
363,5/17/2021 15:00:00,Female,8146,1641215,12813.000000000000000,1350242,711.000000000000000,109004
364,5/18/2021 15:00:00,Female,10695,1651910,15150.000000000000000,1365392,712.000000000000000,109716
365,5/19/2021 15:00:00,Female,13905,1665815,15870.000000000000000,1381262,602.000000000000000,110318
366,5/20/2021 15:00:00,Female,9985,1675800,15843.000000000000000,1397105,695.000000000000000,111013
367,5/21/2021 15:00:00,Female,9806,1685606,15235.000000000000000,1412340,607.000000000000000,111620
368,5/22/2021 15:00:00,Female,7996,1693602,9564.000000000000000,1421904,435.000000000000000,112055
369,5/23/2021 15:00:00,Female,4186,1697788,5557.000000000000000,1427461,342.000000000000000,112397
370,5/24/2021 15:00:00,Female,6463,1704251,8201.000000000000000,1435662,531.000000000000000,112928
371,5/25/2021 15:00:00,Female,6489,1710740,9387.000000000000000,1445049,509.000000000000000,113437
372,5/26/2021 15:00:00,Female,9216,1719956,9639.000000000000000,1454688,527.000000000000000,113964
373,5/27/2021 15:00:00,Female,5843,1725799,8977.000000000000000,1463665,405.000000000000000,114369
374,5/28/2021 15:00:00,Female,6266,1732065,9553.000000000000000,1473218,532.000000000000000,114901
375,5/29/2021 15:00:00,Female,4459,1736524,5410.000000000000000,1478628,316.000000000000000,115217
376,5/30/2021 15:00:00,Female,2394,1738918,3051.000000000000000,1481679,177.000000000000000,115394
377,5/31/2021 15:00:00,Female,782,1739700,1755.000000000000000,1483434,106.000000000000000,115500
378,6/1/2021 15:00:00,Female,4846,1744546,8283.000000000000000,1491717,402.000000000000000,115902
379,6/2/2021 15:00:00,Female,5289,1749835,8406.000000000000000,1500123,347.000000000000000,116249
380,6/3/2021 15:00:00,Female,4040,1753875,10786.000000000000000,1510909,381.000000000000000,116630
381,6/4/2021 15:00:00,Female,4391,1758266,11214.000000000000000,1522123,421.000000000000000,117051
382,6/5/2021 15:00:00,Female,3537,1761803,9816.000000000000000,1531939,248.000000000000000,117299
383,6/6/2021 15:00:00,Female,1735,1763538,3608.000000000000000,1535547,142.000000000000000,117441
384,6/7/2021 15:00:00,Female,3510,1767048,7856.000000000000000,1543403,285.000000000000000,117726
385,6/8/2021 15:00:00,Female,3518,1770566,9969.000000000000000,1553372,313.000000000000000,118039
386,6/9/2021 15:00:00,Female,4191,1774757,12237.000000000000000,1565609,363.000000000000000,118402
387,6/10/2021 15:00:00,Female,3737,1778494,9729.000000000000000,1575338,341.000000000000000,118743
388,6/11/2021 15:00:00,Female,3781,1782275,9221.000000000000000,1584559,426.000000000000000,119169
389,6/12/2021 15:00:00,Female,2615,1784890,7330.000000000000000,1591889,213.000000000000000,119382
390,6/13/2021 15:00:00,Female,951,1785841,3673.000000000000000,1595562,137.000000000000000,119519
391,6/14/2021 15:00:00,Female,2917,1788758,6016.000000000000000,1601578,281.000000000000000,119800
392,6/15/2021 15:00:00,Female,2985,1791743,7224.000000000000000,1608802,341.000000000000000,120141
393,6/16/2021 15:00:00,Female,3488,1795231,9142.000000000000000,1617944,288.000000000000000,120429
394,6/17/2021 15:00:00,Female,3567,1798798,6276.000000000000000,1624220,288.000000000000000,120717
395,6/18/2021 15:00:00,Female,3509,1802307,6378.000000000000000,1630598,267.000000000000000,120984
396,6/19/2021 15:00:00,Female,2306,1804613,4461.000000000000000,1635059,220.000000000000000,121204
397,6/20/2021 15:00:00,Female,1136,1805749,2294.000000000000000,1637353,116.000000000000000,121320
398,6/21/2021 15:00:00,Female,2861,1808610,2693.000000000000000,1640046,229.000000000000000,121549
399,6/22/2021 15:00:00,Female,2653,1811263,4571.000000000000000,1644617,235.000000000000000,121784
400,6/23/2021 15:00:00,Female,3200,1814463,5151.000000000000000,1649768,257.000000000000000,122041
401,6/24/2021 15:00:00,Female,3038,1817501,4038.000000000000000,1653806,249.000000000000000,122290
402,6/25/2021 15:00:00,Female,3035,1820536,4322.000000000000000,1658128,259.000000000000000,122549
403,6/26/2021 15:00:00,Female,1893,1822429,3137.000000000000000,1661265,131.000000000000000,122680
404,6/27/2021 15:00:00,Female,1271,1823700,1660.000000000000000,1662925,54.000000000000000,122734
405,6/28/2021 15:00:00,Female,2453,1826153,3036.000000000000000,1665961,186.000000000000000,122920
406,6/29/2021 15:00:00,Female,2653,1828806,3372.000000000000000,1669333,207.000000000000000,123127
407,6/30/2021 15:00:00,Female,2968,1831774,3781.000000000000000,1673114,230.000000000000000,123357
408,7/1/2021 15:00:00,Female,2664,1834438,3450.000000000000000,1676564,187.000000000000000,123544
409,7/2/2021 15:00:00,Female,2751,1837189,3431.000000000000000,1679995,195.000000000000000,123739
410,7/3/2021 15:00:00,Female,1610,1838799,2022.000000000000000,1682017,88.000000000000000,123827
411,7/4/2021 15:00:00,Female,190,1838989,216.000000000000000,1682233,29.000000000000000,123856
412,7/5/2021 15:00:00,Female,1962,1840951,2029.000000000000000,1684262,103.000000000000000,123959
413,7/6/2021 15:00:00,Female,2387,1843338,3238.000000000000000,1687500,154.000000000000000,124113
414,7/7/2021 15:00:00,Female,2382,1845720,3307.000000000000000,1690807,147.000000000000000,124260
415,7/8/2021 15:00:00,Female,2550,1848270,3119.000000000000000,1693926,210.000000000000000,124470
416,7/9/2021 15:00:00,Female,2742,1851012,3381.000000000000000,1697307,205.000000000000000,124675
417,7/10/2021 15:00:00,Female,1716,1852728,2183.000000000000000,1699490,117.000000000000000,124792
418,7/11/2021 15:00:00,Female,1210,1853938,1213.000000000000000,1700703,61.000000000000000,124853
419,7/12/2021 15:00:00,Female,2348,1856286,2669.000000000000000,1703372,133.000000000000000,124986
420,7/13/2021 15:00:00,Female,2478,1858764,2413.000000000000000,1705785,116.000000000000000,125102
421,7/14/2021 15:00:00,Female,2449,1861213,2760.000000000000000,1708545,122.000000000000000,125224
422,7/15/2021 15:00:00,Female,2519,1863732,2644.000000000000000,1711189,114.000000000000000,125338
423,7/16/2021 15:00:00,Female,2852,1866584,2790.000000000000000,1713979,124.000000000000000,125462
424,7/17/2021 15:00:00,Female,1645,1868229,1703.000000000000000,1715682,98.000000000000000,125560
425,7/18/2021 15:00:00,Female,1021,1869250,1031.000000000000000,1716713,36.000000000000000,125596
426,7/19/2021 15:00:00,Female,2745,1871995,2394.000000000000000,1719107,149.000000000000000,125745
427,7/20/2021 15:00:00,Female,2751,1874746,2457.000000000000000,1721564,138.000000000000000,125883
428,7/21/2021 15:00:00,Female,2902,1877648,2543.000000000000000,1724107,143.000000000000000,126026
429,7/22/2021 15:00:00,Female,3033,1880681,2484.000000000000000,1726591,142.000000000000000,126168
430,7/23/2021 15:00:00,Female,3511,1884192,2587.000000000000000,1729178,165.000000000000000,126333
431,7/24/2021 15:00:00,Female,2068,1886260,1624.000000000000000,1730802,76.000000000000000,126409
432,7/25/2021 15:00:00,Female,1537,1887797,540.000000000000000,1731342,42.000000000000000,126451
433,7/26/2021 15:00:00,Female,3198,1890995,2082.000000000000000,1733424,150.000000000000000,126601
434,7/27/2021 15:00:00,Female,3212,1894207,2198.000000000000000,1735622,144.000000000000000,126745
435,7/28/2021 15:00:00,Female,3479,1897686,2161.000000000000000,1737783,138.000000000000000,126883
436,7/29/2021 15:00:00,Female,3499,1901185,2166.000000000000000,1739949,161.000000000000000,127044
437,7/30/2021 15:00:00,Female,3836,1905021,2409.000000000000000,1742358,189.000000000000000,127233
438,7/31/2021 15:00:00,Female,2291,1907312,1508.000000000000000,1743866,86.000000000000000,127319
439,8/1/2021 15:00:00,Female,1649,1908961,1026.000000000000000,1744892,55.000000000000000,127374
440,8/2/2021 15:00:00,Female,3521,1912482,1921.000000000000000,1746813,122.000000000000000,127496
441,8/3/2021 15:00:00,Female,3512,1915994,2018.000000000000000,1748831,174.000000000000000,127670
442,8/4/2021 15:00:00,Female,3641,1919635,2078.000000000000000,1750909,175.000000000000000,127845
443,8/5/2021 15:00:00,Female,3813,1923448,2187.000000000000000,1753096,176.000000000000000,128021
444,8/6/2021 15:00:00,Female,4157,1927605,2492.000000000000000,1755588,164.000000000000000,128185
445,8/7/2021 15:00:00,Female,2520,1930125,1369.000000000000000,1756957,80.000000000000000,128265
446,8/8/2021 15:00:00,Female,1828,1931953,980.000000000000000,1757937,49.000000000000000,128314
447,8/9/2021 15:00:00,Female,3471,1935424,2401.000000000000000,1760338,148.000000000000000,128462
448,8/10/2021 15:00:00,Female,3625,1939049,2223.000000000000000,1762561,138.000000000000000,128600
449,8/11/2021 15:00:00,Female,3581,1942630,2323.000000000000000,1764884,161.000000000000000,128761
450,8/12/2021 15:00:00,Female,3433,1946063,2360.000000000000000,1767244,190.000000000000000,128951
451,8/13/2021 15:00:00,Female,3638,1949701,2789.000000000000000,1770033,139.000000000000000,129090
452,8/14/2021 15:00:00,Female,2382,1952083,1630.000000000000000,1771663,84.000000000000000,129174
453,8/15/2021 15:00:00,Female,1527,1953610,1329.000000000000000,1772992,65.000000000000000,129239
454,8/16/2021 15:00:00,Female,2712,1956322,2619.000000000000000,1775611,118.000000000000000,129357
455,8/17/2021 15:00:00,Female,3353,1959675,2591.000000000000000,1778202,144.000000000000000,129501
456,8/18/2021 15:00:00,Female,3281,1962956,2687.000000000000000,1780889,171.000000000000000,129672
457,8/19/2021 15:00:00,Female,2968,1965924,2700.000000000000000,1783589,147.000000000000000,129819
458,8/20/2021 15:00:00,Female,3426,1969350,3171.000000000000000,1786760,154.000000000000000,129973
459,8/21/2021 15:00:00,Female,2051,1971401,1829.000000000000000,1788589,83.000000000000000,130056
460,8/22/2021 15:00:00,Female,1230,1972631,1364.000000000000000,1789953,20.000000000000000,130076
461,8/23/2021 15:00:00,Female,1029,1973660,1122.000000000000000,1791075,87.000000000000000,130163
462,12/14/2020 15:00:00,Male,5,5,,0,,0
463,12/15/2020 15:00:00,Male,12,17,1.000000000000000,1,,0
464,12/16/2020 15:00:00,Male,237,254,,1,,0
465,12/17/2020 15:00:00,Male,368,622,,1,,0
466,12/18/2020 15:00:00,Male,982,1604,1.000000000000000,2,,0
467,12/19/2020 15:00:00,Male,343,1947,,2,,0
468,12/20/2020 15:00:00,Male,101,2048,2.000000000000000,4,,0
469,12/21/2020 15:00:00,Male,1309,3357,3.000000000000000,7,,0
470,12/22/2020 15:00:00,Male,2117,5474,1.000000000000000,8,,0
471,12/23/2020 15:00:00,Male,1821,7295,9.000000000000000,17,,0
472,12/24/2020 15:00:00,Male,943,8238,3.000000000000000,20,,0
473,12/25/2020 15:00:00,Male,305,8543,,20,,0
474,12/26/2020 15:00:00,Male,607,9150,1.000000000000000,21,,0
475,12/27/2020 15:00:00,Male,532,9682,2.000000000000000,23,,0
476,12/28/2020 15:00:00,Male,2712,12394,8.000000000000000,31,,0
477,12/29/2020 15:00:00,Male,3550,15944,2.000000000000000,33,,0
478,12/30/2020 15:00:00,Male,4199,20143,12.000000000000000,45,,0
479,12/31/2020 15:00:00,Male,2687,22830,9.000000000000000,54,,0
480,1/1/2021 15:00:00,Male,683,23513,15.000000000000000,69,,0
481,1/2/2021 15:00:00,Male,897,24410,15.000000000000000,84,,0
482,1/3/2021 15:00:00,Male,1020,25430,35.000000000000000,119,,0
483,1/4/2021 15:00:00,Male,4518,29948,96.000000000000000,215,,0
484,1/5/2021 15:00:00,Male,4185,34133,158.000000000000000,373,,0
485,1/6/2021 15:00:00,Male,5397,39530,306.000000000000000,679,,0
486,1/7/2021 15:00:00,Male,5133,44663,587.000000000000000,1266,,0
487,1/8/2021 15:00:00,Male,5316,49979,885.000000000000000,2151,,0
488,1/9/2021 15:00:00,Male,1739,51718,292.000000000000000,2443,,0
489,1/10/2021 15:00:00,Male,1073,52791,114.000000000000000,2557,,0
490,1/11/2021 15:00:00,Male,5105,57896,1177.000000000000000,3734,,0
491,1/12/2021 15:00:00,Male,6751,64647,1818.000000000000000,5552,,0
492,1/13/2021 15:00:00,Male,6815,71462,1172.000000000000000,6724,,0
493,4/14/2021 15:00:00,Unknown,142,19438,303.000000000000000,14716,,1576
494,4/15/2021 15:00:00,Unknown,192,19630,234.000000000000000,14950,1.000000000000000,1577
495,4/16/2021 15:00:00,Unknown,243,19873,262.000000000000000,15212,,1577
496,4/17/2021 15:00:00,Unknown,211,20084,30.000000000000000,15242,,1577
497,4/18/2021 15:00:00,Unknown,116,20200,31.000000000000000,15273,,1577
498,4/19/2021 15:00:00,Unknown,81,20281,22.000000000000000,15295,,1577
499,4/20/2021 15:00:00,Unknown,125,20406,73.000000000000000,15368,,1577
500,4/21/2021 15:00:00,Unknown,142,20548,568.000000000000000,15936,,1577
501,4/22/2021 15:00:00,Unknown,146,20694,363.000000000000000,16299,,1577
502,4/23/2021 15:00:00,Unknown,130,20824,395.000000000000000,16694,,1577
503,4/24/2021 15:00:00,Unknown,47,20871,29.000000000000000,16723,,1577
504,4/25/2021 15:00:00,Unknown,73,20944,7.000000000000000,16730,,1577
505,4/26/2021 15:00:00,Unknown,83,21027,33.000000000000000,16763,12.000000000000000,1589
506,4/27/2021 15:00:00,Unknown,86,21113,37.000000000000000,16800,21.000000000000000,1610
507,4/28/2021 15:00:00,Unknown,89,21202,97.000000000000000,16897,22.000000000000000,1632
508,4/29/2021 15:00:00,Unknown,52,21254,145.000000000000000,17042,12.000000000000000,1644
509,4/30/2021 15:00:00,Unknown,164,21418,164.000000000000000,17206,18.000000000000000,1662
510,5/1/2021 15:00:00,Unknown,80,21498,18.000000000000000,17224,3.000000000000000,1665
511,5/2/2021 15:00:00,Unknown,20,21518,17.000000000000000,17241,,1665
512,5/3/2021 15:00:00,Unknown,60,21578,222.000000000000000,17463,14.000000000000000,1679
513,5/4/2021 15:00:00,Unknown,34,21612,249.000000000000000,17712,9.000000000000000,1688
514,5/5/2021 15:00:00,Unknown,87,21699,161.000000000000000,17873,14.000000000000000,1702
515,5/6/2021 15:00:00,Unknown,75,21774,167.000000000000000,18040,10.000000000000000,1712
516,5/7/2021 15:00:00,Unknown,86,21860,242.000000000000000,18282,12.000000000000000,1724
517,5/8/2021 15:00:00,Unknown,32,21892,36.000000000000000,18318,8.000000000000000,1732
518,5/9/2021 15:00:00,Unknown,22,21914,20.000000000000000,18338,,1732
519,5/10/2021 15:00:00,Unknown,32,21946,65.000000000000000,18403,9.000000000000000,1741
520,5/11/2021 15:00:00,Unknown,33,21979,78.000000000000000,18481,8.000000000000000,1749
521,5/12/2021 15:00:00,Unknown,41,22020,114.000000000000000,18595,8.000000000000000,1757
522,5/13/2021 15:00:00,Unknown,56,22076,161.000000000000000,18756,16.000000000000000,1773
523,5/14/2021 15:00:00,Unknown,81,22157,225.000000000000000,18981,16.000000000000000,1789
524,5/15/2021 15:00:00,Unknown,23,22180,171.000000000000000,19152,13.000000000000000,1802
525,5/16/2021 15:00:00,Unknown,9,22189,90.000000000000000,19242,3.000000000000000,1805
526,5/17/2021 15:00:00,Unknown,26,22215,64.000000000000000,19306,30.000000000000000,1835
527,5/18/2021 15:00:00,Unknown,33,22248,104.000000000000000,19410,24.000000000000000,1859
528,5/19/2021 15:00:00,Unknown,57,22305,144.000000000000000,19554,12.000000000000000,1871
529,5/20/2021 15:00:00,Unknown,134,22439,108.000000000000000,19662,12.000000000000000,1883
530,5/21/2021 15:00:00,Unknown,72,22511,111.000000000000000,19773,11.000000000000000,1894
531,5/22/2021 15:00:00,Unknown,26,22537,32.000000000000000,19805,2.000000000000000,1896
532,5/23/2021 15:00:00,Unknown,22,22559,45.000000000000000,19850,12.000000000000000,1908
533,5/24/2021 15:00:00,Unknown,21,22580,70.000000000000000,19920,19.000000000000000,1927
534,5/25/2021 15:00:00,Unknown,47,22627,55.000000000000000,19975,10.000000000000000,1937
535,5/26/2021 15:00:00,Unknown,35,22662,61.000000000000000,20036,15.000000000000000,1952
536,5/27/2021 15:00:00,Unknown,56,22718,44.000000000000000,20080,11.000000000000000,1963
537,5/28/2021 15:00:00,Unknown,37,22755,118.000000000000000,20198,6.000000000000000,1969
538,5/29/2021 15:00:00,Unknown,12,22767,70.000000000000000,20268,4.000000000000000,1973
539,5/30/2021 15:00:00,Unknown,5,22772,27.000000000000000,20295,1.000000000000000,1974
540,5/31/2021 15:00:00,Unknown,2,22774,3.000000000000000,20298,2.000000000000000,1976
541,6/1/2021 15:00:00,Unknown,25,22799,55.000000000000000,20353,7.000000000000000,1983
542,6/2/2021 15:00:00,Unknown,10,22809,70.000000000000000,20423,7.000000000000000,1990
543,6/3/2021 15:00:00,Unknown,29,22838,78.000000000000000,20501,12.000000000000000,2002
544,6/4/2021 15:00:00,Unknown,31,22869,63.000000000000000,20564,16.000000000000000,2018
545,6/5/2021 15:00:00,Unknown,8,22877,25.000000000000000,20589,1.000000000000000,2019
546,6/6/2021 15:00:00,Unknown,6,22883,10.000000000000000,20599,,2019
547,6/7/2021 15:00:00,Unknown,17,22900,45.000000000000000,20644,2.000000000000000,2021
548,6/8/2021 15:00:00,Unknown,39,22939,19.000000000000000,20663,4.000000000000000,2025
549,6/9/2021 15:00:00,Unknown,29,22968,50.000000000000000,20713,3.000000000000000,2028
550,6/10/2021 15:00:00,Unknown,30,22998,32.000000000000000,20745,5.000000000000000,2033
551,6/11/2021 15:00:00,Unknown,21,23019,70.000000000000000,20815,4.000000000000000,2037
552,6/12/2021 15:00:00,Unknown,18,23037,24.000000000000000,20839,2.000000000000000,2039
553,6/13/2021 15:00:00,Unknown,3,23040,11.000000000000000,20850,2.000000000000000,2041
554,6/14/2021 15:00:00,Unknown,22,23062,11.000000000000000,20861,11.000000000000000,2052
555,6/15/2021 15:00:00,Unknown,44,23106,30.000000000000000,20891,9.000000000000000,2061
556,6/16/2021 15:00:00,Unknown,40,23146,31.000000000000000,20922,7.000000000000000,2068
557,6/17/2021 15:00:00,Unknown,39,23185,115.000000000000000,21037,6.000000000000000,2074
558,6/18/2021 15:00:00,Unknown,75,23260,60.000000000000000,21097,18.000000000000000,2092
559,6/19/2021 15:00:00,Unknown,52,23312,18.000000000000000,21115,4.000000000000000,2096
560,6/20/2021 15:00:00,Unknown,42,23354,11.000000000000000,21126,1.000000000000000,2097
561,6/21/2021 15:00:00,Unknown,30,23384,12.000000000000000,21138,1.000000000000000,2098
562,6/22/2021 15:00:00,Unknown,25,23409,24.000000000000000,21162,1.000000000000000,2099
563,6/23/2021 15:00:00,Unknown,52,23461,23.000000000000000,21185,6.000000000000000,2105
564,6/24/2021 15:00:00,Unknown,59,23520,35.000000000000000,21220,6.000000000000000,2111
565,6/25/2021 15:00:00,Unknown,48,23568,28.000000000000000,21248,1.000000000000000,2112
566,6/26/2021 15:00:00,Unknown,15,23583,6.000000000000000,21254,3.000000000000000,2115
567,6/27/2021 15:00:00,Unknown,76,23659,2.000000000000000,21256,,2115
568,6/28/2021 15:00:00,Unknown,10,23669,10.000000000000000,21266,4.000000000000000,2119
569,6/29/2021 15:00:00,Unknown,25,23694,17.000000000000000,21283,1.000000000000000,2120
570,6/30/2021 15:00:00,Unknown,27,23721,11.000000000000000,21294,1.000000000000000,2121
571,7/1/2021 15:00:00,Unknown,17,23738,17.000000000000000,21311,,2121
572,7/2/2021 15:00:00,Unknown,27,23765,9.000000000000000,21320,2.000000000000000,2123
573,7/3/2021 15:00:00,Unknown,19,23784,4.000000000000000,21324,1.000000000000000,2124
574,7/4/2021 15:00:00,Unknown,20,23804,3.000000000000000,21327,3.000000000000000,2127
575,7/5/2021 15:00:00,Unknown,7,23811,5.000000000000000,21332,,2127
576,7/6/2021 15:00:00,Unknown,49,23860,24.000000000000000,21356,1.000000000000000,2128
577,7/7/2021 15:00:00,Unknown,30,23890,24.000000000000000,21380,3.000000000000000,2131
578,7/8/2021 15:00:00,Unknown,70,23960,10.000000000000000,21390,3.000000000000000,2134
579,7/9/2021 15:00:00,Unknown,76,24036,33.000000000000000,21423,6.000000000000000,2140
580,7/10/2021 15:00:00,Unknown,77,24113,7.000000000000000,21430,6.000000000000000,2146
581,7/11/2021 15:00:00,Unknown,26,24139,19.000000000000000,21449,,2146
582,7/12/2021 15:00:00,Unknown,27,24166,16.000000000000000,21465,6.000000000000000,2152
583,7/13/2021 15:00:00,Unknown,15,24181,6.000000000000000,21471,4.000000000000000,2156
584,7/14/2021 15:00:00,Unknown,32,24213,12.000000000000000,21483,3.000000000000000,2159
585,7/15/2021 15:00:00,Unknown,48,24261,25.000000000000000,21508,3.000000000000000,2162
586,7/16/2021 15:00:00,Unknown,66,24327,48.000000000000000,21556,3.000000000000000,2165
587,7/17/2021 15:00:00,Unknown,24,24351,10.000000000000000,21566,1.000000000000000,2166
588,7/18/2021 15:00:00,Unknown,45,24396,20.000000000000000,21586,,2166
589,7/19/2021 15:00:00,Unknown,33,24429,18.000000000000000,21604,4.000000000000000,2170
590,7/20/2021 15:00:00,Unknown,52,24481,18.000000000000000,21622,8.000000000000000,2178
591,7/21/2021 15:00:00,Unknown,36,24517,40.000000000000000,21662,3.000000000000000,2181
592,7/22/2021 15:00:00,Unknown,37,24554,20.000000000000000,21682,,2181
593,7/23/2021 15:00:00,Unknown,70,24624,31.000000000000000,21713,3.000000000000000,2184
594,7/24/2021 15:00:00,Unknown,43,24667,9.000000000000000,21722,8.000000000000000,2192
595,7/25/2021 15:00:00,Unknown,81,24748,31.000000000000000,21753,,2192
596,7/26/2021 15:00:00,Unknown,24,24772,6.000000000000000,21759,8.000000000000000,2200
597,7/27/2021 15:00:00,Unknown,83,24855,7.000000000000000,21766,9.000000000000000,2209
598,7/28/2021 15:00:00,Unknown,42,24897,12.000000000000000,21778,3.000000000000000,2212
599,7/29/2021 15:00:00,Unknown,51,24948,37.000000000000000,21815,3.000000000000000,2215
600,7/30/2021 15:00:00,Unknown,77,25025,36.000000000000000,21851,7.000000000000000,2222
601,7/31/2021 15:00:00,Unknown,15,25040,,21851,5.000000000000000,2227
602,8/1/2021 15:00:00,Unknown,119,25159,19.000000000000000,21870,,2227
603,8/2/2021 15:00:00,Unknown,35,25194,12.000000000000000,21882,1.000000000000000,2228
604,8/3/2021 15:00:00,Unknown,67,25261,18.000000000000000,21900,9.000000000000000,2237
605,8/4/2021 15:00:00,Unknown,44,25305,20.000000000000000,21920,2.000000000000000,2239
606,8/5/2021 15:00:00,Unknown,109,25414,29.000000000000000,21949,4.000000000000000,2243
607,8/6/2021 15:00:00,Unknown,112,25526,33.000000000000000,21982,2.000000000000000,2245
608,8/7/2021 15:00:00,Unknown,34,25560,7.000000000000000,21989,1.000000000000000,2246
609,8/8/2021 15:00:00,Unknown,54,25614,8.000000000000000,21997,,2246
610,8/9/2021 15:00:00,Unknown,72,25686,19.000000000000000,22016,2.000000000000000,2248
611,8/10/2021 15:00:00,Unknown,80,25766,13.000000000000000,22029,3.000000000000000,2251
612,8/11/2021 15:00:00,Unknown,44,25810,13.000000000000000,22042,6.000000000000000,2257
613,8/12/2021 15:00:00,Unknown,44,25854,21.000000000000000,22063,4.000000000000000,2261
614,8/13/2021 15:00:00,Unknown,56,25910,31.000000000000000,22094,4.000000000000000,2265
615,8/14/2021 15:00:00,Unknown,18,25928,4.000000000000000,22098,1.000000000000000,2266
616,8/16/2021 15:00:00,Unknown,7,25935,4.000000000000000,22102,2.000000000000000,2268
617,8/17/2021 15:00:00,Unknown,24,25959,15.000000000000000,22117,5.000000000000000,2273
618,8/18/2021 15:00:00,Unknown,26,25985,8.000000000000000,22125,6.000000000000000,2279
619,8/19/2021 15:00:00,Unknown,24,26009,15.000000000000000,22140,6.000000000000000,2285
620,8/20/2021 15:00:00,Unknown,21,26030,20.000000000000000,22160,5.000000000000000,2290
621,8/21/2021 15:00:00,Unknown,9,26039,3.000000000000000,22163,,2290
622,8/23/2021 15:00:00,Unknown,10,26049,4.000000000000000,22167,2.000000000000000,2292
623,1/14/2021 15:00:00,Male,6362,77824,648.000000000000000,7372,,0
624,1/15/2021 15:00:00,Male,6291,84115,573.000000000000000,7945,,0
625,1/16/2021 15:00:00,Male,1888,86003,536.000000000000000,8481,,0
626,1/17/2021 15:00:00,Male,639,86642,441.000000000000000,8922,,0
627,1/18/2021 15:00:00,Male,2524,89166,982.000000000000000,9904,,0
628,1/19/2021 15:00:00,Male,6762,95928,1560.000000000000000,11464,,0
629,1/20/2021 15:00:00,Male,8389,104317,1526.000000000000000,12990,,0
630,1/21/2021 15:00:00,Male,9155,113472,1115.000000000000000,14105,,0
631,1/22/2021 15:00:00,Male,10653,124125,1137.000000000000000,15242,,0
632,1/23/2021 15:00:00,Male,3449,127574,587.000000000000000,15829,,0
633,1/24/2021 15:00:00,Male,1245,128819,483.000000000000000,16312,,0
634,1/25/2021 15:00:00,Male,6457,135276,2685.000000000000000,18997,,0
635,1/26/2021 15:00:00,Male,7025,142301,3230.000000000000000,22227,,0
636,1/27/2021 15:00:00,Male,10004,152305,4286.000000000000000,26513,,0
637,1/28/2021 15:00:00,Male,9367,161672,3072.000000000000000,29585,,0
638,1/29/2021 15:00:00,Male,10167,171839,2346.000000000000000,31931,,0
639,1/30/2021 15:00:00,Male,7246,179085,734.000000000000000,32665,,0
640,1/31/2021 15:00:00,Male,1790,180875,509.000000000000000,33174,,0
641,2/1/2021 15:00:00,Male,2820,183695,1669.000000000000000,34843,,0
642,2/2/2021 15:00:00,Male,5454,189149,4974.000000000000000,39817,,0
643,2/3/2021 15:00:00,Male,7683,196832,6918.000000000000000,46735,,0
644,2/4/2021 15:00:00,Male,9074,205906,5647.000000000000000,52382,,0
645,2/5/2021 15:00:00,Male,7900,213806,5659.000000000000000,58041,,0
646,2/6/2021 15:00:00,Male,4843,218649,2157.000000000000000,60198,,0
647,2/7/2021 15:00:00,Male,2320,220969,542.000000000000000,60740,,0
648,2/8/2021 15:00:00,Male,5277,226246,4929.000000000000000,65669,,0
649,2/9/2021 15:00:00,Male,6629,232875,5414.000000000000000,71083,,0
650,2/10/2021 15:00:00,Male,7461,240336,7979.000000000000000,79062,,0
651,2/11/2021 15:00:00,Male,8999,249335,6962.000000000000000,86024,,0
652,2/12/2021 15:00:00,Male,7788,257123,7122.000000000000000,93146,,0
653,2/13/2021 15:00:00,Male,4670,261793,2318.000000000000000,95464,,0
654,2/14/2021 15:00:00,Male,2799,264592,800.000000000000000,96264,,0
655,2/15/2021 15:00:00,Male,4785,269377,4516.000000000000000,100780,,0
656,2/16/2021 15:00:00,Male,6781,276158,8545.000000000000000,109325,,0
657,2/17/2021 15:00:00,Male,7740,283898,10575.000000000000000,119900,,0
658,2/18/2021 15:00:00,Male,1425,285323,1927.000000000000000,121827,,0
659,2/19/2021 15:00:00,Male,4370,289693,7949.000000000000000,129776,,0
660,2/20/2021 15:00:00,Male,4193,293886,7704.000000000000000,137480,,0
661,2/21/2021 15:00:00,Male,2560,296446,3199.000000000000000,140679,,0
662,2/22/2021 15:00:00,Male,3519,299965,6266.000000000000000,146945,,0
663,2/23/2021 15:00:00,Male,6380,306345,6620.000000000000000,153565,,0
664,2/24/2021 15:00:00,Male,7462,313807,10183.000000000000000,163748,,0
665,2/25/2021 15:00:00,Male,8446,322253,10659.000000000000000,174407,,0
666,2/26/2021 15:00:00,Male,11055,333308,10110.000000000000000,184517,,0
667,2/27/2021 15:00:00,Male,6622,339930,4611.000000000000000,189128,,0
668,2/28/2021 15:00:00,Male,6316,346246,1778.000000000000000,190906,,0
669,3/1/2021 15:00:00,Male,10892,357138,4812.000000000000000,195718,,0
670,3/2/2021 15:00:00,Male,10265,367403,5379.000000000000000,201097,15.000000000000000,15
671,3/3/2021 15:00:00,Male,13045,380448,7157.000000000000000,208254,90.000000000000000,105
672,3/4/2021 15:00:00,Male,13486,393934,7137.000000000000000,215391,1790.000000000000000,1895
673,3/5/2021 15:00:00,Male,12671,406605,7230.000000000000000,222621,2235.000000000000000,4130
674,3/6/2021 15:00:00,Male,7586,414191,3363.000000000000000,225984,2693.000000000000000,6823
675,3/7/2021 15:00:00,Male,5330,419521,1991.000000000000000,227975,2855.000000000000000,9678
676,3/8/2021 15:00:00,Male,11776,431297,3715.000000000000000,231690,3807.000000000000000,13485
677,3/9/2021 15:00:00,Male,11624,442921,6411.000000000000000,238101,3987.000000000000000,17472
678,3/10/2021 15:00:00,Male,13294,456215,6161.000000000000000,244262,3740.000000000000000,21212
679,3/11/2021 15:00:00,Male,16446,472661,6401.000000000000000,250663,1731.000000000000000,22943
680,3/12/2021 15:00:00,Male,16486,489147,7208.000000000000000,257871,1253.000000000000000,24196
681,3/13/2021 15:00:00,Male,10063,499210,4228.000000000000000,262099,746.000000000000000,24942
682,3/14/2021 15:00:00,Male,8220,507430,2705.000000000000000,264804,466.000000000000000,25408
683,3/15/2021 15:00:00,Male,13415,520845,4733.000000000000000,269537,258.000000000000000,25666
684,3/16/2021 15:00:00,Male,15346,536191,5538.000000000000000,275075,379.000000000000000,26045
685,3/17/2021 15:00:00,Male,16955,553146,6707.000000000000000,281782,566.000000000000000,26611
686,3/18/2021 15:00:00,Male,18856,572002,5273.000000000000000,287055,598.000000000000000,27209
687,3/19/2021 15:00:00,Male,17289,589291,6579.000000000000000,293634,462.000000000000000,27671
688,3/20/2021 15:00:00,Male,11095,600386,4029.000000000000000,297663,709.000000000000000,28380
689,3/21/2021 15:00:00,Male,8974,609360,3199.000000000000000,300862,163.000000000000000,28543
690,3/22/2021 15:00:00,Male,14936,624296,5091.000000000000000,305953,363.000000000000000,28906
691,3/23/2021 15:00:00,Male,17780,642076,7341.000000000000000,313294,687.000000000000000,29593
692,3/24/2021 15:00:00,Male,19126,661202,8755.000000000000000,322049,603.000000000000000,30196
693,3/25/2021 15:00:00,Male,19782,680984,8792.000000000000000,330841,1138.000000000000000,31334
694,3/26/2021 15:00:00,Male,16859,697843,10949.000000000000000,341790,1016.000000000000000,32350
695,3/27/2021 15:00:00,Male,13328,711171,7181.000000000000000,348971,1397.000000000000000,33747
696,3/28/2021 15:00:00,Male,8017,719188,5468.000000000000000,354439,781.000000000000000,34528
697,3/29/2021 15:00:00,Male,13971,733159,11441.000000000000000,365880,507.000000000000000,35035
698,3/30/2021 15:00:00,Male,19184,752343,12287.000000000000000,378167,821.000000000000000,35856
699,3/31/2021 15:00:00,Male,19498,771841,15240.000000000000000,393407,2622.000000000000000,38478
700,4/1/2021 15:00:00,Male,18884,790725,17922.000000000000000,411329,2647.000000000000000,41125
701,4/2/2021 15:00:00,Male,16421,807146,14207.000000000000000,425536,2913.000000000000000,44038
702,4/3/2021 15:00:00,Male,10150,817296,8178.000000000000000,433714,2034.000000000000000,46072
703,4/4/2021 15:00:00,Male,3898,821194,4604.000000000000000,438318,489.000000000000000,46561
704,4/5/2021 15:00:00,Male,12944,834138,13068.000000000000000,451386,3226.000000000000000,49787
705,4/6/2021 15:00:00,Male,19074,853212,13829.000000000000000,465215,5057.000000000000000,54844
706,4/7/2021 15:00:00,Male,17311,870523,15266.000000000000000,480481,6256.000000000000000,61100
707,4/8/2021 15:00:00,Male,20325,890848,15909.000000000000000,496390,6964.000000000000000,68064
708,4/9/2021 15:00:00,Male,15926,906774,16210.000000000000000,512600,7147.000000000000000,75211
709,4/10/2021 15:00:00,Male,11590,918364,10200.000000000000000,522800,3748.000000000000000,78959
710,4/11/2021 15:00:00,Male,8451,926815,6072.000000000000000,528872,5645.000000000000000,84604
711,4/12/2021 15:00:00,Male,12080,938895,15012.000000000000000,543884,5534.000000000000000,90138
712,4/13/2021 15:00:00,Male,20768,959663,16844.000000000000000,560728,173.000000000000000,90311
713,4/14/2021 15:00:00,Male,19698,979361,17323.000000000000000,578051,103.000000000000000,90414
714,4/15/2021 15:00:00,Male,20363,999724,17603.000000000000000,595654,75.000000000000000,90489
715,4/16/2021 15:00:00,Male,17750,1017474,16997.000000000000000,612651,5.000000000000000,90494
716,4/17/2021 15:00:00,Male,15397,1032871,9697.000000000000000,622348,2.000000000000000,90496
717,4/18/2021 15:00:00,Male,9741,1042612,7724.000000000000000,630072,1.000000000000000,90497
718,4/19/2021 15:00:00,Male,14193,1056805,16227.000000000000000,646299,22.000000000000000,90519
719,4/20/2021 15:00:00,Male,15073,1071878,19602.000000000000000,665901,21.000000000000000,90540
720,4/21/2021 15:00:00,Male,19565,1091443,21436.000000000000000,687337,12.000000000000000,90552
721,4/22/2021 15:00:00,Male,17756,1109199,19287.000000000000000,706624,12.000000000000000,90564
722,4/23/2021 15:00:00,Male,16261,1125460,17995.000000000000000,724619,8.000000000000000,90572
723,4/24/2021 15:00:00,Male,13449,1138909,13687.000000000000000,738306,60.000000000000000,90632
724,4/25/2021 15:00:00,Male,9813,1148722,3878.000000000000000,742184,12.000000000000000,90644
725,4/26/2021 15:00:00,Male,13226,1161948,14655.000000000000000,756839,96.000000000000000,90740
726,4/27/2021 15:00:00,Male,13330,1175278,15788.000000000000000,772627,679.000000000000000,91419
727,4/28/2021 15:00:00,Male,14494,1189772,19020.000000000000000,791647,838.000000000000000,92257
728,4/29/2021 15:00:00,Male,13650,1203422,18346.000000000000000,809993,883.000000000000000,93140
729,4/30/2021 15:00:00,Male,13842,1217264,14811.000000000000000,824804,992.000000000000000,94132
730,5/1/2021 15:00:00,Male,9174,1226438,11477.000000000000000,836281,631.000000000000000,94763
731,5/2/2021 15:00:00,Male,4734,1231172,7245.000000000000000,843526,511.000000000000000,95274
732,5/3/2021 15:00:00,Male,6374,1237546,13247.000000000000000,856773,1135.000000000000000,96409
733,5/4/2021 15:00:00,Male,6971,1244517,19128.000000000000000,875901,1065.000000000000000,97474
734,5/5/2021 15:00:00,Male,9484,1254001,18077.000000000000000,893978,1176.000000000000000,98650
735,5/6/2021 15:00:00,Male,8399,1262400,19126.000000000000000,913104,1040.000000000000000,99690
736,5/7/2021 15:00:00,Male,8579,1270979,16860.000000000000000,929964,1170.000000000000000,100860
737,5/8/2021 15:00:00,Male,5356,1276335,14521.000000000000000,944485,828.000000000000000,101688
738,5/9/2021 15:00:00,Male,2594,1278929,5992.000000000000000,950477,454.000000000000000,102142
739,5/10/2021 15:00:00,Male,4333,1283262,14407.000000000000000,964884,846.000000000000000,102988
740,5/11/2021 15:00:00,Male,6069,1289331,14947.000000000000000,979831,892.000000000000000,103880
741,5/12/2021 15:00:00,Male,6503,1295834,18328.000000000000000,998159,1177.000000000000000,105057
742,5/13/2021 15:00:00,Male,10549,1306383,16408.000000000000000,1014567,815.000000000000000,105872
743,5/14/2021 15:00:00,Male,11561,1317944,14175.000000000000000,1028742,1053.000000000000000,106925
744,5/15/2021 15:00:00,Male,10493,1328437,11437.000000000000000,1040179,943.000000000000000,107868
745,5/16/2021 15:00:00,Male,4532,1332969,8686.000000000000000,1048865,705.000000000000000,108573
746,5/17/2021 15:00:00,Male,8099,1341068,12928.000000000000000,1061793,1195.000000000000000,109768
747,5/18/2021 15:00:00,Male,10347,1351415,15313.000000000000000,1077106,1200.000000000000000,110968
748,5/19/2021 15:00:00,Male,13606,1365021,16268.000000000000000,1093374,1006.000000000000000,111974
749,5/20/2021 15:00:00,Male,9764,1374785,16219.000000000000000,1109593,1253.000000000000000,113227
750,5/21/2021 15:00:00,Male,9255,1384040,14803.000000000000000,1124396,993.000000000000000,114220
751,5/22/2021 15:00:00,Male,7937,1391977,9583.000000000000000,1133979,825.000000000000000,115045
752,5/23/2021 15:00:00,Male,4522,1396499,5763.000000000000000,1139742,603.000000000000000,115648
753,5/24/2021 15:00:00,Male,6438,1402937,8515.000000000000000,1148257,921.000000000000000,116569
754,5/25/2021 15:00:00,Male,6339,1409276,9299.000000000000000,1157556,807.000000000000000,117376
755,5/26/2021 15:00:00,Male,8929,1418205,9693.000000000000000,1167249,965.000000000000000,118341
756,5/27/2021 15:00:00,Male,5349,1423554,8892.000000000000000,1176141,714.000000000000000,119055
757,5/28/2021 15:00:00,Male,5807,1429361,9615.000000000000000,1185756,863.000000000000000,119918
758,5/29/2021 15:00:00,Male,4801,1434162,5757.000000000000000,1191513,607.000000000000000,120525
759,5/30/2021 15:00:00,Male,2490,1436652,3374.000000000000000,1194887,418.000000000000000,120943
760,5/31/2021 15:00:00,Male,775,1437427,1662.000000000000000,1196549,194.000000000000000,121137
761,6/1/2021 15:00:00,Male,4441,1441868,8055.000000000000000,1204604,724.000000000000000,121861
762,6/2/2021 15:00:00,Male,4760,1446628,8260.000000000000000,1212864,602.000000000000000,122463
763,6/3/2021 15:00:00,Male,3828,1450456,10264.000000000000000,1223128,686.000000000000000,123149
764,6/4/2021 15:00:00,Male,3768,1454224,10806.000000000000000,1233934,687.000000000000000,123836
765,6/5/2021 15:00:00,Male,3445,1457669,9475.000000000000000,1243409,468.000000000000000,124304
766,6/6/2021 15:00:00,Male,1725,1459394,3530.000000000000000,1246939,275.000000000000000,124579
767,6/7/2021 15:00:00,Male,3292,1462686,7774.000000000000000,1254713,438.000000000000000,125017
768,6/8/2021 15:00:00,Male,3137,1465823,9630.000000000000000,1264343,499.000000000000000,125516
769,6/9/2021 15:00:00,Male,3888,1469711,11514.000000000000000,1275857,601.000000000000000,126117
770,6/10/2021 15:00:00,Male,3398,1473109,9248.000000000000000,1285105,549.000000000000000,126666
771,6/11/2021 15:00:00,Male,3576,1476685,8245.000000000000000,1293350,687.000000000000000,127353
772,6/12/2021 15:00:00,Male,2588,1479273,7276.000000000000000,1300626,388.000000000000000,127741
773,6/13/2021 15:00:00,Male,978,1480251,3838.000000000000000,1304464,287.000000000000000,128028
774,6/14/2021 15:00:00,Male,2703,1482954,5706.000000000000000,1310170,426.000000000000000,128454
775,6/15/2021 15:00:00,Male,2573,1485527,6978.000000000000000,1317148,491.000000000000000,128945
776,6/16/2021 15:00:00,Male,3108,1488635,8634.000000000000000,1325782,412.000000000000000,129357
777,6/17/2021 15:00:00,Male,3036,1491671,5809.000000000000000,1331591,424.000000000000000,129781
778,6/18/2021 15:00:00,Male,2942,1494613,5629.000000000000000,1337220,403.000000000000000,130184
779,6/19/2021 15:00:00,Male,2132,1496745,4505.000000000000000,1341725,389.000000000000000,130573
780,6/20/2021 15:00:00,Male,1163,1497908,2421.000000000000000,1344146,259.000000000000000,130832
781,6/21/2021 15:00:00,Male,2577,1500485,2436.000000000000000,1346582,401.000000000000000,131233
782,6/22/2021 15:00:00,Male,2475,1502960,4198.000000000000000,1350780,440.000000000000000,131673
783,6/23/2021 15:00:00,Male,2757,1505717,4991.000000000000000,1355771,366.000000000000000,132039
784,6/24/2021 15:00:00,Male,2501,1508218,3713.000000000000000,1359484,328.000000000000000,132367
785,6/25/2021 15:00:00,Male,2575,1510793,3960.000000000000000,1363444,358.000000000000000,132725
786,6/26/2021 15:00:00,Male,1784,1512577,3093.000000000000000,1366537,258.000000000000000,132983
787,6/27/2021 15:00:00,Male,1319,1513896,1681.000000000000000,1368218,126.000000000000000,133109
788,6/28/2021 15:00:00,Male,2096,1515992,2807.000000000000000,1371025,327.000000000000000,133436
789,6/29/2021 15:00:00,Male,2356,1518348,3066.000000000000000,1374091,297.000000000000000,133733
790,6/30/2021 15:00:00,Male,2565,1520913,3532.000000000000000,1377623,364.000000000000000,134097
791,7/1/2021 15:00:00,Male,2226,1523139,3046.000000000000000,1380669,279.000000000000000,134376
792,7/2/2021 15:00:00,Male,2251,1525390,3052.000000000000000,1383721,311.000000000000000,134687
793,7/3/2021 15:00:00,Male,1518,1526908,1899.000000000000000,1385620,167.000000000000000,134854
794,7/4/2021 15:00:00,Male,209,1527117,220.000000000000000,1385840,27.000000000000000,134881
795,7/5/2021 15:00:00,Male,1747,1528864,1897.000000000000000,1387737,176.000000000000000,135057
796,7/6/2021 15:00:00,Male,1997,1530861,2889.000000000000000,1390626,281.000000000000000,135338
797,7/7/2021 15:00:00,Male,2004,1532865,2963.000000000000000,1393589,326.000000000000000,135664
798,7/8/2021 15:00:00,Male,2090,1534955,2801.000000000000000,1396390,340.000000000000000,136004
799,7/9/2021 15:00:00,Male,2354,1537309,2937.000000000000000,1399327,345.000000000000000,136349
800,7/10/2021 15:00:00,Male,1610,1538919,2013.000000000000000,1401340,174.000000000000000,136523
801,7/11/2021 15:00:00,Male,1270,1540189,1176.000000000000000,1402516,155.000000000000000,136678
802,7/12/2021 15:00:00,Male,2020,1542209,2388.000000000000000,1404904,232.000000000000000,136910
803,7/13/2021 15:00:00,Male,2233,1544442,2105.000000000000000,1407009,234.000000000000000,137144
804,7/14/2021 15:00:00,Male,2031,1546473,2338.000000000000000,1409347,285.000000000000000,137429
805,7/15/2021 15:00:00,Male,2215,1548688,2158.000000000000000,1411505,233.000000000000000,137662
806,7/16/2021 15:00:00,Male,2302,1550990,2384.000000000000000,1413889,245.000000000000000,137907
807,7/17/2021 15:00:00,Male,1643,1552633,1697.000000000000000,1415586,194.000000000000000,138101
808,7/18/2021 15:00:00,Male,1083,1553716,1091.000000000000000,1416677,61.000000000000000,138162
809,7/19/2021 15:00:00,Male,2419,1556135,2009.000000000000000,1418686,211.000000000000000,138373
810,7/20/2021 15:00:00,Male,2499,1558634,2173.000000000000000,1420859,208.000000000000000,138581
811,7/21/2021 15:00:00,Male,2612,1561246,2291.000000000000000,1423150,259.000000000000000,138840
812,7/22/2021 15:00:00,Male,2807,1564053,2032.000000000000000,1425182,245.000000000000000,139085
813,7/23/2021 15:00:00,Male,3196,1567249,2192.000000000000000,1427374,314.000000000000000,139399
814,7/24/2021 15:00:00,Male,2137,1569386,1539.000000000000000,1428913,172.000000000000000,139571
815,7/25/2021 15:00:00,Male,1638,1571024,555.000000000000000,1429468,96.000000000000000,139667
816,7/26/2021 15:00:00,Male,2947,1573971,1782.000000000000000,1431250,251.000000000000000,139918
817,7/27/2021 15:00:00,Male,3022,1576993,1820.000000000000000,1433070,282.000000000000000,140200
818,7/28/2021 15:00:00,Male,3206,1580199,1786.000000000000000,1434856,310.000000000000000,140510
819,7/29/2021 15:00:00,Male,3170,1583369,1891.000000000000000,1436747,241.000000000000000,140751
820,7/30/2021 15:00:00,Male,3506,1586875,2005.000000000000000,1438752,316.000000000000000,141067
821,7/31/2021 15:00:00,Male,2288,1589163,1462.000000000000000,1440214,172.000000000000000,141239
822,8/1/2021 15:00:00,Male,1915,1591078,1007.000000000000000,1441221,93.000000000000000,141332
823,8/2/2021 15:00:00,Male,3374,1594452,1678.000000000000000,1442899,206.000000000000000,141538
824,8/3/2021 15:00:00,Male,3286,1597738,1802.000000000000000,1444701,316.000000000000000,141854
825,8/4/2021 15:00:00,Male,3415,1601153,1750.000000000000000,1446451,339.000000000000000,142193
826,8/5/2021 15:00:00,Male,3611,1604764,1853.000000000000000,1448304,350.000000000000000,142543
827,8/6/2021 15:00:00,Male,3942,1608706,2066.000000000000000,1450370,271.000000000000000,142814
828,8/7/2021 15:00:00,Male,2596,1611302,1363.000000000000000,1451733,173.000000000000000,142987
829,8/8/2021 15:00:00,Male,1901,1613203,1003.000000000000000,1452736,90.000000000000000,143077
830,8/9/2021 15:00:00,Male,3322,1616525,2047.000000000000000,1454783,206.000000000000000,143283
831,8/10/2021 15:00:00,Male,3296,1619821,2154.000000000000000,1456937,190.000000000000000,143473
832,8/11/2021 15:00:00,Male,3305,1623126,2005.000000000000000,1458942,261.000000000000000,143734
833,8/12/2021 15:00:00,Male,3066,1626192,2038.000000000000000,1460980,231.000000000000000,143965
834,8/13/2021 15:00:00,Male,3297,1629489,2420.000000000000000,1463400,201.000000000000000,144166
835,8/14/2021 15:00:00,Male,2372,1631861,1617.000000000000000,1465017,160.000000000000000,144326
836,8/15/2021 15:00:00,Male,1659,1633520,1348.000000000000000,1466365,96.000000000000000,144422
837,8/16/2021 15:00:00,Male,2542,1636062,2358.000000000000000,1468723,215.000000000000000,144637
838,8/17/2021 15:00:00,Male,3252,1639314,2452.000000000000000,1471175,217.000000000000000,144854
839,8/18/2021 15:00:00,Male,2973,1642287,2425.000000000000000,1473600,269.000000000000000,145123
840,8/19/2021 15:00:00,Male,2724,1645011,2388.000000000000000,1475988,205.000000000000000,145328
841,8/20/2021 15:00:00,Male,3176,1648187,2825.000000000000000,1478813,220.000000000000000,145548
842,8/21/2021 15:00:00,Male,1922,1650109,1835.000000000000000,1480648,108.000000000000000,145656
843,8/22/2021 15:00:00,Male,1263,1651372,1508.000000000000000,1482156,49.000000000000000,145705
844,8/23/2021 15:00:00,Male,921,1652293,982.000000000000000,1483138,91.000000000000000,145796