OBJECTID,VACCINATION_DATE,AgeRange,FirstDailyDose,FirstDailyDoseCumulative,SecondDailyDose,SecondDailyDoseCumulative,SingleDailyDose,SingleDailyDoseCumulative,CombinedAllDoses,CombinedAllDosesCumulative,FullyVaccinated,FullyVaccinatedCumulative
1,12/22/2020 15:00:00,12-17,7,7,,0,,0,,0,,0
2,12/23/2020 15:00:00,12-17,1,8,,0,,0,,0,,0
3,12/25/2020 15:00:00,12-17,9,17,,0,,0,,0,,0
4,12/27/2020 15:00:00,12-17,1,18,,0,,0,,0,,0
5,12/28/2020 15:00:00,12-17,3,21,,0,,0,,0,,0
6,12/29/2020 15:00:00,12-17,1,22,,0,,0,,0,,0
7,12/30/2020 15:00:00,12-17,3,25,,0,,0,,0,,0
8,12/31/2020 15:00:00,12-17,2,27,,0,,0,,0,,0
9,1/1/2021 15:00:00,12-17,3,30,,0,,0,,0,,0
10,1/2/2021 15:00:00,12-17,1,31,,0,,0,,0,,0
11,1/3/2021 15:00:00,12-17,1,32,1.000000000000000,1,,0,,0,,0
12,1/4/2021 15:00:00,12-17,5,37,,1,,0,,0,,0
13,1/5/2021 15:00:00,12-17,9,46,,1,,0,,0,,0
14,1/6/2021 15:00:00,12-17,14,60,,1,,0,,0,,0
15,1/7/2021 15:00:00,12-17,9,69,,1,,0,,0,,0
16,1/8/2021 15:00:00,12-17,29,98,,1,,0,,0,,0
17,1/9/2021 15:00:00,12-17,5,103,,1,,0,,0,,0
18,1/10/2021 15:00:00,12-17,4,107,,1,,0,,0,,0
19,1/11/2021 15:00:00,12-17,15,122,,1,,0,,0,,0
20,1/12/2021 15:00:00,12-17,24,146,7.000000000000000,8,,0,,0,,0
21,1/13/2021 15:00:00,12-17,16,162,1.000000000000000,9,,0,,0,,0
22,1/14/2021 15:00:00,12-17,10,172,,9,,0,,0,,0
23,1/15/2021 15:00:00,12-17,12,184,8.000000000000000,17,,0,,0,,0
24,1/16/2021 15:00:00,12-17,1,185,,17,,0,,0,,0
25,1/17/2021 15:00:00,12-17,4,189,1.000000000000000,18,,0,,0,,0
26,1/18/2021 15:00:00,12-17,4,193,1.000000000000000,19,,0,,0,,0
27,1/19/2021 15:00:00,12-17,10,203,,19,,0,,0,,0
28,1/20/2021 15:00:00,12-17,10,213,1.000000000000000,20,,0,,0,,0
29,1/21/2021 15:00:00,12-17,13,226,1.000000000000000,21,,0,,0,,0
30,1/22/2021 15:00:00,12-17,13,239,4.000000000000000,25,,0,,0,,0
31,1/23/2021 15:00:00,12-17,12,251,,25,,0,,0,,0
32,1/24/2021 15:00:00,12-17,13,264,1.000000000000000,26,,0,,0,,0
33,1/25/2021 15:00:00,12-17,10,274,4.000000000000000,30,,0,,0,,0
34,1/26/2021 15:00:00,12-17,13,287,7.000000000000000,37,,0,,0,,0
35,1/27/2021 15:00:00,12-17,20,307,9.000000000000000,46,,0,,0,,0
36,1/28/2021 15:00:00,12-17,16,323,8.000000000000000,54,,0,,0,,0
37,1/29/2021 15:00:00,12-17,56,379,24.000000000000000,78,,0,,0,,0
38,1/30/2021 15:00:00,12-17,19,398,3.000000000000000,81,,0,,0,,0
39,1/31/2021 15:00:00,12-17,10,408,3.000000000000000,84,,0,,0,,0
40,2/1/2021 15:00:00,12-17,42,450,4.000000000000000,88,,0,,0,,0
41,2/2/2021 15:00:00,12-17,29,479,10.000000000000000,98,,0,,0,,0
42,2/3/2021 15:00:00,12-17,25,504,12.000000000000000,110,,0,,0,,0
43,2/4/2021 15:00:00,12-17,15,519,12.000000000000000,122,,0,,0,,0
44,2/5/2021 15:00:00,12-17,12,531,12.000000000000000,134,,0,,0,,0
45,2/6/2021 15:00:00,12-17,12,543,5.000000000000000,139,,0,,0,,0
46,2/7/2021 15:00:00,12-17,7,550,2.000000000000000,141,,0,,0,,0
47,2/8/2021 15:00:00,12-17,15,565,10.000000000000000,151,,0,,0,,0
48,2/9/2021 15:00:00,12-17,12,577,10.000000000000000,161,,0,,0,,0
49,2/10/2021 15:00:00,12-17,23,600,18.000000000000000,179,,0,,0,,0
50,2/11/2021 15:00:00,12-17,24,624,10.000000000000000,189,,0,,0,,0
51,2/12/2021 15:00:00,12-17,9,633,12.000000000000000,201,,0,,0,,0
52,12/14/2020 15:00:00,50-64,2,2,,0,,0,,0,,0
53,12/15/2020 15:00:00,50-64,17,19,1.000000000000000,1,,0,,0,,0
54,12/16/2020 15:00:00,50-64,122,141,,1,,0,,0,,0
55,12/17/2020 15:00:00,50-64,307,448,,1,,0,,0,,0
56,12/18/2020 15:00:00,50-64,915,1363,1.000000000000000,2,,0,,0,,0
57,12/19/2020 15:00:00,50-64,279,1642,,2,,0,,0,,0
58,12/20/2020 15:00:00,50-64,82,1724,1.000000000000000,3,,0,,0,,0
59,12/21/2020 15:00:00,50-64,1086,2810,3.000000000000000,6,,0,,0,,0
60,12/22/2020 15:00:00,50-64,1811,4621,4.000000000000000,10,,0,,0,,0
61,12/23/2020 15:00:00,50-64,1796,6417,6.000000000000000,16,,0,,0,,0
62,12/24/2020 15:00:00,50-64,874,7291,3.000000000000000,19,,0,,0,,0
63,12/25/2020 15:00:00,50-64,337,7628,2.000000000000000,21,,0,,0,,0
64,12/26/2020 15:00:00,50-64,612,8240,1.000000000000000,22,,0,,0,,0
65,12/27/2020 15:00:00,50-64,526,8766,2.000000000000000,24,,0,,0,,0
66,12/28/2020 15:00:00,50-64,2753,11519,6.000000000000000,30,,0,,0,,0
67,12/29/2020 15:00:00,50-64,3520,15039,5.000000000000000,35,,0,,0,,0
68,12/30/2020 15:00:00,50-64,3980,19019,16.000000000000000,51,,0,,0,,0
69,12/31/2020 15:00:00,50-64,2324,21343,7.000000000000000,58,,0,,0,,0
70,1/1/2021 15:00:00,50-64,554,21897,21.000000000000000,79,,0,,0,,0
71,1/2/2021 15:00:00,50-64,734,22631,6.000000000000000,85,,0,,0,,0
72,1/3/2021 15:00:00,50-64,986,23617,14.000000000000000,99,,0,,0,,0
73,1/4/2021 15:00:00,50-64,4154,27771,74.000000000000000,173,,0,,0,,0
74,1/5/2021 15:00:00,50-64,3811,31582,142.000000000000000,315,,0,,0,,0
75,1/6/2021 15:00:00,50-64,4864,36446,215.000000000000000,530,,0,,0,,0
76,1/7/2021 15:00:00,50-64,4679,41125,472.000000000000000,1002,,0,,0,,0
77,1/8/2021 15:00:00,50-64,4886,46011,827.000000000000000,1829,,0,,0,,0
78,1/9/2021 15:00:00,50-64,1451,47462,273.000000000000000,2102,,0,,0,,0
79,1/10/2021 15:00:00,50-64,843,48305,96.000000000000000,2198,,0,,0,,0
80,1/11/2021 15:00:00,50-64,4030,52335,981.000000000000000,3179,,0,,0,,0
81,1/12/2021 15:00:00,50-64,4820,57155,1665.000000000000000,4844,,0,,0,,0
82,1/13/2021 15:00:00,50-64,5560,62715,1161.000000000000000,6005,,0,,0,,0
83,1/14/2021 15:00:00,50-64,5268,67983,561.000000000000000,6566,,0,,0,,0
84,1/15/2021 15:00:00,50-64,5329,73312,614.000000000000000,7180,,0,,0,,0
85,1/16/2021 15:00:00,50-64,1186,74498,446.000000000000000,7626,,0,,0,,0
86,1/17/2021 15:00:00,50-64,549,75047,383.000000000000000,8009,,0,,0,,0
87,1/18/2021 15:00:00,50-64,1356,76403,1013.000000000000000,9022,,0,,0,,0
88,1/19/2021 15:00:00,50-64,2832,79235,1553.000000000000000,10575,,0,,0,,0
89,1/20/2021 15:00:00,50-64,3484,82719,1570.000000000000000,12145,,0,,0,,0
90,1/21/2021 15:00:00,50-64,4257,86976,1090.000000000000000,13235,,0,,0,,0
91,1/22/2021 15:00:00,50-64,5849,92825,1007.000000000000000,14242,,0,,0,,0
92,1/23/2021 15:00:00,50-64,1765,94590,539.000000000000000,14781,,0,,0,,0
93,1/24/2021 15:00:00,50-64,555,95145,564.000000000000000,15345,,0,,0,,0
94,1/25/2021 15:00:00,50-64,2557,97702,2814.000000000000000,18159,,0,,0,,0
95,1/26/2021 15:00:00,50-64,2761,100463,2864.000000000000000,21023,,0,,0,,0
96,1/27/2021 15:00:00,50-64,3649,104112,3879.000000000000000,24902,,0,,0,,0
97,1/28/2021 15:00:00,50-64,3704,107816,2913.000000000000000,27815,,0,,0,,0
98,1/29/2021 15:00:00,50-64,4006,111822,2423.000000000000000,30238,,0,,0,,0
99,1/30/2021 15:00:00,50-64,2749,114571,684.000000000000000,30922,,0,,0,,0
100,1/31/2021 15:00:00,50-64,888,115459,364.000000000000000,31286,,0,,0,,0
101,2/1/2021 15:00:00,50-64,1265,116724,1475.000000000000000,32761,,0,,0,,0
102,12/14/2020 15:00:00,18-49,9,9,,0,,0,,0,,0
103,12/15/2020 15:00:00,18-49,17,26,1.000000000000000,1,,0,,0,,0
104,12/16/2020 15:00:00,18-49,420,446,,1,,0,,0,,0
105,12/17/2020 15:00:00,18-49,747,1193,2.000000000000000,3,,0,,0,,0
106,12/18/2020 15:00:00,18-49,1851,3044,5.000000000000000,8,,0,,0,,0
107,12/19/2020 15:00:00,18-49,565,3609,3.000000000000000,11,,0,,0,,0
108,12/20/2020 15:00:00,18-49,209,3818,2.000000000000000,13,,0,,0,,0
109,12/21/2020 15:00:00,18-49,2517,6335,7.000000000000000,20,,0,,0,,0
110,12/22/2020 15:00:00,18-49,3151,9486,5.000000000000000,25,,0,,0,,0
111,12/23/2020 15:00:00,18-49,3198,12684,11.000000000000000,36,,0,,0,,0
112,12/24/2020 15:00:00,18-49,1584,14268,4.000000000000000,40,,0,,0,,0
113,12/25/2020 15:00:00,18-49,293,14561,1.000000000000000,41,,0,,0,,0
114,12/26/2020 15:00:00,18-49,709,15270,3.000000000000000,44,,0,,0,,0
115,12/27/2020 15:00:00,18-49,749,16019,5.000000000000000,49,,0,,0,,0
116,12/28/2020 15:00:00,18-49,4949,20968,20.000000000000000,69,,0,,0,,0
117,12/29/2020 15:00:00,18-49,5669,26637,11.000000000000000,80,,0,,0,,0
118,12/30/2020 15:00:00,18-49,7089,33726,25.000000000000000,105,,0,,0,,0
119,12/31/2020 15:00:00,18-49,4299,38025,12.000000000000000,117,,0,,0,,0
120,1/1/2021 15:00:00,18-49,695,38720,37.000000000000000,154,,0,,0,,0
121,1/2/2021 15:00:00,18-49,1392,40112,20.000000000000000,174,,0,,0,,0
122,1/3/2021 15:00:00,18-49,1579,41691,56.000000000000000,230,,0,,0,,0
123,1/4/2021 15:00:00,18-49,6677,48368,198.000000000000000,428,,0,,0,,0
124,1/5/2021 15:00:00,18-49,6124,54492,310.000000000000000,738,,0,,0,,0
125,1/6/2021 15:00:00,18-49,7507,61999,562.000000000000000,1300,,0,,0,,0
126,1/7/2021 15:00:00,18-49,7959,69958,1104.000000000000000,2404,,0,,0,,0
127,1/8/2021 15:00:00,18-49,8249,78207,1656.000000000000000,4060,,0,,0,,0
128,1/9/2021 15:00:00,18-49,2455,80662,586.000000000000000,4646,,0,,0,,0
129,1/10/2021 15:00:00,18-49,1283,81945,249.000000000000000,4895,,0,,0,,0
130,1/11/2021 15:00:00,18-49,6522,88467,2143.000000000000000,7038,,0,,0,,0
131,1/12/2021 15:00:00,18-49,8085,96552,2793.000000000000000,9831,,0,,0,,0
132,1/13/2021 15:00:00,18-49,9388,105940,2071.000000000000000,11902,,0,,0,,0
133,1/14/2021 15:00:00,18-49,8757,114697,1119.000000000000000,13021,,0,,0,,0
134,1/15/2021 15:00:00,18-49,9405,124102,834.000000000000000,13855,,0,,0,,0
135,1/16/2021 15:00:00,18-49,2505,126607,648.000000000000000,14503,,0,,0,,0
136,1/17/2021 15:00:00,18-49,858,127465,658.000000000000000,15161,,0,,0,,0
137,1/18/2021 15:00:00,18-49,2099,129564,1357.000000000000000,16518,,0,,0,,0
138,1/19/2021 15:00:00,18-49,4792,134356,2755.000000000000000,19273,,0,,0,,0
139,1/20/2021 15:00:00,18-49,5625,139981,2890.000000000000000,22163,,0,,0,,0
140,1/21/2021 15:00:00,18-49,7120,147101,2029.000000000000000,24192,,0,,0,,0
141,1/22/2021 15:00:00,18-49,9478,156579,1612.000000000000000,25804,,0,,0,,0
142,1/23/2021 15:00:00,18-49,3173,159752,780.000000000000000,26584,,0,,0,,0
143,1/24/2021 15:00:00,18-49,752,160504,670.000000000000000,27254,,0,,0,,0
144,1/25/2021 15:00:00,18-49,4262,164766,4146.000000000000000,31400,,0,,0,,0
145,1/26/2021 15:00:00,18-49,4788,169554,4268.000000000000000,35668,,0,,0,,0
146,1/27/2021 15:00:00,18-49,5952,175506,6438.000000000000000,42106,,0,,0,,0
147,1/28/2021 15:00:00,18-49,5770,181276,4754.000000000000000,46860,,0,,0,,0
148,1/29/2021 15:00:00,18-49,5972,187248,3902.000000000000000,50762,,0,,0,,0
149,1/30/2021 15:00:00,18-49,4424,191672,1325.000000000000000,52087,,0,,0,,0
150,1/31/2021 15:00:00,18-49,1379,193051,431.000000000000000,52518,,0,,0,,0
151,2/1/2021 15:00:00,18-49,1562,194613,2110.000000000000000,54628,,0,,0,,0
152,2/13/2021 15:00:00,12-17,18,651,7.000000000000000,208,,0,,0,,0
153,2/14/2021 15:00:00,12-17,19,670,3.000000000000000,211,,0,,0,,0
154,2/15/2021 15:00:00,12-17,13,683,23.000000000000000,234,,0,,0,,0
155,2/16/2021 15:00:00,12-17,25,708,15.000000000000000,249,,0,,0,,0
156,2/17/2021 15:00:00,12-17,5,713,19.000000000000000,268,,0,,0,,0
157,2/18/2021 15:00:00,12-17,4,717,1.000000000000000,269,,0,,0,,0
158,2/19/2021 15:00:00,12-17,12,729,21.000000000000000,290,,0,,0,,0
159,2/20/2021 15:00:00,12-17,25,754,39.000000000000000,329,,0,,0,,0
160,2/21/2021 15:00:00,12-17,14,768,14.000000000000000,343,,0,,0,,0
161,2/22/2021 15:00:00,12-17,13,781,24.000000000000000,367,,0,,0,,0
162,2/23/2021 15:00:00,12-17,33,814,45.000000000000000,412,,0,,0,,0
163,2/24/2021 15:00:00,12-17,32,846,18.000000000000000,430,,0,,0,,0
164,2/25/2021 15:00:00,12-17,35,881,34.000000000000000,464,,0,,0,,0
165,2/26/2021 15:00:00,12-17,29,910,15.000000000000000,479,,0,,0,,0
166,2/27/2021 15:00:00,12-17,47,957,19.000000000000000,498,,0,,0,,0
167,2/28/2021 15:00:00,12-17,34,991,1.000000000000000,499,,0,,0,,0
168,3/1/2021 15:00:00,12-17,48,1039,19.000000000000000,518,,0,,0,,0
169,3/2/2021 15:00:00,12-17,33,1072,9.000000000000000,527,,0,,0,,0
170,3/3/2021 15:00:00,12-17,41,1113,20.000000000000000,547,1,1,62,62,21,21
171,3/4/2021 15:00:00,12-17,29,1142,21.000000000000000,568,2,3,52,114,23,44
172,3/5/2021 15:00:00,12-17,33,1175,15.000000000000000,583,1,4,49,163,16,60
173,3/6/2021 15:00:00,12-17,74,1249,14.000000000000000,597,4,8,92,255,18,78
174,3/7/2021 15:00:00,12-17,42,1291,15.000000000000000,612,1,9,58,313,16,94
175,3/8/2021 15:00:00,12-17,82,1373,13.000000000000000,625,,9,,313,,94
176,3/9/2021 15:00:00,12-17,94,1467,22.000000000000000,647,2,11,118,431,24,118
177,3/10/2021 15:00:00,12-17,105,1572,13.000000000000000,660,,11,,431,,118
178,3/11/2021 15:00:00,12-17,150,1722,8.000000000000000,668,,11,,431,,118
179,3/12/2021 15:00:00,12-17,137,1859,18.000000000000000,686,,11,,431,,118
180,3/13/2021 15:00:00,12-17,160,2019,10.000000000000000,696,1,12,171,602,11,129
181,3/14/2021 15:00:00,12-17,155,2174,15.000000000000000,711,,12,,602,,129
182,3/15/2021 15:00:00,12-17,161,2335,22.000000000000000,733,,12,,602,,129
183,3/16/2021 15:00:00,12-17,209,2544,16.000000000000000,749,,12,,602,,129
184,3/17/2021 15:00:00,12-17,253,2797,39.000000000000000,788,,12,,602,,129
185,3/18/2021 15:00:00,12-17,225,3022,33.000000000000000,821,,12,,602,,129
186,3/19/2021 15:00:00,12-17,195,3217,27.000000000000000,848,,12,,602,,129
187,3/20/2021 15:00:00,12-17,249,3466,35.000000000000000,883,,12,,602,,129
188,3/21/2021 15:00:00,12-17,222,3688,32.000000000000000,915,,12,,602,,129
189,3/22/2021 15:00:00,12-17,268,3956,35.000000000000000,950,,12,,602,,129
190,3/23/2021 15:00:00,12-17,309,4265,39.000000000000000,989,,12,,602,,129
191,3/24/2021 15:00:00,12-17,316,4581,38.000000000000000,1027,,12,,602,,129
192,3/25/2021 15:00:00,12-17,346,4927,34.000000000000000,1061,1,13,381,983,35,164
193,3/26/2021 15:00:00,12-17,253,5180,27.000000000000000,1088,1,14,281,1264,28,192
194,3/27/2021 15:00:00,12-17,249,5429,68.000000000000000,1156,,14,,1264,,192
195,3/28/2021 15:00:00,12-17,199,5628,30.000000000000000,1186,2,16,231,1495,32,224
196,3/29/2021 15:00:00,12-17,322,5950,69.000000000000000,1255,1,17,392,1887,70,294
197,3/30/2021 15:00:00,12-17,517,6467,75.000000000000000,1330,1,18,593,2480,76,370
198,3/31/2021 15:00:00,12-17,675,7142,86.000000000000000,1416,7,25,768,3248,93,463
199,4/1/2021 15:00:00,12-17,565,7707,130.000000000000000,1546,1,26,696,3944,131,594
200,4/2/2021 15:00:00,12-17,723,8430,112.000000000000000,1658,7,33,842,4786,119,713
201,2/2/2021 15:00:00,50-64,2122,118846,4032.000000000000000,36793,,0,,0,,0
202,2/3/2021 15:00:00,50-64,3184,122030,5640.000000000000000,42433,,0,,0,,0
203,2/4/2021 15:00:00,50-64,4049,126079,4819.000000000000000,47252,,0,,0,,0
204,2/5/2021 15:00:00,50-64,3578,129657,5045.000000000000000,52297,,0,,0,,0
205,2/6/2021 15:00:00,50-64,2107,131764,1725.000000000000000,54022,,0,,0,,0
206,2/7/2021 15:00:00,50-64,1052,132816,423.000000000000000,54445,,0,,0,,0
207,2/8/2021 15:00:00,50-64,2183,134999,3473.000000000000000,57918,,0,,0,,0
208,2/9/2021 15:00:00,50-64,2678,137677,3463.000000000000000,61381,,0,,0,,0
209,2/10/2021 15:00:00,50-64,3087,140764,5314.000000000000000,66695,,0,,0,,0
210,2/11/2021 15:00:00,50-64,3978,144742,4127.000000000000000,70822,,0,,0,,0
211,2/12/2021 15:00:00,50-64,4021,148763,4854.000000000000000,75676,,0,,0,,0
212,2/13/2021 15:00:00,50-64,2014,150777,1060.000000000000000,76736,,0,,0,,0
213,2/14/2021 15:00:00,50-64,1380,152157,442.000000000000000,77178,,0,,0,,0
214,2/15/2021 15:00:00,50-64,1832,153989,2225.000000000000000,79403,,0,,0,,0
215,2/16/2021 15:00:00,50-64,3253,157242,3773.000000000000000,83176,,0,,0,,0
216,2/17/2021 15:00:00,50-64,4219,161461,5025.000000000000000,88201,,0,,0,,0
217,2/18/2021 15:00:00,50-64,691,162152,1052.000000000000000,89253,,0,,0,,0
218,2/19/2021 15:00:00,50-64,1875,164027,4138.000000000000000,93391,,0,,0,,0
219,2/20/2021 15:00:00,50-64,1944,165971,3685.000000000000000,97076,,0,,0,,0
220,2/21/2021 15:00:00,50-64,998,166969,1051.000000000000000,98127,,0,,0,,0
221,2/22/2021 15:00:00,50-64,1449,168418,2930.000000000000000,101057,,0,,0,,0
222,2/23/2021 15:00:00,50-64,2934,171352,2352.000000000000000,103409,,0,,0,,0
223,2/24/2021 15:00:00,50-64,3791,175143,3750.000000000000000,107159,,0,,0,,0
224,2/25/2021 15:00:00,50-64,3664,178807,4301.000000000000000,111460,,0,,0,,0
225,2/26/2021 15:00:00,50-64,4620,183427,4714.000000000000000,116174,,0,,0,,0
226,2/27/2021 15:00:00,50-64,3356,186783,1875.000000000000000,118049,,0,,0,,0
227,2/28/2021 15:00:00,50-64,3282,190065,821.000000000000000,118870,,0,,0,,0
228,3/1/2021 15:00:00,50-64,5699,195764,1730.000000000000000,120600,,0,,0,,0
229,3/2/2021 15:00:00,50-64,4966,200730,2062.000000000000000,122662,12,12,7040,7040,2074,2074
230,3/3/2021 15:00:00,50-64,6558,207288,3197.000000000000000,125859,66,78,9821,16861,3263,5337
231,3/4/2021 15:00:00,50-64,6506,213794,3020.000000000000000,128879,1041,1119,10567,27428,4061,9398
232,3/5/2021 15:00:00,50-64,6226,220020,3582.000000000000000,132461,992,2111,10800,38228,4574,13972
233,3/6/2021 15:00:00,50-64,4250,224270,1765.000000000000000,134226,1640,3751,7655,45883,3405,17377
234,3/7/2021 15:00:00,50-64,2649,226919,834.000000000000000,135060,1814,5565,5297,51180,2648,20025
235,3/8/2021 15:00:00,50-64,5781,232700,1596.000000000000000,136656,2064,7629,9441,60621,3660,23685
236,3/9/2021 15:00:00,50-64,6162,238862,2753.000000000000000,139409,1981,9610,10896,71517,4734,28419
237,3/10/2021 15:00:00,50-64,7311,246173,3003.000000000000000,142412,2302,11912,12616,84133,5305,33724
238,3/11/2021 15:00:00,50-64,9572,255745,2829.000000000000000,145241,1037,12949,13438,97571,3866,37590
239,3/12/2021 15:00:00,50-64,9691,265436,3297.000000000000000,148538,839,13788,13827,111398,4136,41726
240,3/13/2021 15:00:00,50-64,6564,272000,1917.000000000000000,150455,632,14420,9113,120511,2549,44275
241,3/14/2021 15:00:00,50-64,5423,277423,1191.000000000000000,151646,348,14768,6962,127473,1539,45814
242,3/15/2021 15:00:00,50-64,9014,286437,1910.000000000000000,153556,182,14950,11106,138579,2092,47906
243,3/16/2021 15:00:00,50-64,9824,296261,2468.000000000000000,156024,231,15181,12523,151102,2699,50605
244,3/17/2021 15:00:00,50-64,10762,307023,3048.000000000000000,159072,403,15584,14213,165315,3451,54056
245,3/18/2021 15:00:00,50-64,12774,319797,2347.000000000000000,161419,432,16016,15553,180868,2779,56835
246,3/19/2021 15:00:00,50-64,12157,331954,2481.000000000000000,163900,380,16396,15018,195886,2861,59696
247,3/20/2021 15:00:00,50-64,8369,340323,2010.000000000000000,165910,413,16809,10792,206678,2423,62119
248,3/21/2021 15:00:00,50-64,6833,347156,1500.000000000000000,167410,117,16926,8450,215128,1617,63736
249,3/22/2021 15:00:00,50-64,12029,359185,2253.000000000000000,169663,319,17245,14601,229729,2572,66308
250,4/3/2021 15:00:00,12-17,584,9014,126.000000000000000,1784,7,40,717,5503,133,846
251,4/4/2021 15:00:00,12-17,215,9229,86.000000000000000,1870,,40,,5503,,846
252,4/5/2021 15:00:00,12-17,826,10055,132.000000000000000,2002,3,43,961,6464,135,981
253,4/6/2021 15:00:00,12-17,1141,11196,137.000000000000000,2139,2,45,1280,7744,139,1120
254,4/7/2021 15:00:00,12-17,1184,12380,214.000000000000000,2353,8,53,1406,9150,222,1342
255,4/8/2021 15:00:00,12-17,1198,13578,209.000000000000000,2562,7,60,1414,10564,216,1558
256,4/9/2021 15:00:00,12-17,1064,14642,188.000000000000000,2750,2,62,1254,11818,190,1748
257,4/10/2021 15:00:00,12-17,1407,16049,253.000000000000000,3003,,62,,11818,,1748
258,4/11/2021 15:00:00,12-17,1055,17104,151.000000000000000,3154,2,64,1208,13026,153,1901
259,4/12/2021 15:00:00,12-17,965,18069,248.000000000000000,3402,2,66,1215,14241,250,2151
260,4/13/2021 15:00:00,12-17,1823,19892,275.000000000000000,3677,,66,,14241,,2151
261,4/14/2021 15:00:00,12-17,2394,22286,309.000000000000000,3986,,66,,14241,,2151
262,4/15/2021 15:00:00,12-17,1564,23850,247.000000000000000,4233,1,67,1812,16053,248,2399
263,4/16/2021 15:00:00,12-17,1941,25791,247.000000000000000,4480,,67,,16053,,2399
264,4/17/2021 15:00:00,12-17,2536,28327,203.000000000000000,4683,,67,,16053,,2399
265,4/18/2021 15:00:00,12-17,2062,30389,235.000000000000000,4918,,67,,16053,,2399
266,4/19/2021 15:00:00,12-17,1330,31719,404.000000000000000,5322,,67,,16053,,2399
267,4/20/2021 15:00:00,12-17,1513,33232,475.000000000000000,5797,,67,,16053,,2399
268,4/21/2021 15:00:00,12-17,2959,36191,705.000000000000000,6502,,67,,16053,,2399
269,4/22/2021 15:00:00,12-17,1767,37958,462.000000000000000,6964,,67,,16053,,2399
270,4/23/2021 15:00:00,12-17,1929,39887,647.000000000000000,7611,,67,,16053,,2399
271,4/24/2021 15:00:00,12-17,2147,42034,559.000000000000000,8170,,67,,16053,,2399
272,4/25/2021 15:00:00,12-17,1793,43827,197.000000000000000,8367,,67,,16053,,2399
273,4/26/2021 15:00:00,12-17,1429,45256,654.000000000000000,9021,,67,,16053,,2399
274,4/27/2021 15:00:00,12-17,1493,46749,846.000000000000000,9867,,67,,16053,,2399
275,4/28/2021 15:00:00,12-17,2741,49490,1214.000000000000000,11081,,67,,16053,,2399
276,4/29/2021 15:00:00,12-17,1626,51116,1088.000000000000000,12169,,67,,16053,,2399
277,4/30/2021 15:00:00,12-17,1658,52774,981.000000000000000,13150,1,68,2640,18693,982,3381
278,5/1/2021 15:00:00,12-17,1506,54280,1304.000000000000000,14454,,68,,18693,,3381
279,5/2/2021 15:00:00,12-17,714,54994,940.000000000000000,15394,1,69,1655,20348,941,4322
280,5/3/2021 15:00:00,12-17,765,55759,1116.000000000000000,16510,,69,,20348,,4322
281,5/4/2021 15:00:00,12-17,1021,56780,1697.000000000000000,18207,,69,,20348,,4322
282,5/5/2021 15:00:00,12-17,1926,58706,2396.000000000000000,20603,,69,,20348,,4322
283,5/6/2021 15:00:00,12-17,877,59583,1453.000000000000000,22056,,69,,20348,,4322
284,5/7/2021 15:00:00,12-17,917,60500,2006.000000000000000,24062,,69,,20348,,4322
285,5/8/2021 15:00:00,12-17,855,61355,2491.000000000000000,26553,,69,,20348,,4322
286,5/9/2021 15:00:00,12-17,471,61826,1176.000000000000000,27729,,69,,20348,,4322
287,5/10/2021 15:00:00,12-17,479,62305,1536.000000000000000,29265,,69,,20348,,4322
288,5/11/2021 15:00:00,12-17,802,63107,1557.000000000000000,30822,,69,,20348,,4322
289,5/12/2021 15:00:00,12-17,1920,65027,2884.000000000000000,33706,1,70,4805,25153,2885,7207
290,5/13/2021 15:00:00,12-17,10881,75908,1855.000000000000000,35561,,70,,25153,,7207
291,5/14/2021 15:00:00,12-17,10512,86420,1644.000000000000000,37205,,70,,25153,,7207
292,5/15/2021 15:00:00,12-17,11748,98168,1867.000000000000000,39072,1,71,13616,38769,1868,9075
293,5/16/2021 15:00:00,12-17,4261,102429,1638.000000000000000,40710,,71,,38769,,9075
294,5/17/2021 15:00:00,12-17,6966,109395,1505.000000000000000,42215,,71,,38769,,9075
295,5/18/2021 15:00:00,12-17,8593,117988,1674.000000000000000,43889,,71,,38769,,9075
296,5/19/2021 15:00:00,12-17,13742,131730,2575.000000000000000,46464,,71,,38769,,9075
297,5/20/2021 15:00:00,12-17,6748,138478,1591.000000000000000,48055,,71,,38769,,9075
298,5/21/2021 15:00:00,12-17,6649,145127,1907.000000000000000,49962,,71,,38769,,9075
299,2/2/2021 15:00:00,18-49,2904,197517,6524.000000000000000,61152,,0,,0,,0
300,2/3/2021 15:00:00,18-49,4655,202172,9503.000000000000000,70655,,0,,0,,0
301,2/4/2021 15:00:00,18-49,5101,207273,7873.000000000000000,78528,,0,,0,,0
302,2/5/2021 15:00:00,18-49,5168,212441,8461.000000000000000,86989,,0,,0,,0
303,2/6/2021 15:00:00,18-49,3390,215831,3017.000000000000000,90006,,0,,0,,0
304,2/7/2021 15:00:00,18-49,1445,217276,677.000000000000000,90683,,0,,0,,0
305,2/8/2021 15:00:00,18-49,3164,220440,5916.000000000000000,96599,,0,,0,,0
306,2/9/2021 15:00:00,18-49,3985,224425,5746.000000000000000,102345,,0,,0,,0
307,2/10/2021 15:00:00,18-49,4173,228598,9079.000000000000000,111424,,0,,0,,0
308,2/11/2021 15:00:00,18-49,5695,234293,7630.000000000000000,119054,,0,,0,,0
309,2/12/2021 15:00:00,18-49,5810,240103,8539.000000000000000,127593,,0,,0,,0
310,2/13/2021 15:00:00,18-49,2785,242888,2249.000000000000000,129842,,0,,0,,0
311,2/14/2021 15:00:00,18-49,2104,244992,671.000000000000000,130513,,0,,0,,0
312,2/15/2021 15:00:00,18-49,2801,247793,4245.000000000000000,134758,,0,,0,,0
313,2/16/2021 15:00:00,18-49,4278,252071,6043.000000000000000,140801,,0,,0,,0
314,2/17/2021 15:00:00,18-49,6254,258325,7886.000000000000000,148687,,0,,0,,0
315,2/18/2021 15:00:00,18-49,983,259308,1475.000000000000000,150162,,0,,0,,0
316,2/19/2021 15:00:00,18-49,2735,262043,6403.000000000000000,156565,,0,,0,,0
317,2/20/2021 15:00:00,18-49,2796,264839,6089.000000000000000,162654,,0,,0,,0
318,2/21/2021 15:00:00,18-49,1374,266213,1616.000000000000000,164270,,0,,0,,0
319,2/22/2021 15:00:00,18-49,2035,268248,4541.000000000000000,168811,,0,,0,,0
320,2/23/2021 15:00:00,18-49,4113,272361,3766.000000000000000,172577,,0,,0,,0
321,2/24/2021 15:00:00,18-49,4869,277230,6005.000000000000000,178582,,0,,0,,0
322,2/25/2021 15:00:00,18-49,4928,282158,6385.000000000000000,184967,,0,,0,,0
323,2/26/2021 15:00:00,18-49,6600,288758,7182.000000000000000,192149,,0,,0,,0
324,2/27/2021 15:00:00,18-49,4606,293364,3110.000000000000000,195259,,0,,0,,0
325,2/28/2021 15:00:00,18-49,4262,297626,1184.000000000000000,196443,,0,,0,,0
326,3/1/2021 15:00:00,18-49,7032,304658,2503.000000000000000,198946,,0,,0,,0
327,3/2/2021 15:00:00,18-49,6232,310890,2798.000000000000000,201744,4,4,9034,9034,2802,2802
328,3/3/2021 15:00:00,18-49,8673,319563,4641.000000000000000,206385,51,55,13365,22399,4692,7494
329,3/4/2021 15:00:00,18-49,8511,328074,4022.000000000000000,210407,1316,1371,13849,36248,5338,12832
330,3/5/2021 15:00:00,18-49,7367,335441,4999.000000000000000,215406,1183,2554,13549,49797,6182,19014
331,3/6/2021 15:00:00,18-49,5373,340814,2526.000000000000000,217932,2166,4720,10065,59862,4692,23706
332,3/7/2021 15:00:00,18-49,3579,344393,1421.000000000000000,219353,2631,7351,7631,67493,4052,27758
333,3/8/2021 15:00:00,18-49,6875,351268,2420.000000000000000,221773,2679,10030,11974,79467,5099,32857
334,3/9/2021 15:00:00,18-49,7378,358646,3752.000000000000000,225525,2720,12750,13850,93317,6472,39329
335,3/10/2021 15:00:00,18-49,8559,367205,4533.000000000000000,230058,3084,15834,16176,109493,7617,46946
336,3/11/2021 15:00:00,18-49,11766,378971,3846.000000000000000,233904,1142,16976,16754,126247,4988,51934
337,3/12/2021 15:00:00,18-49,11858,390829,5200.000000000000000,239104,854,17830,17912,144159,6054,57988
338,3/13/2021 15:00:00,18-49,8626,399455,2712.000000000000000,241816,458,18288,11796,155955,3170,61158
339,3/14/2021 15:00:00,18-49,7508,406963,1810.000000000000000,243626,381,18669,9699,165654,2191,63349
340,3/15/2021 15:00:00,18-49,12099,419062,2654.000000000000000,246280,197,18866,14950,180604,2851,66200
341,3/16/2021 15:00:00,18-49,12570,431632,3238.000000000000000,249518,175,19041,15983,196587,3413,69613
342,3/17/2021 15:00:00,18-49,13529,445161,4185.000000000000000,253703,489,19530,18203,214790,4674,74287
343,3/18/2021 15:00:00,18-49,16491,461652,3475.000000000000000,257178,554,20084,20520,235310,4029,78316
344,3/19/2021 15:00:00,18-49,14713,476365,3622.000000000000000,260800,366,20450,18701,254011,3988,82304
345,3/20/2021 15:00:00,18-49,10863,487228,3070.000000000000000,263870,280,20730,14213,268224,3350,85654
346,3/21/2021 15:00:00,18-49,8856,496084,2230.000000000000000,266100,142,20872,11228,279452,2372,88026
347,3/22/2021 15:00:00,18-49,13793,509877,3089.000000000000000,269189,284,21156,17166,296618,3373,91399
348,3/23/2021 15:00:00,50-64,14688,373873,3464.000000000000000,173127,666,17911,18818,248547,4130,70438
349,3/24/2021 15:00:00,50-64,16505,390378,4565.000000000000000,177692,582,18493,21652,270199,5147,75585
350,3/25/2021 15:00:00,50-64,17265,407643,4240.000000000000000,181932,1067,19560,22572,292771,5307,80892
351,3/26/2021 15:00:00,50-64,15415,423058,5275.000000000000000,187207,1034,20594,21724,314495,6309,87201
352,3/27/2021 15:00:00,50-64,11253,434311,3310.000000000000000,190517,1604,22198,16167,330662,4914,92115
353,3/28/2021 15:00:00,50-64,7738,442049,2471.000000000000000,192988,1002,23200,11211,341873,3473,95588
354,3/29/2021 15:00:00,50-64,13207,455256,5956.000000000000000,198944,479,23679,19642,361515,6435,102023
355,3/30/2021 15:00:00,50-64,17393,472649,6104.000000000000000,205048,783,24462,24280,385795,6887,108910
356,3/31/2021 15:00:00,50-64,16124,488773,7564.000000000000000,212612,2444,26906,26132,411927,10008,118918
357,4/1/2021 15:00:00,50-64,16972,505745,9269.000000000000000,221881,2360,29266,28601,440528,11629,130547
358,4/2/2021 15:00:00,50-64,13687,519432,7540.000000000000000,229421,2414,31680,23641,464169,9954,140501
359,4/3/2021 15:00:00,50-64,7109,526541,4514.000000000000000,233935,1728,33408,13351,477520,6242,146743
360,4/4/2021 15:00:00,50-64,2761,529302,2945.000000000000000,236880,314,33722,6020,483540,3259,150002
361,4/5/2021 15:00:00,50-64,9269,538571,7810.000000000000000,244690,2561,36283,19640,503180,10371,160373
362,4/6/2021 15:00:00,50-64,13612,552183,8755.000000000000000,253445,3613,39896,25980,529160,12368,172741
363,4/7/2021 15:00:00,50-64,12015,564198,9611.000000000000000,263056,4494,44390,26120,555280,14105,186846
364,4/8/2021 15:00:00,50-64,14107,578305,10264.000000000000000,273320,4851,49241,29222,584502,15115,201961
365,4/9/2021 15:00:00,50-64,10254,588559,10273.000000000000000,283593,5500,54741,26027,610529,15773,217734
366,4/10/2021 15:00:00,50-64,7446,596005,7804.000000000000000,291397,2640,57381,17890,628419,10444,228178
367,4/11/2021 15:00:00,50-64,4967,600972,4728.000000000000000,296125,3047,60428,12742,641161,7775,235953
368,4/12/2021 15:00:00,50-64,6995,607967,11042.000000000000000,307167,3803,64231,21840,663001,14845,250798
369,4/13/2021 15:00:00,50-64,12873,620840,11560.000000000000000,318727,117,64348,24550,687551,11677,262475
370,4/14/2021 15:00:00,50-64,11040,631880,12459.000000000000000,331186,76,64424,23575,711126,12535,275010
371,4/15/2021 15:00:00,50-64,11556,643436,13358.000000000000000,344544,47,64471,24961,736087,13405,288415
372,4/16/2021 15:00:00,50-64,10155,653591,13459.000000000000000,358003,4,64475,23618,759705,13463,301878
373,4/17/2021 15:00:00,50-64,8141,661732,7938.000000000000000,365941,2,64477,16081,775786,7940,309818
374,4/18/2021 15:00:00,50-64,4923,666655,7329.000000000000000,373270,1,64478,12253,788039,7330,317148
375,4/19/2021 15:00:00,50-64,7963,674618,14898.000000000000000,388168,11,64489,22872,810911,14909,332057
376,4/20/2021 15:00:00,50-64,8356,682974,17961.000000000000000,406129,12,64501,26329,837240,17973,350030
377,4/21/2021 15:00:00,50-64,9760,692734,18261.000000000000000,424390,3,64504,28024,865264,18264,368294
378,4/22/2021 15:00:00,50-64,9815,702549,16935.000000000000000,441325,2,64506,26752,892016,16937,385231
379,4/23/2021 15:00:00,50-64,8798,711347,15340.000000000000000,456665,1,64507,24139,916155,15341,400572
380,4/24/2021 15:00:00,50-64,6591,717938,10758.000000000000000,467423,24,64531,17373,933528,10782,411354
381,4/25/2021 15:00:00,50-64,4629,722567,3040.000000000000000,470463,8,64539,7677,941205,3048,414402
382,4/26/2021 15:00:00,50-64,6708,729275,12416.000000000000000,482879,72,64611,19196,960401,12488,426890
383,4/27/2021 15:00:00,50-64,7068,736343,11890.000000000000000,494769,365,64976,19323,979724,12255,439145
384,4/28/2021 15:00:00,50-64,7033,743376,13861.000000000000000,508630,466,65442,21360,1001084,14327,453472
385,4/29/2021 15:00:00,50-64,7429,750805,13280.000000000000000,521910,494,65936,21203,1022287,13774,467246
386,4/30/2021 15:00:00,50-64,7244,758049,10537.000000000000000,532447,547,66483,18328,1040615,11084,478330
387,5/1/2021 15:00:00,50-64,4506,762555,7657.000000000000000,540104,340,66823,12503,1053118,7997,486327
388,5/2/2021 15:00:00,50-64,2118,764673,4255.000000000000000,544359,255,67078,6628,1059746,4510,490837
389,5/3/2021 15:00:00,50-64,3216,767889,8306.000000000000000,552665,625,67703,12147,1071893,8931,499768
390,5/4/2021 15:00:00,50-64,3684,771573,12237.000000000000000,564902,590,68293,16511,1088404,12827,512595
391,5/5/2021 15:00:00,50-64,4697,776270,10959.000000000000000,575861,641,68934,16297,1104701,11600,524195
392,5/6/2021 15:00:00,50-64,4268,780538,12260.000000000000000,588121,610,69544,17138,1121839,12870,537065
393,5/7/2021 15:00:00,50-64,4028,784566,9822.000000000000000,597943,620,70164,14470,1136309,10442,547507
394,5/8/2021 15:00:00,50-64,2381,786947,8324.000000000000000,606267,427,70591,11132,1147441,8751,556258
395,5/22/2021 15:00:00,12-17,6560,151687,1389.000000000000000,51351,,71,,38769,,9075
396,5/23/2021 15:00:00,12-17,3366,155053,835.000000000000000,52186,,71,,38769,,9075
397,5/24/2021 15:00:00,12-17,3974,159027,783.000000000000000,52969,,71,,38769,,9075
398,5/25/2021 15:00:00,12-17,3297,162324,1105.000000000000000,54074,1,72,4403,43172,1106,10181
399,5/26/2021 15:00:00,12-17,8390,170714,1805.000000000000000,55879,,72,,43172,,10181
400,5/27/2021 15:00:00,12-17,2503,173217,1030.000000000000000,56909,1,73,3534,46706,1031,11212
401,5/28/2021 15:00:00,12-17,2938,176155,855.000000000000000,57764,,73,,46706,,11212
402,5/29/2021 15:00:00,12-17,2951,179106,787.000000000000000,58551,,73,,46706,,11212
403,5/30/2021 15:00:00,12-17,1405,180511,453.000000000000000,59004,,73,,46706,,11212
404,5/31/2021 15:00:00,12-17,277,180788,192.000000000000000,59196,,73,,46706,,11212
405,6/1/2021 15:00:00,12-17,1967,182755,1006.000000000000000,60202,,73,,46706,,11212
406,6/2/2021 15:00:00,12-17,3304,186059,2346.000000000000000,62548,,73,,46706,,11212
407,6/3/2021 15:00:00,12-17,1690,187749,8771.000000000000000,71319,,73,,46706,,11212
408,6/4/2021 15:00:00,12-17,1765,189514,8852.000000000000000,80171,4,77,10621,57327,8856,20068
409,6/5/2021 15:00:00,12-17,2181,191695,10627.000000000000000,90798,,77,,57327,,20068
410,6/6/2021 15:00:00,12-17,1114,192809,3706.000000000000000,94504,,77,,57327,,20068
411,6/7/2021 15:00:00,12-17,1690,194499,7452.000000000000000,101956,,77,,57327,,20068
412,6/8/2021 15:00:00,12-17,1614,196113,8622.000000000000000,110578,1,78,10237,67564,8623,28691
413,6/9/2021 15:00:00,12-17,2600,198713,12810.000000000000000,123388,,78,,67564,,28691
414,6/10/2021 15:00:00,12-17,1732,200445,7528.000000000000000,130916,1,79,9261,76825,7529,36220
415,6/11/2021 15:00:00,12-17,1949,202394,5865.000000000000000,136781,,79,,76825,,36220
416,6/12/2021 15:00:00,12-17,1475,203869,6047.000000000000000,142828,1,80,7523,84348,6048,42268
417,6/13/2021 15:00:00,12-17,390,204259,2965.000000000000000,145793,,80,,84348,,42268
418,6/14/2021 15:00:00,12-17,1464,205723,3152.000000000000000,148945,,80,,84348,,42268
419,6/15/2021 15:00:00,12-17,1371,207094,3999.000000000000000,152944,,80,,84348,,42268
420,6/16/2021 15:00:00,12-17,2108,209202,8058.000000000000000,161002,,80,,84348,,42268
421,6/17/2021 15:00:00,12-17,1684,210886,2791.000000000000000,163793,1,81,4476,88824,2792,45060
422,6/18/2021 15:00:00,12-17,1535,212421,2849.000000000000000,166642,,81,,88824,,45060
423,6/19/2021 15:00:00,12-17,1165,213586,2746.000000000000000,169388,,81,,88824,,45060
424,6/20/2021 15:00:00,12-17,598,214184,1238.000000000000000,170626,,81,,88824,,45060
425,6/21/2021 15:00:00,12-17,1418,215602,855.000000000000000,171481,,81,,88824,,45060
426,6/22/2021 15:00:00,12-17,1188,216790,1931.000000000000000,173412,1,82,3120,91944,1932,46992
427,6/23/2021 15:00:00,12-17,1663,218453,3060.000000000000000,176472,,82,,91944,,46992
428,6/24/2021 15:00:00,12-17,1321,219774,1587.000000000000000,178059,,82,,91944,,46992
429,6/25/2021 15:00:00,12-17,1269,221043,1542.000000000000000,179601,,82,,91944,,46992
430,6/26/2021 15:00:00,12-17,861,221904,1845.000000000000000,181446,,82,,91944,,46992
431,6/27/2021 15:00:00,12-17,632,222536,868.000000000000000,182314,,82,,91944,,46992
432,6/28/2021 15:00:00,12-17,1142,223678,1637.000000000000000,183951,1,83,2780,94724,1638,48630
433,6/29/2021 15:00:00,12-17,1149,224827,1488.000000000000000,185439,,83,,94724,,48630
434,6/30/2021 15:00:00,12-17,1438,226265,2249.000000000000000,187688,,83,,94724,,48630
435,7/1/2021 15:00:00,12-17,1202,227467,1596.000000000000000,189284,2,85,2800,97524,1598,50228
436,7/2/2021 15:00:00,12-17,1099,228566,1650.000000000000000,190934,,85,,97524,,50228
437,7/3/2021 15:00:00,12-17,663,229229,1128.000000000000000,192062,,85,,97524,,50228
438,7/4/2021 15:00:00,12-17,84,229313,119.000000000000000,192181,,85,,97524,,50228
439,7/5/2021 15:00:00,12-17,884,230197,919.000000000000000,193100,,85,,97524,,50228
440,7/6/2021 15:00:00,12-17,968,231165,1529.000000000000000,194629,,85,,97524,,50228
441,7/7/2021 15:00:00,12-17,1015,232180,1780.000000000000000,196409,,85,,97524,,50228
442,7/8/2021 15:00:00,12-17,1041,233221,1463.000000000000000,197872,,85,,97524,,50228
443,7/9/2021 15:00:00,12-17,1081,234302,1489.000000000000000,199361,,85,,97524,,50228
444,3/23/2021 15:00:00,18-49,15452,525329,4921.000000000000000,274110,387,21543,20760,317378,5308,96707
445,3/24/2021 15:00:00,18-49,16921,542250,5925.000000000000000,280035,393,21936,23239,340617,6318,103025
446,3/25/2021 15:00:00,18-49,18585,560835,5403.000000000000000,285438,860,22796,24848,365465,6263,109288
447,3/26/2021 15:00:00,18-49,15576,576411,6562.000000000000000,292000,1018,23814,23156,388621,7580,116868
448,3/27/2021 15:00:00,18-49,12131,588542,4276.000000000000000,296276,768,24582,17175,405796,5044,121912
449,3/28/2021 15:00:00,18-49,7513,596055,3260.000000000000000,299536,531,25113,11304,417100,3791,125703
450,3/29/2021 15:00:00,18-49,12982,609037,7432.000000000000000,306968,377,25490,20791,437891,7809,133512
451,3/30/2021 15:00:00,18-49,18074,627111,7779.000000000000000,314747,626,26116,26479,464370,8405,141917
452,3/31/2021 15:00:00,18-49,19211,646322,9546.000000000000000,324293,2531,28647,31288,495658,12077,153994
453,4/1/2021 15:00:00,18-49,18542,664864,11913.000000000000000,336206,2380,31027,32835,528493,14293,168287
454,4/2/2021 15:00:00,18-49,16384,681248,9526.000000000000000,345732,2971,33998,28881,557374,12497,180784
455,4/3/2021 15:00:00,18-49,11852,693100,6465.000000000000000,352197,2264,36262,20581,577955,8729,189513
456,4/4/2021 15:00:00,18-49,4703,697803,3972.000000000000000,356169,536,36798,9211,587166,4508,194021
457,4/5/2021 15:00:00,18-49,15466,713269,9228.000000000000000,365397,3153,39951,27847,615013,12381,206402
458,4/6/2021 15:00:00,18-49,21736,735005,10564.000000000000000,375961,5466,45417,37766,652779,16030,222432
459,4/7/2021 15:00:00,18-49,19691,754696,11423.000000000000000,387384,6952,52369,38066,690845,18375,240807
460,4/8/2021 15:00:00,18-49,23450,778146,13125.000000000000000,400509,7129,59498,43704,734549,20254,261061
461,4/9/2021 15:00:00,18-49,19953,798099,12482.000000000000000,412991,7387,66885,39822,774371,19869,280930
462,4/10/2021 15:00:00,18-49,13722,811821,9758.000000000000000,422749,4229,71114,27709,802080,13987,294917
463,4/11/2021 15:00:00,18-49,10660,822481,5869.000000000000000,428618,7001,78115,23530,825610,12870,307787
464,4/12/2021 15:00:00,18-49,14954,837435,13887.000000000000000,442505,6086,84201,34927,860537,19973,327760
465,4/13/2021 15:00:00,18-49,25161,862596,14402.000000000000000,456907,208,84409,39771,900308,14610,342370
466,4/14/2021 15:00:00,18-49,24209,886805,14659.000000000000000,471566,99,84508,38967,939275,14758,357128
467,4/15/2021 15:00:00,18-49,25426,912231,14787.000000000000000,486353,87,84595,40300,979575,14874,372002
468,4/16/2021 15:00:00,18-49,21888,934119,14929.000000000000000,501282,6,84601,36823,1016398,14935,386937
469,4/17/2021 15:00:00,18-49,19637,953756,8588.000000000000000,509870,3,84604,28228,1044626,8591,395528
470,4/18/2021 15:00:00,18-49,12088,965844,6847.000000000000000,516717,3,84607,18938,1063564,6850,402378
471,4/19/2021 15:00:00,18-49,17392,983236,14528.000000000000000,531245,25,84632,31945,1095509,14553,416931
472,4/20/2021 15:00:00,18-49,17746,1000982,17058.000000000000000,548303,6,84638,34810,1130319,17064,433995
473,4/21/2021 15:00:00,18-49,23714,1024696,19782.000000000000000,568085,8,84646,43504,1173823,19790,453785
474,4/22/2021 15:00:00,18-49,21332,1046028,18166.000000000000000,586251,11,84657,39509,1213332,18177,471962
475,4/23/2021 15:00:00,18-49,19402,1065430,17429.000000000000000,603680,10,84667,36841,1250173,17439,489401
476,4/24/2021 15:00:00,18-49,16075,1081505,14514.000000000000000,618194,47,84714,30636,1280809,14561,503962
477,4/25/2021 15:00:00,18-49,11733,1093238,4476.000000000000000,622670,11,84725,16220,1297029,4487,508449
478,4/26/2021 15:00:00,18-49,15831,1109069,14966.000000000000000,637636,95,84820,30892,1327921,15061,523510
479,4/27/2021 15:00:00,18-49,15812,1124881,17123.000000000000000,654759,583,85403,33518,1361439,17706,541216
480,4/28/2021 15:00:00,18-49,16874,1141755,20280.000000000000000,675039,706,86109,37860,1399299,20986,562202
481,4/29/2021 15:00:00,18-49,15884,1157639,20507.000000000000000,695546,750,86859,37141,1436440,21257,583459
482,4/30/2021 15:00:00,18-49,17081,1174720,17649.000000000000000,713195,839,87698,35569,1472009,18488,601947
483,5/1/2021 15:00:00,18-49,11275,1185995,13778.000000000000000,726973,535,88233,25588,1497597,14313,616260
484,5/2/2021 15:00:00,18-49,5771,1191766,9206.000000000000000,736179,475,88708,15452,1513049,9681,625941
485,5/3/2021 15:00:00,18-49,7493,1199259,16030.000000000000000,752209,1032,89740,24555,1537604,17062,643003
486,5/4/2021 15:00:00,18-49,8087,1207346,22703.000000000000000,774912,843,90583,31633,1569237,23546,666549
487,5/5/2021 15:00:00,18-49,10752,1218098,20794.000000000000000,795706,984,91567,32530,1601767,21778,688327
488,5/6/2021 15:00:00,18-49,9933,1228031,22901.000000000000000,818607,847,92414,33681,1635448,23748,712075
489,5/7/2021 15:00:00,18-49,10851,1238882,20823.000000000000000,839430,983,93397,32657,1668105,21806,733881
490,5/8/2021 15:00:00,18-49,6564,1245446,17420.000000000000000,856850,726,94123,24710,1692815,18146,752027
491,5/9/2021 15:00:00,50-64,1010,787957,3069.000000000000000,609336,215,70806,4294,1151735,3284,559542
492,5/10/2021 15:00:00,50-64,2136,790093,8336.000000000000000,617672,456,71262,10928,1162663,8792,568334
493,5/11/2021 15:00:00,50-64,2721,792814,8652.000000000000000,626324,477,71739,11850,1174513,9129,577463
494,5/12/2021 15:00:00,50-64,2908,795722,9851.000000000000000,636175,560,72299,13319,1187832,10411,587874
495,5/13/2021 15:00:00,50-64,2710,798432,9099.000000000000000,645274,432,72731,12241,1200073,9531,597405
496,5/14/2021 15:00:00,50-64,3342,801774,7905.000000000000000,653179,551,73282,11798,1211871,8456,605861
497,5/15/2021 15:00:00,50-64,2216,803990,5981.000000000000000,659160,432,73714,8629,1220500,6413,612274
498,5/16/2021 15:00:00,50-64,1092,805082,4177.000000000000000,663337,316,74030,5585,1226085,4493,616767
499,5/17/2021 15:00:00,50-64,2337,807419,6818.000000000000000,670155,564,74594,9719,1235804,7382,624149
500,5/18/2021 15:00:00,50-64,2955,810374,8006.000000000000000,678161,560,75154,11521,1247325,8566,632715
501,5/19/2021 15:00:00,50-64,3109,813483,8313.000000000000000,686474,486,75640,11908,1259233,8799,641514
502,5/20/2021 15:00:00,50-64,2948,816431,8890.000000000000000,695364,552,76192,12390,1271623,9442,650956
503,5/21/2021 15:00:00,50-64,3023,819454,7983.000000000000000,703347,479,76671,11485,1283108,8462,659418
504,5/22/2021 15:00:00,50-64,2094,821548,4907.000000000000000,708254,339,77010,7340,1290448,5246,664664
505,5/23/2021 15:00:00,50-64,1081,822629,2829.000000000000000,711083,256,77266,4166,1294614,3085,667749
506,5/24/2021 15:00:00,50-64,2089,824718,4598.000000000000000,715681,409,77675,7096,1301710,5007,672756
507,5/25/2021 15:00:00,50-64,2248,826966,5100.000000000000000,720781,344,78019,7692,1309402,5444,678200
508,5/26/2021 15:00:00,50-64,2187,829153,4866.000000000000000,725647,419,78438,7472,1316874,5285,683485
509,5/27/2021 15:00:00,50-64,2012,831165,4924.000000000000000,730571,332,78770,7268,1324142,5256,688741
510,5/28/2021 15:00:00,50-64,2119,833284,5028.000000000000000,735599,384,79154,7531,1331673,5412,694153
511,5/29/2021 15:00:00,50-64,1325,834609,2708.000000000000000,738307,259,79413,4292,1335965,2967,697120
512,5/30/2021 15:00:00,50-64,640,835249,1424.000000000000000,739731,148,79561,2212,1338177,1572,698692
513,5/31/2021 15:00:00,50-64,302,835551,815.000000000000000,740546,84,79645,1201,1339378,899,699591
514,6/1/2021 15:00:00,50-64,1560,837111,4179.000000000000000,744725,309,79954,6048,1345426,4488,704079
515,6/2/2021 15:00:00,50-64,1475,838586,3783.000000000000000,748508,275,80229,5533,1350959,4058,708137
516,6/3/2021 15:00:00,50-64,1427,840013,3323.000000000000000,751831,318,80547,5068,1356027,3641,711778
517,6/4/2021 15:00:00,50-64,1537,841550,3404.000000000000000,755235,324,80871,5265,1361292,3728,715506
518,6/5/2021 15:00:00,50-64,1067,842617,2164.000000000000000,757399,192,81063,3423,1364715,2356,717862
519,6/6/2021 15:00:00,50-64,488,843105,823.000000000000000,758222,92,81155,1403,1366118,915,718777
520,6/7/2021 15:00:00,50-64,1103,844208,2258.000000000000000,760480,199,81354,3560,1369678,2457,721234
521,6/8/2021 15:00:00,50-64,1119,845327,2748.000000000000000,763228,258,81612,4125,1373803,3006,724240
522,6/9/2021 15:00:00,50-64,1162,846489,2553.000000000000000,765781,264,81876,3979,1377782,2817,727057
523,6/10/2021 15:00:00,50-64,1249,847738,2737.000000000000000,768518,268,82144,4254,1382036,3005,730062
524,6/11/2021 15:00:00,50-64,1259,848997,3011.000000000000000,771529,326,82470,4596,1386632,3337,733399
525,6/12/2021 15:00:00,50-64,803,849800,1937.000000000000000,773466,156,82626,2896,1389528,2093,735492
526,6/13/2021 15:00:00,50-64,303,850103,989.000000000000000,774455,77,82703,1369,1390897,1066,736558
527,6/14/2021 15:00:00,50-64,900,851003,2111.000000000000000,776566,161,82864,3172,1394069,2272,738830
528,6/15/2021 15:00:00,50-64,974,851977,2389.000000000000000,778955,213,83077,3576,1397645,2602,741432
529,6/16/2021 15:00:00,50-64,981,852958,2200.000000000000000,781155,189,83266,3370,1401015,2389,743821
530,6/17/2021 15:00:00,50-64,1109,854067,2219.000000000000000,783374,195,83461,3523,1404538,2414,746235
531,6/18/2021 15:00:00,50-64,1201,855268,2201.000000000000000,785575,195,83656,3597,1408135,2396,748631
532,6/19/2021 15:00:00,50-64,691,855959,1392.000000000000000,786967,161,83817,2244,1410379,1553,750184
533,6/20/2021 15:00:00,50-64,319,856278,660.000000000000000,787627,80,83897,1059,1411438,740,750924
534,6/21/2021 15:00:00,50-64,878,857156,1049.000000000000000,788676,152,84049,2079,1413517,1201,752125
535,6/22/2021 15:00:00,50-64,865,858021,1524.000000000000000,790200,167,84216,2556,1416073,1691,753816
536,6/23/2021 15:00:00,50-64,997,859018,1653.000000000000000,791853,166,84382,2816,1418889,1819,755635
537,6/24/2021 15:00:00,50-64,941,859959,1546.000000000000000,793399,146,84528,2633,1421522,1692,757327
538,7/10/2021 15:00:00,12-17,812,235114,1061.000000000000000,200422,,85,,97524,,50228
539,7/11/2021 15:00:00,12-17,637,235751,549.000000000000000,200971,,85,,97524,,50228
540,7/12/2021 15:00:00,12-17,1026,236777,1325.000000000000000,202296,,85,,97524,,50228
541,7/13/2021 15:00:00,12-17,1188,237965,1099.000000000000000,203395,1,86,2288,99812,1100,51328
542,7/14/2021 15:00:00,12-17,1184,239149,1434.000000000000000,204829,,86,,99812,,51328
543,7/15/2021 15:00:00,12-17,1263,240412,1207.000000000000000,206036,,86,,99812,,51328
544,7/16/2021 15:00:00,12-17,1212,241624,1129.000000000000000,207165,,86,,99812,,51328
545,7/17/2021 15:00:00,12-17,765,242389,788.000000000000000,207953,,86,,99812,,51328
546,7/18/2021 15:00:00,12-17,465,242854,560.000000000000000,208513,,86,,99812,,51328
547,7/19/2021 15:00:00,12-17,1210,244064,1061.000000000000000,209574,,86,,99812,,51328
548,7/20/2021 15:00:00,12-17,1263,245327,1119.000000000000000,210693,,86,,99812,,51328
549,7/21/2021 15:00:00,12-17,1394,246721,1206.000000000000000,211899,,86,,99812,,51328
550,7/22/2021 15:00:00,12-17,1485,248206,1005.000000000000000,212904,1,87,2491,102303,1006,52334
551,7/23/2021 15:00:00,12-17,1519,249725,990.000000000000000,213894,1,88,2510,104813,991,53325
552,7/24/2021 15:00:00,12-17,936,250661,681.000000000000000,214575,1,89,1618,106431,682,54007
553,7/25/2021 15:00:00,12-17,769,251430,209.000000000000000,214784,,89,,106431,,54007
554,7/26/2021 15:00:00,12-17,1451,252881,917.000000000000000,215701,,89,,106431,,54007
555,7/27/2021 15:00:00,12-17,1411,254292,907.000000000000000,216608,1,90,2319,108750,908,54915
556,7/28/2021 15:00:00,12-17,1606,255898,848.000000000000000,217456,,90,,108750,,54915
557,7/29/2021 15:00:00,12-17,1537,257435,923.000000000000000,218379,,90,,108750,,54915
558,7/30/2021 15:00:00,12-17,1744,259179,918.000000000000000,219297,,90,,108750,,54915
559,7/31/2021 15:00:00,12-17,971,260150,718.000000000000000,220015,1,91,1690,110440,719,55634
560,8/1/2021 15:00:00,12-17,820,260970,551.000000000000000,220566,,91,,110440,,55634
561,8/2/2021 15:00:00,12-17,1510,262480,881.000000000000000,221447,,91,,110440,,55634
562,8/3/2021 15:00:00,12-17,1622,264102,960.000000000000000,222407,,91,,110440,,55634
563,8/4/2021 15:00:00,12-17,1617,265719,934.000000000000000,223341,,91,,110440,,55634
564,8/5/2021 15:00:00,12-17,1730,267449,1047.000000000000000,224388,2,93,2779,113219,1049,56683
565,8/6/2021 15:00:00,12-17,1747,269196,1040.000000000000000,225428,,93,,113219,,56683
566,8/7/2021 15:00:00,12-17,1076,270272,644.000000000000000,226072,,93,,113219,,56683
567,8/8/2021 15:00:00,12-17,830,271102,465.000000000000000,226537,,93,,113219,,56683
568,8/9/2021 15:00:00,12-17,1609,272711,1088.000000000000000,227625,,93,,113219,,56683
569,8/10/2021 15:00:00,12-17,1611,274322,1048.000000000000000,228673,,93,,113219,,56683
570,8/11/2021 15:00:00,12-17,1628,275950,1112.000000000000000,229785,1,94,2741,115960,1113,57796
571,8/12/2021 15:00:00,12-17,1500,277450,1094.000000000000000,230879,1,95,2595,118555,1095,58891
572,8/13/2021 15:00:00,12-17,1465,278915,1139.000000000000000,232018,,95,,118555,,58891
573,8/14/2021 15:00:00,12-17,1132,280047,777.000000000000000,232795,2,97,1911,120466,779,59670
574,8/15/2021 15:00:00,12-17,718,280765,639.000000000000000,233434,,97,,120466,,59670
575,8/16/2021 15:00:00,12-17,1109,281874,1268.000000000000000,234702,,97,,120466,,59670
576,8/17/2021 15:00:00,12-17,776,282650,548.000000000000000,235250,,97,,120466,,59670
577,6/25/2021 15:00:00,50-64,996,860955,1616.000000000000000,795015,195,84723,2807,1424329,1811,759138
578,6/26/2021 15:00:00,50-64,604,861559,979.000000000000000,795994,91,84814,1674,1426003,1070,760208
579,6/27/2021 15:00:00,50-64,388,861947,534.000000000000000,796528,38,84852,960,1426963,572,760780
580,6/28/2021 15:00:00,50-64,668,862615,958.000000000000000,797486,134,84986,1760,1428723,1092,761872
581,6/29/2021 15:00:00,50-64,805,863420,1130.000000000000000,798616,122,85108,2057,1430780,1252,763124
582,6/30/2021 15:00:00,50-64,890,864310,1093.000000000000000,799709,149,85257,2132,1432912,1242,764366
583,7/1/2021 15:00:00,50-64,735,865045,1145.000000000000000,800854,112,85369,1992,1434904,1257,765623
584,7/2/2021 15:00:00,50-64,907,865952,1169.000000000000000,802023,141,85510,2217,1437121,1310,766933
585,7/3/2021 15:00:00,50-64,532,866484,637.000000000000000,802660,58,85568,1227,1438348,695,767628
586,7/4/2021 15:00:00,50-64,74,866558,79.000000000000000,802739,15,85583,168,1438516,94,767722
587,7/5/2021 15:00:00,50-64,540,867098,618.000000000000000,803357,74,85657,1232,1439748,692,768414
588,7/6/2021 15:00:00,50-64,722,867820,1084.000000000000000,804441,117,85774,1923,1441671,1201,769615
589,7/7/2021 15:00:00,50-64,719,868539,1023.000000000000000,805464,109,85883,1851,1443522,1132,770747
590,7/8/2021 15:00:00,50-64,767,869306,1078.000000000000000,806542,156,86039,2001,1445523,1234,771981
591,7/9/2021 15:00:00,50-64,917,870223,1200.000000000000000,807742,126,86165,2243,1447766,1326,773307
592,7/10/2021 15:00:00,50-64,550,870773,676.000000000000000,808418,81,86246,1307,1449073,757,774064
593,7/11/2021 15:00:00,50-64,359,871132,359.000000000000000,808777,42,86288,760,1449833,401,774465
594,7/12/2021 15:00:00,50-64,731,871863,807.000000000000000,809584,86,86374,1624,1451457,893,775358
595,7/13/2021 15:00:00,50-64,740,872603,789.000000000000000,810373,69,86443,1598,1453055,858,776216
596,7/14/2021 15:00:00,50-64,687,873290,862.000000000000000,811235,100,86543,1649,1454704,962,777178
597,7/15/2021 15:00:00,50-64,753,874043,826.000000000000000,812061,88,86631,1667,1456371,914,778092
598,7/16/2021 15:00:00,50-64,875,874918,1006.000000000000000,813067,94,86725,1975,1458346,1100,779192
599,7/17/2021 15:00:00,50-64,567,875485,580.000000000000000,813647,57,86782,1204,1459550,637,779829
600,7/18/2021 15:00:00,50-64,355,875840,335.000000000000000,813982,18,86800,708,1460258,353,780182
601,7/19/2021 15:00:00,50-64,900,876740,760.000000000000000,814742,80,86880,1740,1461998,840,781022
602,7/20/2021 15:00:00,50-64,913,877653,751.000000000000000,815493,87,86967,1751,1463749,838,781860
603,7/21/2021 15:00:00,50-64,914,878567,821.000000000000000,816314,100,87067,1835,1465584,921,782781
604,7/22/2021 15:00:00,50-64,1053,879620,824.000000000000000,817138,113,87180,1990,1467574,937,783718
605,7/23/2021 15:00:00,50-64,1298,880918,945.000000000000000,818083,128,87308,2371,1469945,1073,784791
606,7/24/2021 15:00:00,50-64,717,881635,576.000000000000000,818659,67,87375,1360,1471305,643,785434
607,7/25/2021 15:00:00,50-64,512,882147,192.000000000000000,818851,26,87401,730,1472035,218,785652
608,7/26/2021 15:00:00,50-64,1023,883170,608.000000000000000,819459,99,87500,1730,1473765,707,786359
609,7/27/2021 15:00:00,50-64,1065,884235,686.000000000000000,820145,106,87606,1857,1475622,792,787151
610,7/28/2021 15:00:00,50-64,1119,885354,719.000000000000000,820864,109,87715,1947,1477569,828,787979
611,7/29/2021 15:00:00,50-64,1122,886476,689.000000000000000,821553,102,87817,1913,1479482,791,788770
612,7/30/2021 15:00:00,50-64,1323,887799,796.000000000000000,822349,136,87953,2255,1481737,932,789702
613,7/31/2021 15:00:00,50-64,803,888602,485.000000000000000,822834,54,88007,1342,1483079,539,790241
614,8/1/2021 15:00:00,50-64,531,889133,296.000000000000000,823130,33,88040,860,1483939,329,790570
615,8/2/2021 15:00:00,50-64,1205,890338,608.000000000000000,823738,74,88114,1887,1485826,682,791252
616,8/3/2021 15:00:00,50-64,1163,891501,633.000000000000000,824371,127,88241,1923,1487749,760,792012
617,8/4/2021 15:00:00,50-64,1217,892718,645.000000000000000,825016,137,88378,1999,1489748,782,792794
618,8/5/2021 15:00:00,50-64,1230,893948,687.000000000000000,825703,114,88492,2031,1491779,801,793595
619,8/6/2021 15:00:00,50-64,1410,895358,846.000000000000000,826549,117,88609,2373,1494152,963,794558
620,8/7/2021 15:00:00,50-64,811,896169,469.000000000000000,827018,65,88674,1345,1495497,534,795092
621,8/8/2021 15:00:00,50-64,546,896715,320.000000000000000,827338,34,88708,900,1496397,354,795446
622,8/9/2021 15:00:00,50-64,1098,897813,758.000000000000000,828096,77,88785,1933,1498330,835,796281
623,8/10/2021 15:00:00,50-64,1115,898928,727.000000000000000,828823,75,88860,1917,1500247,802,797083
624,5/9/2021 15:00:00,18-49,3285,1248731,7098.000000000000000,863948,392,94515,10775,1703590,7490,759517
625,5/10/2021 15:00:00,18-49,5220,1253951,17556.000000000000000,881504,720,95235,23496,1727086,18276,777793
626,5/11/2021 15:00:00,18-49,7571,1261522,18029.000000000000000,899533,746,95981,26346,1753432,18775,796568
627,5/12/2021 15:00:00,18-49,7772,1269294,22124.000000000000000,921657,1090,97071,30986,1784418,23214,819782
628,5/13/2021 15:00:00,18-49,7167,1276461,20128.000000000000000,941785,687,97758,27982,1812400,20815,840597
629,5/14/2021 15:00:00,18-49,9040,1285501,17201.000000000000000,958986,957,98715,27198,1839598,18158,858755
630,5/15/2021 15:00:00,18-49,6585,1292086,14032.000000000000000,973018,935,99650,21552,1861150,14967,873722
631,5/16/2021 15:00:00,18-49,3364,1295450,10689.000000000000000,983707,698,100348,14751,1875901,11387,885109
632,5/17/2021 15:00:00,18-49,6114,1301564,15651.000000000000000,999358,1136,101484,22901,1898802,16787,901896
633,5/18/2021 15:00:00,18-49,8410,1309974,18409.000000000000000,1017767,1139,102623,27958,1926760,19548,921444
634,5/19/2021 15:00:00,18-49,9630,1319604,18988.000000000000000,1036755,954,103577,29572,1956332,19942,941386
635,5/20/2021 15:00:00,18-49,9006,1328610,19214.000000000000000,1055969,1153,104730,29373,1985705,20367,961753
636,5/21/2021 15:00:00,18-49,8443,1337053,18023.000000000000000,1073992,925,105655,27391,2013096,18948,980701
637,5/22/2021 15:00:00,18-49,6721,1343774,11598.000000000000000,1085590,813,106468,19132,2032228,12411,993112
638,5/23/2021 15:00:00,18-49,3995,1347769,7021.000000000000000,1092611,633,107101,11649,2043877,7654,1000766
639,5/24/2021 15:00:00,18-49,6085,1353854,9989.000000000000000,1102600,891,107992,16965,2060842,10880,1011646
640,5/25/2021 15:00:00,18-49,6469,1360323,10703.000000000000000,1113303,799,108791,17971,2078813,11502,1023148
641,5/26/2021 15:00:00,18-49,6843,1367166,11023.000000000000000,1124326,910,109701,18776,2097589,11933,1035081
642,5/27/2021 15:00:00,18-49,5911,1373077,10244.000000000000000,1134570,629,110330,16784,2114373,10873,1045954
643,5/28/2021 15:00:00,18-49,6282,1379359,11859.000000000000000,1146429,872,111202,19013,2133386,12731,1058685
644,5/29/2021 15:00:00,18-49,4641,1384000,7043.000000000000000,1153472,586,111788,12270,2145656,7629,1066314
645,5/30/2021 15:00:00,18-49,2637,1386637,4194.000000000000000,1157666,412,112200,7243,2152899,4606,1070920
646,5/31/2021 15:00:00,18-49,855,1387492,2112.000000000000000,1159778,184,112384,3151,2156050,2296,1073216
647,6/1/2021 15:00:00,18-49,5082,1392574,9638.000000000000000,1169416,661,113045,15381,2171431,10299,1083515
648,6/2/2021 15:00:00,18-49,4628,1397202,9353.000000000000000,1178769,556,113601,14537,2185968,9909,1093424
649,6/3/2021 15:00:00,18-49,4144,1401346,7642.000000000000000,1186411,606,114207,12392,2198360,8248,1101672
650,6/4/2021 15:00:00,18-49,4297,1405643,8675.000000000000000,1195086,616,114823,13588,2211948,9291,1110963
651,6/5/2021 15:00:00,18-49,3385,1409028,5828.000000000000000,1200914,463,115286,9676,2221624,6291,1117254
652,6/6/2021 15:00:00,18-49,1720,1410748,2342.000000000000000,1203256,278,115564,4340,2225964,2620,1119874
653,6/7/2021 15:00:00,18-49,3570,1414318,5120.000000000000000,1208376,417,115981,9107,2235071,5537,1125411
654,6/8/2021 15:00:00,18-49,3459,1417777,7194.000000000000000,1215570,427,116408,11080,2246151,7621,1133032
655,6/9/2021 15:00:00,18-49,3799,1421576,7472.000000000000000,1223042,597,117005,11868,2258019,8069,1141101
656,6/10/2021 15:00:00,18-49,3675,1425251,7624.000000000000000,1230666,483,117488,11782,2269801,8107,1149208
657,6/11/2021 15:00:00,18-49,3728,1428979,7661.000000000000000,1238327,639,118127,12028,2281829,8300,1157508
658,6/12/2021 15:00:00,18-49,2690,1431669,6094.000000000000000,1244421,406,118533,9190,2291019,6500,1164008
659,6/13/2021 15:00:00,18-49,1134,1432803,3308.000000000000000,1247729,311,118844,4753,2295772,3619,1167627
660,6/14/2021 15:00:00,18-49,2910,1435713,5653.000000000000000,1253382,442,119286,9005,2304777,6095,1173722
661,6/15/2021 15:00:00,18-49,2854,1438567,6850.000000000000000,1260232,511,119797,10215,2314992,7361,1181083
662,6/16/2021 15:00:00,18-49,3129,1441696,6726.000000000000000,1266958,417,120214,10272,2325264,7143,1188226
663,6/17/2021 15:00:00,18-49,3353,1445049,6213.000000000000000,1273171,432,120646,9998,2335262,6645,1194871
664,6/18/2021 15:00:00,18-49,3349,1448398,6225.000000000000000,1279396,398,121044,9972,2345234,6623,1201494
665,6/19/2021 15:00:00,18-49,2388,1450786,4443.000000000000000,1283839,413,121457,7244,2352478,4856,1206350
666,6/20/2021 15:00:00,18-49,1334,1452120,2608.000000000000000,1286447,271,121728,4213,2356691,2879,1209229
667,6/21/2021 15:00:00,18-49,2790,1454910,2763.000000000000000,1289210,391,122119,5944,2362635,3154,1212383
668,6/22/2021 15:00:00,18-49,2733,1457643,4671.000000000000000,1293881,440,122559,7844,2370479,5111,1217494
669,6/23/2021 15:00:00,18-49,2961,1460604,4771.000000000000000,1298652,349,122908,8081,2378560,5120,1222614
670,6/24/2021 15:00:00,18-49,2906,1463510,3988.000000000000000,1302640,351,123259,7245,2385805,4339,1226953
671,6/25/2021 15:00:00,18-49,3000,1466510,4530.000000000000000,1307170,350,123609,7880,2393685,4880,1231833
672,6/26/2021 15:00:00,18-49,2012,1468522,3054.000000000000000,1310224,268,123877,5334,2399019,3322,1235155
673,6/27/2021 15:00:00,18-49,1526,1470048,1796.000000000000000,1312020,133,124010,3455,2402474,1929,1237084
674,6/28/2021 15:00:00,18-49,2471,1472519,2896.000000000000000,1314916,326,124336,5693,2408167,3222,1240306
675,6/29/2021 15:00:00,18-49,2722,1475241,3366.000000000000000,1318282,323,124659,6411,2414578,3689,1243995
676,6/30/2021 15:00:00,18-49,2859,1478100,3464.000000000000000,1321746,384,125043,6707,2421285,3848,1247843
677,7/1/2021 15:00:00,18-49,2610,1480710,3260.000000000000000,1325006,301,125344,6171,2427456,3561,1251404
678,7/2/2021 15:00:00,18-49,2682,1483392,3229.000000000000000,1328235,317,125661,6228,2433684,3546,1254950
679,7/3/2021 15:00:00,18-49,1769,1485161,1905.000000000000000,1330140,174,125835,3848,2437532,2079,1257029
680,7/4/2021 15:00:00,18-49,235,1485396,213.000000000000000,1330353,39,125874,487,2438019,252,1257281
681,7/5/2021 15:00:00,18-49,2096,1487492,2119.000000000000000,1332472,186,126060,4401,2442420,2305,1259586
682,7/6/2021 15:00:00,18-49,2393,1489885,3035.000000000000000,1335507,264,126324,5692,2448112,3299,1262885
683,7/7/2021 15:00:00,18-49,2388,1492273,3015.000000000000000,1338522,319,126643,5722,2453834,3334,1266219
684,7/8/2021 15:00:00,18-49,2577,1494850,2950.000000000000000,1341472,346,126989,5873,2459707,3296,1269515
685,7/9/2021 15:00:00,18-49,2815,1497665,3211.000000000000000,1344683,361,127350,6387,2466094,3572,1273087
686,7/10/2021 15:00:00,18-49,1869,1499534,2233.000000000000000,1346916,196,127546,4298,2470392,2429,1275516
687,7/11/2021 15:00:00,18-49,1421,1500955,1385.000000000000000,1348301,162,127708,2968,2473360,1547,1277063
688,7/12/2021 15:00:00,18-49,2320,1503275,2593.000000000000000,1350894,246,127954,5159,2478519,2839,1279902
689,7/13/2021 15:00:00,18-49,2450,1505725,2316.000000000000000,1353210,251,128205,5017,2483536,2567,1282469
690,7/14/2021 15:00:00,18-49,2327,1508052,2465.000000000000000,1355675,265,128470,5057,2488593,2730,1285199
691,7/15/2021 15:00:00,18-49,2402,1510454,2384.000000000000000,1358059,237,128707,5023,2493616,2621,1287820
692,7/16/2021 15:00:00,18-49,2751,1513205,2699.000000000000000,1360758,253,128960,5703,2499319,2952,1290772
693,7/17/2021 15:00:00,18-49,1806,1515011,1838.000000000000000,1362596,223,129183,3867,2503186,2061,1292833
694,7/18/2021 15:00:00,18-49,1234,1516245,1154.000000000000000,1363750,68,129251,2456,2505642,1222,1294055
695,7/19/2021 15:00:00,18-49,2685,1518930,2278.000000000000000,1366028,250,129501,5213,2510855,2528,1296583
696,7/20/2021 15:00:00,18-49,2727,1521657,2422.000000000000000,1368450,216,129717,5365,2516220,2638,1299221
697,7/21/2021 15:00:00,18-49,2829,1524486,2477.000000000000000,1370927,265,129982,5571,2521791,2742,1301963
698,7/22/2021 15:00:00,18-49,2843,1527329,2325.000000000000000,1373252,221,130203,5389,2527180,2546,1304509
699,7/23/2021 15:00:00,18-49,3455,1530784,2468.000000000000000,1375720,310,130513,6233,2533413,2778,1307287
700,7/24/2021 15:00:00,18-49,2320,1533104,1709.000000000000000,1377429,180,130693,4209,2537622,1889,1309176
701,7/25/2021 15:00:00,18-49,1826,1534930,675.000000000000000,1378104,105,130798,2606,2540228,780,1309956
702,7/26/2021 15:00:00,18-49,3264,1538194,2094.000000000000000,1380198,266,131064,5624,2545852,2360,1312316
703,7/27/2021 15:00:00,18-49,3380,1541574,2100.000000000000000,1382298,295,131359,5775,2551627,2395,1314711
704,7/28/2021 15:00:00,18-49,3515,1545089,2089.000000000000000,1384387,291,131650,5895,2557522,2380,1317091
705,7/29/2021 15:00:00,18-49,3596,1548685,2153.000000000000000,1386540,253,131903,6002,2563524,2406,1319497
706,7/30/2021 15:00:00,18-49,3922,1552607,2434.000000000000000,1388974,327,132230,6683,2570207,2761,1322258
707,7/31/2021 15:00:00,18-49,2558,1555165,1614.000000000000000,1390588,195,132425,4367,2574574,1809,1324067
708,8/1/2021 15:00:00,18-49,2190,1557355,1130.000000000000000,1391718,101,132526,3421,2577995,1231,1325298
709,8/2/2021 15:00:00,18-49,3759,1561114,1867.000000000000000,1393585,218,132744,5844,2583839,2085,1327383
710,8/3/2021 15:00:00,18-49,3643,1564757,1972.000000000000000,1395557,308,133052,5923,2589762,2280,1329663
711,8/4/2021 15:00:00,18-49,3799,1568556,2004.000000000000000,1397561,283,133335,6086,2595848,2287,1331950
712,8/5/2021 15:00:00,18-49,4058,1572614,2028.000000000000000,1399589,353,133688,6439,2602287,2381,1334331
713,8/6/2021 15:00:00,18-49,4523,1577137,2360.000000000000000,1401949,276,133964,7159,2609446,2636,1336967
714,8/7/2021 15:00:00,18-49,2993,1580130,1468.000000000000000,1403417,177,134141,4638,2614084,1645,1338612
715,8/8/2021 15:00:00,18-49,2247,1582377,1110.000000000000000,1404527,93,134234,3450,2617534,1203,1339815
716,8/9/2021 15:00:00,18-49,3729,1586106,2265.000000000000000,1406792,245,134479,6239,2623773,2510,1342325
717,8/10/2021 15:00:00,18-49,3851,1589957,2272.000000000000000,1409064,226,134705,6349,2630122,2498,1344823
718,8/11/2021 15:00:00,50-64,1049,899977,687.000000000000000,829510,121,88981,1857,1502104,808,797891
719,8/12/2021 15:00:00,50-64,1032,901009,799.000000000000000,830309,110,89091,1941,1504045,909,798800
720,8/13/2021 15:00:00,50-64,949,901958,817.000000000000000,831126,99,89190,1865,1505910,916,799716
721,8/14/2021 15:00:00,50-64,722,902680,556.000000000000000,831682,67,89257,1345,1507255,623,800339
722,8/15/2021 15:00:00,50-64,447,903127,448.000000000000000,832130,27,89284,922,1508177,475,800814
723,8/16/2021 15:00:00,50-64,763,903890,747.000000000000000,832877,74,89358,1584,1509761,821,801635
724,8/17/2021 15:00:00,50-64,350,904240,378.000000000000000,833255,51,89409,779,1510540,429,802064
725,12/14/2020 15:00:00,65 and Older,2,2,,0,,0,,0,,0
726,12/15/2020 15:00:00,65 and Older,1,3,,0,,0,,0,,0
727,12/16/2020 15:00:00,65 and Older,25,28,1.000000000000000,1,,0,,0,,0
728,12/17/2020 15:00:00,65 and Older,58,86,,1,,0,,0,,0
729,12/18/2020 15:00:00,65 and Older,207,293,,1,,0,,0,,0
730,12/19/2020 15:00:00,65 and Older,68,361,,1,,0,,0,,0
731,12/20/2020 15:00:00,65 and Older,19,380,,1,,0,,0,,0
732,12/21/2020 15:00:00,65 and Older,219,599,,1,,0,,0,,0
733,12/22/2020 15:00:00,65 and Older,1318,1917,,1,,0,,0,,0
734,12/23/2020 15:00:00,65 and Older,696,2613,2.000000000000000,3,,0,,0,,0
735,12/24/2020 15:00:00,65 and Older,231,2844,,3,,0,,0,,0
736,12/25/2020 15:00:00,65 and Older,393,3237,,3,,0,,0,,0
737,12/26/2020 15:00:00,65 and Older,526,3763,1.000000000000000,4,,0,,0,,0
738,12/27/2020 15:00:00,65 and Older,505,4268,,4,,0,,0,,0
739,12/28/2020 15:00:00,65 and Older,1178,5446,2.000000000000000,6,,0,,0,,0
740,12/29/2020 15:00:00,65 and Older,1687,7133,2.000000000000000,8,,0,,0,,0
741,12/30/2020 15:00:00,65 and Older,1325,8458,5.000000000000000,13,,0,,0,,0
742,12/31/2020 15:00:00,65 and Older,852,9310,3.000000000000000,16,,0,,0,,0
743,1/1/2021 15:00:00,65 and Older,855,10165,9.000000000000000,25,,0,,0,,0
744,1/2/2021 15:00:00,65 and Older,782,10947,2.000000000000000,27,,0,,0,,0
745,1/3/2021 15:00:00,65 and Older,767,11714,3.000000000000000,30,,0,,0,,0
746,1/4/2021 15:00:00,65 and Older,2328,14042,13.000000000000000,43,,0,,0,,0
747,1/5/2021 15:00:00,65 and Older,2370,16412,36.000000000000000,79,,0,,0,,0
748,1/6/2021 15:00:00,65 and Older,2681,19093,31.000000000000000,110,,0,,0,,0
749,1/7/2021 15:00:00,65 and Older,2222,21315,105.000000000000000,215,,0,,0,,0
750,1/8/2021 15:00:00,65 and Older,2677,23992,209.000000000000000,424,,0,,0,,0
751,1/9/2021 15:00:00,65 and Older,1163,25155,64.000000000000000,488,,0,,0,,0
752,1/10/2021 15:00:00,65 and Older,734,25889,14.000000000000000,502,,0,,0,,0
753,1/11/2021 15:00:00,65 and Older,3024,28913,236.000000000000000,738,,0,,0,,0
754,1/12/2021 15:00:00,65 and Older,4261,33174,1060.000000000000000,1798,,0,,0,,0
755,1/13/2021 15:00:00,65 and Older,3433,36607,574.000000000000000,2372,,0,,0,,0
756,1/14/2021 15:00:00,65 and Older,3672,40279,202.000000000000000,2574,,0,,0,,0
757,1/15/2021 15:00:00,65 and Older,4596,44875,436.000000000000000,3010,,0,,0,,0
758,1/16/2021 15:00:00,65 and Older,2023,46898,461.000000000000000,3471,,0,,0,,0
759,1/17/2021 15:00:00,65 and Older,660,47558,414.000000000000000,3885,,0,,0,,0
760,1/18/2021 15:00:00,65 and Older,3523,51081,830.000000000000000,4715,,0,,0,,0
761,1/19/2021 15:00:00,65 and Older,9443,60524,957.000000000000000,5672,,0,,0,,0
762,1/20/2021 15:00:00,65 and Older,12026,72550,716.000000000000000,6388,,0,,0,,0
763,1/21/2021 15:00:00,65 and Older,12315,84865,483.000000000000000,6871,,0,,0,,0
764,1/22/2021 15:00:00,65 and Older,13402,98267,892.000000000000000,7763,,0,,0,,0
765,1/23/2021 15:00:00,65 and Older,5018,103285,553.000000000000000,8316,,0,,0,,0
766,1/24/2021 15:00:00,65 and Older,1976,105261,452.000000000000000,8768,,0,,0,,0
767,8/11/2021 15:00:00,18-49,3750,1593707,2186.000000000000000,1411250,264,134969,6200,2636322,2450,1347273
768,8/12/2021 15:00:00,18-49,3507,1597214,2101.000000000000000,1413351,230,135199,5838,2642160,2331,1349604
769,8/13/2021 15:00:00,18-49,3152,1600366,2221.000000000000000,1415572,190,135389,5563,2647723,2411,1352015
770,8/14/2021 15:00:00,18-49,2486,1602852,1581.000000000000000,1417153,157,135546,4224,2651947,1738,1353753
771,8/15/2021 15:00:00,18-49,1786,1604638,1446.000000000000000,1418599,95,135641,3327,2655274,1541,1355294
772,8/16/2021 15:00:00,18-49,2615,1607253,2316.000000000000000,1420915,203,135844,5134,2660408,2519,1357813
773,8/17/2021 15:00:00,18-49,1172,1608425,1000.000000000000000,1421915,144,135988,2316,2662724,1144,1358957
774,1/8/2021 15:00:00,Unknown,8000,8000,,0,,0,,0,,0
775,2/6/2021 15:00:00,Unknown,,8000,8000.000000000000000,8000,,0,,0,,0
776,4/13/2021 15:00:00,Unknown,84295,92295,54201.000000000000000,62201,2952,2952,141448,141448,57153,57153
777,4/14/2021 15:00:00,Unknown,557,92852,11.000000000000000,62212,1,2953,569,142017,12,57165
778,4/15/2021 15:00:00,Unknown,623,93475,823.000000000000000,63035,19,2972,1465,143482,842,58007
779,4/16/2021 15:00:00,Unknown,782,94257,1016.000000000000000,64051,8,2980,1806,145288,1024,59031
780,4/17/2021 15:00:00,Unknown,1136,95393,1177.000000000000000,65228,6,2986,2319,147607,1183,60214
781,4/19/2021 15:00:00,Unknown,1369,96762,2003.000000000000000,67231,9,2995,3381,150988,2012,62226
782,4/20/2021 15:00:00,Unknown,3243,100005,2158.000000000000000,69389,19,3014,5420,156408,2177,64403
783,4/21/2021 15:00:00,Unknown,906,100911,1206.000000000000000,70595,4,3018,2116,158524,1210,65613
784,4/22/2021 15:00:00,Unknown,1018,101929,458.000000000000000,71053,,3018,,158524,,65613
785,4/23/2021 15:00:00,Unknown,759,102688,632.000000000000000,71685,1,3019,1392,159916,633,66246
786,4/25/2021 15:00:00,Unknown,992,103680,2492.000000000000000,74177,5,3024,3489,163405,2497,68743
787,4/26/2021 15:00:00,Unknown,1483,105163,1672.000000000000000,75849,1,3025,3156,166561,1673,70416
788,4/29/2021 15:00:00,Unknown,223,105386,865.000000000000000,76714,2,3027,1090,167651,867,71283
789,5/1/2021 15:00:00,Unknown,1556,106942,1974.000000000000000,78688,14,3041,3544,171195,1988,73271
790,5/2/2021 15:00:00,Unknown,1071,108013,1875.000000000000000,80563,4,3045,2950,174145,1879,75150
791,5/3/2021 15:00:00,Unknown,403,108416,2165.000000000000000,82728,4,3049,2572,176717,2169,77319
792,5/4/2021 15:00:00,Unknown,28,108444,25.000000000000000,82753,,3049,,176717,,77319
793,5/5/2021 15:00:00,Unknown,365,108809,814.000000000000000,83567,,3049,,176717,,77319
794,5/6/2021 15:00:00,Unknown,275,109084,880.000000000000000,84447,3,3052,1158,177875,883,78202
795,5/7/2021 15:00:00,Unknown,274,109358,966.000000000000000,85413,8,3060,1248,179123,974,79176
796,5/8/2021 15:00:00,Unknown,297,109655,1312.000000000000000,86725,6,3066,1615,180738,1318,80494
797,5/10/2021 15:00:00,Unknown,338,109993,1712.000000000000000,88437,1,3067,2051,182789,1713,82207
798,5/11/2021 15:00:00,Unknown,18,110011,13.000000000000000,88450,,3067,,182789,,82207
799,5/12/2021 15:00:00,Unknown,243,110254,1124.000000000000000,89574,,3067,,182789,,82207
800,5/14/2021 15:00:00,Unknown,290,110544,1022.000000000000000,90596,2,3069,1314,184103,1024,83231
801,5/15/2021 15:00:00,Unknown,611,111155,1701.000000000000000,92297,4,3073,2316,186419,1705,84936
802,5/17/2021 15:00:00,Unknown,565,111720,2505.000000000000000,94802,11,3084,3081,189500,2516,87452
803,5/18/2021 15:00:00,Unknown,164,111884,61.000000000000000,94863,2,3086,227,189727,63,87515
804,5/20/2021 15:00:00,Unknown,885,112769,1024.000000000000000,95887,,3086,,189727,,87515
805,5/22/2021 15:00:00,Unknown,911,113680,1359.000000000000000,97246,9,3095,2279,192006,1368,88883
806,5/24/2021 15:00:00,Unknown,514,114194,1032.000000000000000,98278,8,3103,1554,193560,1040,89923
807,5/25/2021 15:00:00,Unknown,5,114199,1.000000000000000,98279,2,3105,8,193568,3,89926
808,5/27/2021 15:00:00,Unknown,425,114624,674.000000000000000,98953,1,3106,1100,194668,675,90601
809,5/28/2021 15:00:00,Unknown,418,115042,342.000000000000000,99295,,3106,,194668,,90601
810,5/29/2021 15:00:00,Unknown,267,115309,344.000000000000000,99639,10,3116,621,195289,354,90955
811,5/31/2021 15:00:00,Unknown,214,115523,243.000000000000000,99882,3,3119,460,195749,246,91201
812,6/1/2021 15:00:00,Unknown,30,115553,48.000000000000000,99930,,3119,,195749,,91201
813,6/16/2021 15:00:00,Unknown,2042,117595,3555.000000000000000,103485,37,3156,5634,201383,3592,94793
814,1/25/2021 15:00:00,65 and Older,9719,114980,1443.000000000000000,10211,,0,,0,,0
815,1/26/2021 15:00:00,65 and Older,10252,125232,1687.000000000000000,11898,,0,,0,,0
816,1/27/2021 15:00:00,65 and Older,15360,140592,1971.000000000000000,13869,,0,,0,,0
817,1/28/2021 15:00:00,65 and Older,13740,154332,1448.000000000000000,15317,,0,,0,,0
818,1/29/2021 15:00:00,65 and Older,15421,169753,1342.000000000000000,16659,,0,,0,,0
819,1/30/2021 15:00:00,65 and Older,11177,180930,417.000000000000000,17076,,0,,0,,0
820,1/31/2021 15:00:00,65 and Older,1812,182742,470.000000000000000,17546,,0,,0,,0
821,2/1/2021 15:00:00,65 and Older,4408,187150,1165.000000000000000,18711,,0,,0,,0
822,2/2/2021 15:00:00,65 and Older,7652,194802,3050.000000000000000,21761,,0,,0,,0
823,2/3/2021 15:00:00,65 and Older,10725,205527,2825.000000000000000,24586,,0,,0,,0
824,2/4/2021 15:00:00,65 and Older,13203,218730,2884.000000000000000,27470,,0,,0,,0
825,2/5/2021 15:00:00,65 and Older,11691,230421,3771.000000000000000,31241,,0,,0,,0
826,2/6/2021 15:00:00,65 and Older,6547,236968,1578.000000000000000,32819,,0,,0,,0
827,2/7/2021 15:00:00,65 and Older,3427,240395,626.000000000000000,33445,,0,,0,,0
828,2/8/2021 15:00:00,65 and Older,7850,248245,3591.000000000000000,37036,,0,,0,,0
829,2/9/2021 15:00:00,65 and Older,9931,258176,4694.000000000000000,41730,,0,,0,,0
830,2/10/2021 15:00:00,65 and Older,11903,270079,6866.000000000000000,48596,,0,,0,,0
831,2/11/2021 15:00:00,65 and Older,13099,283178,5644.000000000000000,54240,,0,,0,,0
832,2/12/2021 15:00:00,65 and Older,10457,293635,6363.000000000000000,60603,,0,,0,,0
833,2/13/2021 15:00:00,65 and Older,6508,300143,2979.000000000000000,63582,,0,,0,,0
834,2/14/2021 15:00:00,65 and Older,3547,303690,916.000000000000000,64498,,0,,0,,0
835,2/15/2021 15:00:00,65 and Older,7012,310702,6630.000000000000000,71128,,0,,0,,0
836,2/16/2021 15:00:00,65 and Older,8962,319664,11755.000000000000000,82883,,0,,0,,0
837,2/17/2021 15:00:00,65 and Older,10084,329748,14116.000000000000000,96999,,0,,0,,0
838,2/18/2021 15:00:00,65 and Older,1458,331206,2150.000000000000000,99149,,0,,0,,0
839,2/19/2021 15:00:00,65 and Older,5608,336814,9757.000000000000000,108906,,0,,0,,0
840,2/20/2021 15:00:00,65 and Older,5507,342321,10949.000000000000000,119855,,0,,0,,0
841,2/21/2021 15:00:00,65 and Older,3747,346068,5191.000000000000000,125046,,0,,0,,0
842,2/22/2021 15:00:00,65 and Older,4547,350615,8291.000000000000000,133337,,0,,0,,0
843,2/23/2021 15:00:00,65 and Older,8454,359069,10223.000000000000000,143560,,0,,0,,0
844,2/24/2021 15:00:00,65 and Older,9225,368294,15309.000000000000000,158869,,0,,0,,0
845,2/25/2021 15:00:00,65 and Older,11721,380015,16064.000000000000000,174933,,0,,0,,0
846,2/26/2021 15:00:00,65 and Older,15508,395523,14427.000000000000000,189360,,0,,0,,0
847,2/27/2021 15:00:00,65 and Older,8040,403563,6629.000000000000000,195989,,0,,0,,0
848,2/28/2021 15:00:00,65 and Older,7884,411447,2741.000000000000000,198730,,0,,0,,0
849,3/1/2021 15:00:00,65 and Older,12471,423918,7970.000000000000000,206700,,0,,0,,0
850,3/2/2021 15:00:00,65 and Older,12634,436552,8340.000000000000000,215040,12,12,20986,20986,8352,8352
851,3/3/2021 15:00:00,65 and Older,14764,451316,10361.000000000000000,225401,46,58,25171,46157,10407,18759
852,3/4/2021 15:00:00,65 and Older,15923,467239,10941.000000000000000,236342,1704,1762,28568,74725,12645,31404
853,3/5/2021 15:00:00,65 and Older,15801,483040,10633.000000000000000,246975,2723,4485,29157,103882,13356,44760
854,3/6/2021 15:00:00,65 and Older,8005,491045,4539.000000000000000,251514,2170,6655,14714,118596,6709,51469
855,3/7/2021 15:00:00,65 and Older,5766,496811,2483.000000000000000,253997,2163,8818,10412,129008,4646,56115
856,3/8/2021 15:00:00,65 and Older,13363,510174,4616.000000000000000,258613,3538,12356,21517,150525,8154,64269
857,3/9/2021 15:00:00,65 and Older,12658,522832,8738.000000000000000,267351,3638,15994,25034,175559,12376,76645
858,3/10/2021 15:00:00,65 and Older,14052,536884,8254.000000000000000,275605,2554,18548,24860,200419,10808,87453
859,3/11/2021 15:00:00,65 and Older,14623,551507,9611.000000000000000,285216,1852,20400,26086,226505,11463,98916
860,3/12/2021 15:00:00,65 and Older,15394,566901,9403.000000000000000,294619,1218,21618,26015,252520,10621,109537
861,3/13/2021 15:00:00,65 and Older,7186,574087,5492.000000000000000,300111,497,22115,13175,265695,5989,115526
862,6/17/2021 15:00:00,Unknown,22,117617,95.000000000000000,103580,,3156,,201383,,94793
863,6/18/2021 15:00:00,Unknown,269,117886,456.000000000000000,104036,4,3160,729,202112,460,95253
864,6/19/2021 15:00:00,Unknown,166,118052,338.000000000000000,104374,1,3161,505,202617,339,95592
865,6/20/2021 15:00:00,Unknown,161,118213,284.000000000000000,104658,1,3162,446,203063,285,95877
866,6/21/2021 15:00:00,Unknown,56,118269,120.000000000000000,104778,1,3163,177,203240,121,95998
867,6/22/2021 15:00:00,Unknown,13,118282,8.000000000000000,104786,1,3164,22,203262,9,96007
868,6/23/2021 15:00:00,Unknown,2,118284,2.000000000000000,104788,,3164,,203262,,96007
869,6/24/2021 15:00:00,Unknown,304,118588,355.000000000000000,105143,5,3169,664,203926,360,96367
870,6/25/2021 15:00:00,Unknown,124,118712,209.000000000000000,105352,1,3170,334,204260,210,96577
871,6/27/2021 15:00:00,Unknown,124,118836,173.000000000000000,105525,2,3172,299,204559,175,96752
872,6/28/2021 15:00:00,Unknown,146,118982,186.000000000000000,105711,4,3176,336,204895,190,96942
873,6/29/2021 15:00:00,Unknown,2,118984,2.000000000000000,105713,1,3177,5,204900,3,96945
874,7/1/2021 15:00:00,Unknown,313,119297,340.000000000000000,106053,8,3185,661,205561,348,97293
875,7/2/2021 15:00:00,Unknown,209,119506,249.000000000000000,106302,6,3191,464,206025,255,97548
876,7/3/2021 15:00:00,Unknown,97,119603,123.000000000000000,106425,4,3195,224,206249,127,97675
877,7/4/2021 15:00:00,Unknown,75,119678,98.000000000000000,106523,6,3201,179,206428,104,97779
878,7/5/2021 15:00:00,Unknown,7,119685,8.000000000000000,106531,,3201,,206428,,97779
879,7/6/2021 15:00:00,Unknown,18,119703,22.000000000000000,106553,4,3205,44,206472,26,97805
880,7/8/2021 15:00:00,Unknown,105,119808,155.000000000000000,106708,5,3210,265,206737,160,97965
881,7/9/2021 15:00:00,Unknown,136,119944,203.000000000000000,106911,9,3219,348,207085,212,98177
882,7/10/2021 15:00:00,Unknown,130,120074,140.000000000000000,107051,4,3223,274,207359,144,98321
883,7/11/2021 15:00:00,Unknown,145,120219,137.000000000000000,107188,4,3227,286,207645,141,98462
884,7/13/2021 15:00:00,Unknown,3,120222,1.000000000000000,107189,,3227,,207645,,98462
885,7/14/2021 15:00:00,Unknown,57,120279,57.000000000000000,107246,3,3230,117,207762,60,98522
886,7/15/2021 15:00:00,Unknown,56,120335,90.000000000000000,107336,4,3234,150,207912,94,98616
887,7/16/2021 15:00:00,Unknown,1012,121347,526.000000000000000,107862,24,3258,1562,209474,550,99166
888,7/17/2021 15:00:00,Unknown,86,121433,116.000000000000000,107978,4,3262,206,209680,120,99286
889,7/18/2021 15:00:00,Unknown,152,121585,219.000000000000000,108197,10,3272,381,210061,229,99515
890,7/19/2021 15:00:00,Unknown,11,121596,10.000000000000000,108207,5,3277,26,210087,15,99530
891,7/21/2021 15:00:00,Unknown,4,121600,3.000000000000000,108210,,3277,,210087,,99530
892,7/22/2021 15:00:00,Unknown,27,121627,35.000000000000000,108245,,3277,,210087,,99530
893,7/23/2021 15:00:00,Unknown,12,121639,13.000000000000000,108258,,3277,,210087,,99530
894,7/25/2021 15:00:00,Unknown,19,121658,7.000000000000000,108265,,3277,,210087,,99530
895,7/28/2021 15:00:00,Unknown,,121658,1.000000000000000,108266,,3277,,210087,,99530
896,7/29/2021 15:00:00,Unknown,33,121691,11.000000000000000,108277,,3277,,210087,,99530
897,7/30/2021 15:00:00,Unknown,3,121694,2.000000000000000,108279,,3277,,210087,,99530
898,7/31/2021 15:00:00,Unknown,61,121755,24.000000000000000,108303,3,3280,88,210175,27,99557
899,8/1/2021 15:00:00,Unknown,1,121756,,108303,,3280,,210175,,99557
900,8/3/2021 15:00:00,Unknown,3,121759,,108303,,3280,,210175,,99557
901,8/5/2021 15:00:00,Unknown,35,121794,15.000000000000000,108318,,3280,,210175,,99557
902,8/6/2021 15:00:00,Unknown,,121794,30.000000000000000,108348,,3280,,210175,,99557
903,8/7/2021 15:00:00,Unknown,,121794,15.000000000000000,108363,,3280,,210175,,99557
904,8/8/2021 15:00:00,Unknown,69,121863,26.000000000000000,108389,,3280,,210175,,99557
905,8/10/2021 15:00:00,Unknown,1,121864,2.000000000000000,108391,,3280,,210175,,99557
906,8/11/2021 15:00:00,Unknown,3,121867,,108391,1,3281,,210175,,99557
907,8/12/2021 15:00:00,Unknown,1948,123815,201.000000000000000,108592,,3281,,210175,,99557
908,8/13/2021 15:00:00,Unknown,7,123822,5.000000000000000,108597,,3281,,210175,,99557
909,8/14/2021 15:00:00,Unknown,38,123860,17.000000000000000,108614,,3281,,210175,,99557
910,8/17/2021 15:00:00,Unknown,9,123869,1.000000000000000,108615,,3281,,210175,,99557
911,3/14/2021 15:00:00,65 and Older,4742,578829,3596.000000000000000,303707,258,22373,8596,274291,3854,119380
912,3/15/2021 15:00:00,65 and Older,8586,587415,6633.000000000000000,310340,207,22580,15426,289717,6840,126220
913,3/16/2021 15:00:00,65 and Older,10914,598329,7706.000000000000000,318046,357,22937,18977,308694,8063,134283
914,3/17/2021 15:00:00,65 and Older,13088,611417,9576.000000000000000,327622,285,23222,22949,331643,9861,144144
915,3/18/2021 15:00:00,65 and Older,11909,623326,6633.000000000000000,334255,362,23584,18904,350547,6995,151139
916,3/19/2021 15:00:00,65 and Older,11149,634475,9339.000000000000000,343594,293,23877,20781,371328,9632,160771
917,3/20/2021 15:00:00,65 and Older,4950,639425,4804.000000000000000,348398,423,24300,10177,381505,5227,165998
918,3/21/2021 15:00:00,65 and Older,3174,642599,3967.000000000000000,352365,64,24364,7205,388710,4031,170029
919,3/22/2021 15:00:00,65 and Older,6458,649057,6115.000000000000000,358480,223,24587,12796,401506,6338,176367
920,3/23/2021 15:00:00,65 and Older,7282,656339,8910.000000000000000,367390,484,25071,16676,418182,9394,185761
921,3/24/2021 15:00:00,65 and Older,7328,663667,10477.000000000000000,377867,396,25467,18201,436383,10873,196634
922,3/25/2021 15:00:00,65 and Older,6209,669876,11192.000000000000000,389059,587,26054,17988,454371,11779,208413
923,3/26/2021 15:00:00,65 and Older,5291,675167,14351.000000000000000,403410,447,26501,20089,474460,14798,223211
924,3/27/2021 15:00:00,65 and Older,4164,679331,9131.000000000000000,412541,393,26894,13688,488148,9524,232735
925,3/28/2021 15:00:00,65 and Older,1549,680880,6757.000000000000000,419298,76,26970,8382,496530,6833,239568
926,3/29/2021 15:00:00,65 and Older,3210,684090,12913.000000000000000,432211,276,27246,16399,512929,13189,252757
927,3/30/2021 15:00:00,65 and Older,4030,688120,15045.000000000000000,447256,435,27681,19510,532439,15480,268237
928,3/31/2021 15:00:00,65 and Older,4996,693116,17494.000000000000000,464750,752,28433,23242,555681,18246,286483
929,4/1/2021 15:00:00,65 and Older,3962,697078,17962.000000000000000,482712,816,29249,22740,578421,18778,305261
930,4/2/2021 15:00:00,65 and Older,4009,701087,15406.000000000000000,498118,686,29935,20101,598522,16092,321353
931,4/3/2021 15:00:00,65 and Older,1984,703071,7446.000000000000000,505564,424,30359,9854,608376,7870,329223
932,4/4/2021 15:00:00,65 and Older,571,703642,3106.000000000000000,508670,103,30462,3780,612156,3209,332432
933,4/5/2021 15:00:00,65 and Older,2328,705970,11764.000000000000000,520434,913,31375,15005,627161,12677,345109
934,4/6/2021 15:00:00,65 and Older,3356,709326,10992.000000000000000,531426,1385,32760,15733,642894,12377,357486
935,4/7/2021 15:00:00,65 and Older,3207,712533,12846.000000000000000,544272,1468,34228,17521,660415,14314,371800
936,4/8/2021 15:00:00,65 and Older,3610,716143,12332.000000000000000,556604,1856,36084,17798,678213,14188,385988
937,4/9/2021 15:00:00,65 and Older,2825,718968,13278.000000000000000,569882,1579,37663,17682,695895,14857,400845
938,4/10/2021 15:00:00,65 and Older,1396,720364,5092.000000000000000,574974,746,38409,7234,703129,5838,406683
939,4/11/2021 15:00:00,65 and Older,853,721217,2473.000000000000000,577447,570,38979,3896,707025,3043,409726
940,4/12/2021 15:00:00,65 and Older,1768,722985,7853.000000000000000,585300,1037,40016,10658,717683,8890,418616
941,4/13/2021 15:00:00,65 and Older,2777,725762,10113.000000000000000,595413,16,40032,12906,730589,10129,428745
942,4/14/2021 15:00:00,65 and Older,2579,728341,10271.000000000000000,605684,32,40064,12882,743471,10303,439048
943,4/15/2021 15:00:00,65 and Older,2650,730991,9841.000000000000000,615525,15,40079,12506,755977,9856,448904
944,4/16/2021 15:00:00,65 and Older,2587,733578,8982.000000000000000,624507,3,40082,11572,767549,8985,457889
945,4/17/2021 15:00:00,65 and Older,1516,735094,3958.000000000000000,628465,,40082,,767549,,457889
946,4/18/2021 15:00:00,65 and Older,927,736021,1709.000000000000000,630174,,40082,,767549,,457889
947,4/19/2021 15:00:00,65 and Older,1903,737924,4587.000000000000000,634761,16,40098,6506,774055,4603,462492
948,4/20/2021 15:00:00,65 and Older,2220,740144,6319.000000000000000,641080,17,40115,8556,782611,6336,468828
949,4/21/2021 15:00:00,65 and Older,2420,742564,6764.000000000000000,647844,4,40119,9188,791799,6768,475596
950,4/22/2021 15:00:00,65 and Older,2485,745049,5685.000000000000000,653529,1,40120,8171,799970,5686,481282
951,4/23/2021 15:00:00,65 and Older,2243,747292,5772.000000000000000,659301,,40120,,799970,,481282
952,4/24/2021 15:00:00,65 and Older,1543,748835,2665.000000000000000,661966,7,40127,4215,804185,2672,483954
953,4/25/2021 15:00:00,65 and Older,1032,749867,645.000000000000000,662611,6,40133,1683,805868,651,484605
954,4/26/2021 15:00:00,65 and Older,1952,751819,2915.000000000000000,665526,34,40167,4901,810769,2949,487554
955,4/27/2021 15:00:00,65 and Older,2321,754140,3035.000000000000000,668561,148,40315,5504,816273,3183,490737
956,4/28/2021 15:00:00,65 and Older,2332,756472,4008.000000000000000,672569,187,40502,6527,822800,4195,494932
957,4/29/2021 15:00:00,65 and Older,2226,758698,3458.000000000000000,676027,227,40729,5911,828711,3685,498617
958,4/30/2021 15:00:00,65 and Older,2153,760851,2743.000000000000000,678770,246,40975,5142,833853,2989,501606
959,5/1/2021 15:00:00,65 and Older,1231,762082,1362.000000000000000,680132,114,41089,2707,836560,1476,503082
960,5/2/2021 15:00:00,65 and Older,560,762642,679.000000000000000,680811,83,41172,1322,837882,762,503844
961,5/3/2021 15:00:00,65 and Older,1144,763786,2006.000000000000000,682817,246,41418,3396,841278,2252,506096
962,5/4/2021 15:00:00,65 and Older,1367,765153,2729.000000000000000,685546,293,41711,4389,845667,3022,509118
963,5/5/2021 15:00:00,65 and Older,1535,766688,2685.000000000000000,688231,286,41997,4506,850173,2971,512089
964,5/6/2021 15:00:00,65 and Older,1630,768318,2963.000000000000000,691194,250,42247,4843,855016,3213,515302
965,5/7/2021 15:00:00,65 and Older,1314,769632,2310.000000000000000,693504,334,42581,3958,858974,2644,517946
966,5/8/2021 15:00:00,65 and Older,691,770323,1526.000000000000000,695030,131,42712,2348,861322,1657,519603
967,5/9/2021 15:00:00,65 and Older,286,770609,507.000000000000000,695537,87,42799,880,862202,594,520197
968,5/10/2021 15:00:00,65 and Older,757,771366,1923.000000000000000,697460,178,42977,2858,865060,2101,522298
969,5/11/2021 15:00:00,65 and Older,1052,772418,1947.000000000000000,699407,223,43200,3222,868282,2170,524468
970,5/12/2021 15:00:00,65 and Older,1078,773496,2474.000000000000000,701881,253,43453,3805,872087,2727,527195
971,5/13/2021 15:00:00,65 and Older,1032,774528,2248.000000000000000,704129,234,43687,3514,875601,2482,529677
972,5/14/2021 15:00:00,65 and Older,1114,775642,2070.000000000000000,706199,259,43946,3443,879044,2329,532006
973,5/15/2021 15:00:00,65 and Older,669,776311,1348.000000000000000,707547,156,44102,2173,881217,1504,533510
974,5/16/2021 15:00:00,65 and Older,320,776631,954.000000000000000,708501,96,44198,1370,882587,1050,534560
975,5/17/2021 15:00:00,65 and Older,856,777487,1822.000000000000000,710323,236,44434,2914,885501,2058,536618
976,5/18/2021 15:00:00,65 and Older,1117,778604,2463.000000000000000,712786,238,44672,3818,889319,2701,539319
977,5/19/2021 15:00:00,65 and Older,1096,779700,2391.000000000000000,715177,180,44852,3667,892986,2571,541890
978,5/20/2021 15:00:00,65 and Older,1184,780884,2467.000000000000000,717644,256,45108,3907,896893,2723,544613
979,5/21/2021 15:00:00,65 and Older,1021,781905,2219.000000000000000,719863,207,45315,3447,900340,2426,547039
980,5/22/2021 15:00:00,65 and Older,578,782483,1271.000000000000000,721134,110,45425,1959,902299,1381,548420
981,5/23/2021 15:00:00,65 and Older,288,782771,671.000000000000000,721805,68,45493,1027,903326,739,549159
982,5/24/2021 15:00:00,65 and Older,771,783542,1408.000000000000000,723213,171,45664,2350,905676,1579,550738
983,5/25/2021 15:00:00,65 and Older,869,784411,1825.000000000000000,725038,182,45846,2876,908552,2007,552745
984,5/26/2021 15:00:00,65 and Older,767,785178,1697.000000000000000,726735,178,46024,2642,911194,1875,554620
985,5/27/2021 15:00:00,65 and Older,827,786005,1702.000000000000000,728437,168,46192,2697,913891,1870,556490
986,5/28/2021 15:00:00,65 and Older,778,786783,1535.000000000000000,729972,145,46337,2458,916349,1680,558170
987,5/29/2021 15:00:00,65 and Older,360,787143,694.000000000000000,730666,82,46419,1136,917485,776,558946
988,5/30/2021 15:00:00,65 and Older,209,787352,382.000000000000000,731048,36,46455,627,918112,418,559364
989,5/31/2021 15:00:00,65 and Older,126,787478,295.000000000000000,731343,34,46489,455,918567,329,559693
990,6/1/2021 15:00:00,65 and Older,700,788178,1557.000000000000000,732900,163,46652,2420,920987,1720,561413
991,6/2/2021 15:00:00,65 and Older,652,788830,1246.000000000000000,734146,124,46776,2022,923009,1370,562783
992,6/3/2021 15:00:00,65 and Older,634,789464,1388.000000000000000,735534,155,46931,2177,925186,1543,564326
993,6/4/2021 15:00:00,65 and Older,598,790062,1145.000000000000000,736679,181,47112,1924,927110,1326,565652
994,6/5/2021 15:00:00,65 and Older,368,790430,684.000000000000000,737363,64,47176,1116,928226,748,566400
995,6/6/2021 15:00:00,65 and Older,147,790577,274.000000000000000,737637,47,47223,468,928694,321,566721
996,6/7/2021 15:00:00,65 and Older,462,791039,838.000000000000000,738475,109,47332,1409,930103,947,567668
997,6/8/2021 15:00:00,65 and Older,503,791542,1047.000000000000000,739522,130,47462,1680,931783,1177,568845
998,6/9/2021 15:00:00,65 and Older,552,792094,953.000000000000000,740475,106,47568,1611,933394,1059,569904
999,6/10/2021 15:00:00,65 and Older,507,792601,1116.000000000000000,741591,143,47711,1766,935160,1259,571163
1000,6/11/2021 15:00:00,65 and Older,441,793042,989.000000000000000,742580,153,47864,1583,936743,1142,572305
1001,6/12/2021 15:00:00,65 and Older,260,793302,538.000000000000000,743118,40,47904,838,937581,578,572883
1002,6/13/2021 15:00:00,65 and Older,108,793410,251.000000000000000,743369,37,47941,396,937977,288,573171
1003,6/14/2021 15:00:00,65 and Older,368,793778,803.000000000000000,744172,115,48056,1286,939263,918,574089
1004,6/15/2021 15:00:00,65 and Older,401,794179,986.000000000000000,745158,117,48173,1504,940767,1103,575192
1005,6/16/2021 15:00:00,65 and Older,424,794603,817.000000000000000,745975,101,48274,1342,942109,918,576110
1006,6/17/2021 15:00:00,65 and Older,495,795098,971.000000000000000,746946,89,48363,1555,943664,1060,577170
1007,6/18/2021 15:00:00,65 and Older,443,795541,787.000000000000000,747733,95,48458,1325,944989,882,578052
1008,6/19/2021 15:00:00,65 and Older,243,795784,400.000000000000000,748133,39,48497,682,945671,439,578491
1009,6/20/2021 15:00:00,65 and Older,94,795878,215.000000000000000,748348,24,48521,333,946004,239,578730
1010,6/21/2021 15:00:00,65 and Older,385,796263,473.000000000000000,748821,88,48609,946,946950,561,579291
1011,6/22/2021 15:00:00,65 and Older,365,796628,667.000000000000000,749488,68,48677,1100,948050,735,580026
1012,6/23/2021 15:00:00,65 and Older,386,797014,677.000000000000000,750165,114,48791,1177,949227,791,580817
1013,6/24/2021 15:00:00,65 and Older,432,797446,661.000000000000000,750826,86,48877,1179,950406,747,581564
1014,6/25/2021 15:00:00,65 and Older,391,797837,618.000000000000000,751444,73,48950,1082,951488,691,582255
1015,6/26/2021 15:00:00,65 and Older,219,798056,354.000000000000000,751798,33,48983,606,952094,387,582642
1016,6/27/2021 15:00:00,65 and Older,120,798176,147.000000000000000,751945,9,48992,276,952370,156,582798
1017,6/28/2021 15:00:00,65 and Older,277,798453,357.000000000000000,752302,56,49048,690,953060,413,583211
1018,6/29/2021 15:00:00,65 and Older,360,798813,470.000000000000000,752772,60,49108,890,953950,530,583741
1019,6/30/2021 15:00:00,65 and Older,372,799185,514.000000000000000,753286,62,49170,948,954898,576,584317
1020,7/1/2021 15:00:00,65 and Older,354,799539,507.000000000000000,753793,51,49221,912,955810,558,584875
1021,7/2/2021 15:00:00,65 and Older,342,799881,441.000000000000000,754234,50,49271,833,956643,491,585366
1022,7/3/2021 15:00:00,65 and Older,184,800065,251.000000000000000,754485,24,49295,459,957102,275,585641
1023,7/4/2021 15:00:00,65 and Older,26,800091,28.000000000000000,754513,5,49300,59,957161,33,585674
1024,7/5/2021 15:00:00,65 and Older,198,800289,272.000000000000000,754785,19,49319,489,957650,291,585965
1025,7/6/2021 15:00:00,65 and Older,351,800640,500.000000000000000,755285,55,49374,906,958556,555,586520
1026,7/7/2021 15:00:00,65 and Older,282,800922,468.000000000000000,755753,48,49422,798,959354,516,587036
1027,7/8/2021 15:00:00,65 and Older,322,801244,434.000000000000000,756187,51,49473,807,960161,485,587521
1028,7/9/2021 15:00:00,65 and Older,359,801603,447.000000000000000,756634,69,49542,875,961036,516,588037
1029,7/10/2021 15:00:00,65 and Older,171,801774,231.000000000000000,756865,20,49562,422,961458,251,588288
1030,7/11/2021 15:00:00,65 and Older,87,801861,116.000000000000000,756981,12,49574,215,961673,128,588416
1031,7/12/2021 15:00:00,65 and Older,313,802174,347.000000000000000,757328,39,49613,699,962372,386,588802
1032,7/13/2021 15:00:00,65 and Older,345,802519,316.000000000000000,757644,33,49646,694,963066,349,589151
1033,7/14/2021 15:00:00,65 and Older,315,802834,348.000000000000000,757992,45,49691,708,963774,393,589544
1034,7/15/2021 15:00:00,65 and Older,358,803192,406.000000000000000,758398,25,49716,789,964563,431,589975
1035,7/16/2021 15:00:00,65 and Older,379,803571,384.000000000000000,758782,25,49741,788,965351,409,590384
1036,7/17/2021 15:00:00,65 and Older,173,803744,202.000000000000000,758984,13,49754,388,965739,215,590599
1037,7/18/2021 15:00:00,65 and Older,93,803837,91.000000000000000,759075,11,49765,195,965934,102,590701
1038,7/19/2021 15:00:00,65 and Older,399,804236,321.000000000000000,759396,34,49799,754,966688,355,591056
1039,7/20/2021 15:00:00,65 and Older,394,804630,352.000000000000000,759748,51,49850,797,967485,403,591459
1040,7/21/2021 15:00:00,65 and Older,392,805022,368.000000000000000,760116,40,49890,800,968285,408,591867
1041,7/22/2021 15:00:00,65 and Older,491,805513,374.000000000000000,760490,52,49942,917,969202,426,592293
1042,7/23/2021 15:00:00,65 and Older,481,805994,386.000000000000000,760876,43,49985,910,970112,429,592722
1043,7/24/2021 15:00:00,65 and Older,274,806268,203.000000000000000,761079,8,49993,485,970597,211,592933
1044,7/25/2021 15:00:00,65 and Older,149,806417,48.000000000000000,761127,7,50000,204,970801,55,592988
1045,7/26/2021 15:00:00,65 and Older,425,806842,243.000000000000000,761370,43,50043,711,971512,286,593274
1046,7/27/2021 15:00:00,65 and Older,452,807294,322.000000000000000,761692,32,50075,806,972318,354,593628
1047,7/28/2021 15:00:00,65 and Older,476,807770,295.000000000000000,761987,51,50126,822,973140,346,593974
1048,7/29/2021 15:00:00,65 and Older,455,808225,321.000000000000000,762308,47,50173,823,973963,368,594342
1049,7/30/2021 15:00:00,65 and Older,424,808649,295.000000000000000,762603,49,50222,768,974731,344,594686
1050,7/31/2021 15:00:00,65 and Older,258,808907,152.000000000000000,762755,13,50235,423,975154,165,594851
1051,8/1/2021 15:00:00,65 and Older,139,809046,75.000000000000000,762830,14,50249,228,975382,89,594940
1052,8/2/2021 15:00:00,65 and Older,440,809486,253.000000000000000,763083,32,50281,725,976107,285,595225
1053,8/3/2021 15:00:00,65 and Older,431,809917,273.000000000000000,763356,48,50329,752,976859,321,595546
1054,8/4/2021 15:00:00,65 and Older,444,810361,253.000000000000000,763609,53,50382,750,977609,306,595852
1055,8/5/2021 15:00:00,65 and Older,488,810849,289.000000000000000,763898,41,50423,818,978427,330,596182
1056,8/6/2021 15:00:00,65 and Older,521,811370,340.000000000000000,764238,44,50467,905,979332,384,596566
1057,8/7/2021 15:00:00,65 and Older,231,811601,152.000000000000000,764390,12,50479,395,979727,164,596730
1058,8/8/2021 15:00:00,65 and Older,147,811748,93.000000000000000,764483,12,50491,252,979979,105,596835
1059,8/9/2021 15:00:00,65 and Older,386,812134,321.000000000000000,764804,33,50524,740,980719,354,597189
1060,8/10/2021 15:00:00,65 and Older,414,812548,334.000000000000000,765138,29,50553,777,981496,363,597552
1061,8/11/2021 15:00:00,65 and Older,472,813020,330.000000000000000,765468,39,50592,841,982337,369,597921
1062,8/12/2021 15:00:00,65 and Older,400,813420,332.000000000000000,765800,49,50641,781,983118,381,598302
1063,8/13/2021 15:00:00,65 and Older,323,813743,299.000000000000000,766099,31,50672,653,983771,330,598632
1064,8/14/2021 15:00:00,65 and Older,232,813975,195.000000000000000,766294,14,50686,441,984212,209,598841
1065,8/15/2021 15:00:00,65 and Older,186,814161,117.000000000000000,766411,10,50696,313,984525,127,598968
1066,8/16/2021 15:00:00,65 and Older,352,814513,299.000000000000000,766710,21,50717,672,985197,320,599288
1067,8/17/2021 15:00:00,65 and Older,165,814678,179.000000000000000,766889,23,50740,367,985564,202,599490