OBJECTID,ReportDate,AlloDistrib_ID,FirstDose_AdminDaily,FirstDose_AdminCum,FirstDose_AdminSevenDayAvg,SecDose_AdminDaily,SecDose_AdminCum,SecDose_AdminSevenDayAvg,ThrDose_AdminDaily,ThrDose_AdminCum,ThrDose_AdminSevenDayAvg,SingleDose_AdminDaily,SingleDose_AdminCum,SingleDose_AdminSevenDayAvg,Total_AdminDaily,Total_AdminCum,Total_AdminSevenDayAvg,Total_AdminDaily_WO_ThirdDos_18,Total_AdminCum_WO_ThirdDose,Total_AdminSevenDayAvg_WO_Th_20
1,12/19/2020 15:00:00,5,,,,,,,0,0,0,,,,595,4194,595,595,4194,595
2,12/20/2020 15:00:00,6,,,,,,,0,0,0,,,,165,4359,380,165,4359,380
3,12/21/2020 15:00:00,7,,,,,,,0,0,0,,,,2960,7554,1240,2960,7554,1240
4,12/22/2020 15:00:00,8,,,,,,,0,0,0,,,,3125,10497,1711,3125,10497,1711
5,12/23/2020 15:00:00,9,,,,,,,0,0,0,,,,3605,14102,2090,3605,14102,2090
6,12/24/2020 15:00:00,10,,,,,,,0,0,0,,,,2799,16902,2208,2799,16902,2208
7,12/25/2020 15:00:00,11,,,,,,,0,0,0,,,,1887,18789,2162,1887,18789,2162
8,12/26/2020 15:00:00,12,,,,,,,0,0,0,,,,1028,19818,2224,1028,19818,2224
9,12/27/2020 15:00:00,13,,,,,,,0,0,0,,,,994,20812,2343,994,20812,2343
10,12/28/2020 15:00:00,14,,,,,,,0,0,0,,,,7816,28615,3036,7816,28615,3036
11,12/29/2020 15:00:00,15,,,,,,,0,0,0,,,,8052,36669,3740,8052,36669,3740
12,12/30/2020 15:00:00,16,,,,,,,0,0,0,,,,10343,47012,4703,10343,47012,4703
13,12/31/2020 15:00:00,17,,,,,,,0,0,0,,,,7047,54060,5310,7047,54060,5310
14,1/1/2021 15:00:00,18,2091.000000000000000,56151.000000000000000,2091.000000000000000,,,,0,0,0,,,,2091,56151,5339,2091,56151,5339
15,1/2/2021 15:00:00,19,3617.000000000000000,59769.000000000000000,2854.000000000000000,,,,0,0,0,,,,3617,59769,5709,3617,59769,5709
16,1/3/2021 15:00:00,20,2112.000000000000000,65692.000000000000000,2607.000000000000000,,,,0,0,0,,,,2112,65692,5868,2112,65692,5868
17,1/4/2021 15:00:00,21,11553.000000000000000,76918.000000000000000,4843.000000000000000,,,,0,0,0,,,,11553,76918,6402,11553,76918,6402
18,1/5/2021 15:00:00,22,9815.000000000000000,86733.000000000000000,5838.000000000000000,742.000000000000000,742.000000000000000,742.000000000000000,0,0,0,,,,10557,87475,6760,10557,87475,6760
19,1/6/2021 15:00:00,23,11803.000000000000000,98536.000000000000000,6832.000000000000000,732.000000000000000,1474.000000000000000,737.000000000000000,0,0,0,,,,12535,100010,7073,12535,100010,7073
20,1/7/2021 15:00:00,24,13224.000000000000000,111760.000000000000000,7745.000000000000000,1450.000000000000000,2924.000000000000000,975.000000000000000,0,0,0,,,,14674,114684,8163,14674,114684,8163
21,1/8/2021 15:00:00,25,122111.000000000000000,131880.000000000000000,24891.000000000000000,1902.000000000000000,4826.000000000000000,1207.000000000000000,0,0,0,,,,14113,136706,9880,14113,136706,9880
22,1/9/2021 15:00:00,26,12333.000000000000000,144213.000000000000000,26136.000000000000000,1363.000000000000000,6189.000000000000000,1238.000000000000000,0,0,0,,,,13696,150402,11320,13696,150402,11320
23,1/10/2021 15:00:00,27,3293.000000000000000,147506.000000000000000,26305.000000000000000,477.000000000000000,666.000000000000000,1111.000000000000000,0,0,0,,,,3770,154172,11557,3770,154172,11557
24,1/11/2021 15:00:00,28,12623.000000000000000,160129.000000000000000,26457.000000000000000,2989.000000000000000,9655.000000000000000,1379.000000000000000,0,0,0,,,,15612,169784,12137,15612,169784,12137
25,1/12/2021 15:00:00,29,12778.000000000000000,172907.000000000000000,26881.000000000000000,3049.000000000000000,12704.000000000000000,1709.000000000000000,0,0,0,,,,15827,185611,12890,15827,185611,12890
26,1/13/2021 15:00:00,30,13508.000000000000000,186414.000000000000000,27124.000000000000000,13508.000000000000000,15840.000000000000000,3534.000000000000000,0,0,0,,,,11424,202254,12731,11424,202254,12731
27,1/14/2021 15:00:00,44,16810.000000000000000,203224.000000000000000,27637.000000000000000,1653.000000000000000,18463.000000000000000,3563.000000000000000,0,0,0,,,,18463,220717,13272,18463,220717,13272
28,1/15/2021 15:00:00,43,21396.000000000000000,224620.000000000000000,13249.000000000000000,3153.000000000000000,24549.000000000000000,3742.000000000000000,0,0,0,,,,24549,245266,14763,24549,245266,14763
29,1/16/2021 15:00:00,42,7120.000000000000000,231740.000000000000000,12504.000000000000000,650.000000000000000,7770.000000000000000,3640.000000000000000,0,0,0,,,,7770,253036,13916,7770,253036,13916
30,1/17/2021 15:00:00,41,1571.000000000000000,233311.000000000000000,12258.000000000000000,503.000000000000000,2074.000000000000000,3644.000000000000000,0,0,0,,,,2074,255110,13674,2074,255110,13674
31,1/18/2021 15:00:00,40,7985.000000000000000,241294.000000000000000,11595.000000000000000,2562.000000000000000,10547.000000000000000,3583.000000000000000,0,0,0,,,,10547,265657,12951,10547,265657,12951
32,1/19/2021 15:00:00,39,9969.000000000000000,251263.000000000000000,11194.000000000000000,3756.000000000000000,13725.000000000000000,3684.000000000000000,0,0,0,,,,13725,279382,12650,13725,279382,12650
33,1/20/2021 15:00:00,38,12831.000000000000000,264094.000000000000000,11097.000000000000000,2761.000000000000000,15592.000000000000000,2148.000000000000000,0,0,0,,,,15592,294974,13246,15592,294974,13246
34,1/21/2021 15:00:00,37,16675.000000000000000,280769.000000000000000,11078.000000000000000,3212.000000000000000,19887.000000000000000,2371.000000000000000,0,0,0,,,,19887,314861,13449,19887,314861,13449
35,1/22/2021 15:00:00,36,27697.000000000000000,308466.000000000000000,11978.000000000000000,3415.000000000000000,37507.000000000000000,2408.000000000000000,0,0,0,,,,31112,345973,14387,31112,345973,14387
36,1/23/2021 15:00:00,35,10541.000000000000000,319007.000000000000000,12467.000000000000000,1748.000000000000000,39255.000000000000000,2565.000000000000000,0,0,0,,,,12289,358262,15032,12289,358262,15032
37,1/24/2021 15:00:00,34,11702.000000000000000,330709.000000000000000,13914.000000000000000,2973.000000000000000,42228.000000000000000,2918.000000000000000,0,0,0,,,,14675,372937,16832,14675,372937,16832
38,1/25/2021 15:00:00,33,17317.000000000000000,348026.000000000000000,15247.000000000000000,6407.000000000000000,48635.000000000000000,3467.000000000000000,0,0,0,,,,23724,396661,18715,23724,396661,18715
39,1/26/2021 15:00:00,32,15256.000000000000000,363282.000000000000000,16003.000000000000000,7662.000000000000000,56297.000000000000000,4025.000000000000000,0,0,0,,,,22918,419579,20028,22918,419579,20028
40,1/27/2021 15:00:00,31,20017.000000000000000,383300.000000000000000,17029.000000000000000,10319.000000000000000,66616.000000000000000,5105.000000000000000,0,0,0,,,,30337,449916,22135,30337,449916,22135
41,1/28/2021 15:00:00,45,22868.000000000000000,406168.000000000000000,17914.000000000000000,10365.000000000000000,76981.000000000000000,6127.000000000000000,0,0,0,,,,33233,483149,24041,33233,483149,24041
42,1/29/2021 15:00:00,46,23815.000000000000000,429983.000000000000000,17359.000000000000000,5841.000000000000000,82822.000000000000000,6474.000000000000000,0,0,0,,,,29656,512805,23833,29656,512805,23833
43,1/30/2021 15:00:00,47,18516.000000000000000,448499.000000000000000,18499.000000000000000,4317.000000000000000,87139.000000000000000,6841.000000000000000,0,0,0,,,,22833,535638,25339,22833,535638,25339
44,1/31/2021 15:00:00,48,7411.000000000000000,455910.000000000000000,17886.000000000000000,1320.000000000000000,88459.000000000000000,6604.000000000000000,0,0,0,,,,8731,544369,24490,8731,544369,24490
45,2/1/2021 15:00:00,49,6252.000000000000000,462162.000000000000000,16305.000000000000000,3112.000000000000000,91571.000000000000000,6134.000000000000000,0,0,0,,,,9364,553733,22439,9364,553733,22439
46,2/2/2021 15:00:00,54,9429.000000000000000,471591.000000000000000,15473.000000000000000,9969.000000000000000,101540.000000000000000,6463.000000000000000,0,0,0,,,,19398,573131,21936,19398,573131,21936
47,2/3/2021 15:00:00,55,14515.000000000000000,486106.000000000000000,14687.000000000000000,14268.000000000000000,115808.000000000000000,7027.000000000000000,0,0,0,,,,28783,601914,21714,28783,601914,21714
48,2/4/2021 15:00:00,56,17759.000000000000000,503865.000000000000000,13957.000000000000000,14382.000000000000000,130190.000000000000000,7601.000000000000000,0,0,0,,,,32141,634055,21558,32141,634055,21558
49,2/5/2021 15:00:00,57,21479.000000000000000,525344.000000000000000,13623.000000000000000,16365.000000000000000,146555.000000000000000,9105.000000000000000,0,0,0,,,,37844,671899,22728,37844,671899,22728
50,2/6/2021 15:00:00,58,13719.000000000000000,539063.000000000000000,12938.000000000000000,4463.000000000000000,151018.000000000000000,9126.000000000000000,0,0,0,,,,18182,690081,22063,18182,690081,22063
51,2/7/2021 15:00:00,59,6030.000000000000000,545093.000000000000000,12740.000000000000000,3622.000000000000000,154640.000000000000000,9454.000000000000000,0,0,0,,,,9652,699733,22195,9652,699733,22195
52,2/8/2021 15:00:00,60,13745.000000000000000,558838.000000000000000,13811.000000000000000,14350.000000000000000,168990.000000000000000,11060.000000000000000,0,0,0,,,,28095,727828,24871,28095,727828,24871
53,2/9/2021 15:00:00,61,11657.000000000000000,570495.000000000000000,14129.000000000000000,12551.000000000000000,181541.000000000000000,11429.000000000000000,0,0,0,,,,24208,752036,25558,24208,752036,25558
54,2/10/2021 15:00:00,62,16685.000000000000000,587180.000000000000000,14439.000000000000000,16449.000000000000000,197990.000000000000000,11740.000000000000000,0,0,0,,,,33134,785170,26179,33134,785170,26179
55,2/11/2021 15:00:00,63,18230.000000000000000,605410.000000000000000,14506.000000000000000,15078.000000000000000,213068.000000000000000,11840.000000000000000,0,0,0,,,,33308,818478,26346,33308,818478,26346
56,2/12/2021 15:00:00,64,20372.000000000000000,625782.000000000000000,14348.000000000000000,18158.000000000000000,231226.000000000000000,12096.000000000000000,0,0,0,,,,38530,857008,26444,38530,857008,26444
57,2/13/2021 15:00:00,65,13720.000000000000000,639502.000000000000000,14348.000000000000000,6604.000000000000000,237830.000000000000000,12402.000000000000000,0,0,0,,,,20324,877332,26750,20324,877332,26750
58,2/14/2021 15:00:00,67,10030.000000000000000,649532.000000000000000,14920.000000000000000,6498.000000000000000,244658.000000000000000,12813.000000000000000,0,0,0,,,,16528,893860,27732,16528,893860,27732
59,2/15/2021 15:00:00,68,5745.000000000000000,655277.000000000000000,13777.000000000000000,9374.000000000000000,253702.000000000000000,12102.000000000000000,0,0,0,,,,15119,908979,25879,15119,908979,25879
60,2/16/2021 15:00:00,70,15695.000000000000000,670972.000000000000000,14354.000000000000000,11883.000000000000000,265585.000000000000000,12006.000000000000000,0,0,0,,,,27578,936557,26360,27578,936557,26360
61,2/17/2021 15:00:00,72,13625.000000000000000,684597.000000000000000,13917.000000000000000,20275.000000000000000,285860.000000000000000,12553.000000000000000,0,0,0,,,,33900,970457,26470,33900,970457,26470
62,2/18/2021 15:00:00,73,22288.000000000000000,706885.000000000000000,14496.000000000000000,20304.000000000000000,306164.000000000000000,13299.000000000000000,0,0,0,,,,42592,1013049,27796,42592,1013049,27796
63,2/19/2021 15:00:00,74,10854.000000000000000,717739.000000000000000,13137.000000000000000,20687.000000000000000,326851.000000000000000,13661.000000000000000,0,0,0,,,,31541,1044590,26797,31541,1044590,26797
64,2/20/2021 15:00:00,75,10812.000000000000000,728551.000000000000000,12721.000000000000000,11944.000000000000000,338795.000000000000000,14424.000000000000000,0,0,0,,,,22756,1067346,27145,22756,1067346,27145
65,2/21/2021 15:00:00,76,8788.000000000000000,737339.000000000000000,12544.000000000000000,10952.000000000000000,349747.000000000000000,15060.000000000000000,0,0,0,,,,19740,1087086,27604,19740,1087086,27604
66,2/22/2021 15:00:00,77,9580.000000000000000,746919.000000000000000,13092.000000000000000,15985.000000000000000,365732.000000000000000,16004.000000000000000,0,0,0,,,,25565,1112651,29096,25565,1112651,29096
67,2/23/2021 15:00:00,78,21549.000000000000000,768468.000000000000000,13928.000000000000000,15067.000000000000000,380799.000000000000000,16459.000000000000000,0,0,0,,,,36616,1149267,30387,36616,1149267,30387
68,2/24/2021 15:00:00,79,15797.000000000000000,784265.000000000000000,14238.000000000000000,22743.000000000000000,403542.000000000000000,16812.000000000000000,0,0,0,,,,38540,1187807,31050,38540,1187807,31050
69,2/25/2021 15:00:00,80,15198.000000000000000,799463.000000000000000,13225.000000000000000,23442.000000000000000,426984.000000000000000,17260.000000000000000,0,0,0,,,,38640,1226447,30485,38640,1226447,30485
70,2/26/2021 15:00:00,81,20935.000000000000000,820398.000000000000000,14666.000000000000000,22436.000000000000000,449420.000000000000000,17510.000000000000000,0,0,0,,,,43371,1269818,32175,43371,1269818,32175
71,2/27/2021 15:00:00,82,22398.000000000000000,842796.000000000000000,16321.000000000000000,14728.000000000000000,464148.000000000000000,17908.000000000000000,0,0,0,,,,37126,1306944,34228,37126,1306944,34228
72,2/28/2021 15:00:00,83,15781.000000000000000,858577.000000000000000,17320.000000000000000,9863.000000000000000,474011.000000000000000,17752.000000000000000,0,0,0,,,,25644,1332588,35072,25644,1332588,35072
73,3/1/2021 15:00:00,84,19916.000000000000000,878493.000000000000000,18796.000000000000000,10254.000000000000000,484265.000000000000000,16933.000000000000000,0,0,0,,,,30170,1362758,35730,30170,1362758,35730
74,3/2/2021 15:00:00,85,21965.000000000000000,900458.000000000000000,18856.000000000000000,10002.000000000000000,494267.000000000000000,16210.000000000000000,0,0,0,,,,31967,1394725,35065,31967,1394725,35065
75,3/3/2021 15:00:00,86,26096.000000000000000,926554.000000000000000,20327.000000000000000,15575.000000000000000,509842.000000000000000,15186.000000000000000,0,0,0,58.000000000000000,58.000000000000000,58.000000000000000,41729,1436454,35521,41729,1436454,35521
76,3/4/2021 15:00:00,87,29909.000000000000000,956463.000000000000000,22429.000000000000000,16475.000000000000000,526317.000000000000000,14190.000000000000000,0,0,0,2685.000000000000000,2743.000000000000000,1372.000000000000000,49069,1485523,37011,49069,1485523,37011
77,3/5/2021 15:00:00,88,31239.000000000000000,987702.000000000000000,23901.000000000000000,19245.000000000000000,545562.000000000000000,13735.000000000000000,0,0,0,5051.000000000000000,7794.000000000000000,2598.000000000000000,55535,1541058,38749,55535,1541058,38749
78,3/6/2021 15:00:00,89,21797.000000000000000,1009499.000000000000000,23815.000000000000000,12298.000000000000000,557860.000000000000000,13387.000000000000000,0,0,0,3317.000000000000000,11111.000000000000000,2778.000000000000000,37412,1578470,38789,37412,1578470,38789
79,3/7/2021 15:00:00,90,10781.000000000000000,1020280.000000000000000,23100.000000000000000,6613.000000000000000,564473.000000000000000,12923.000000000000000,0,0,0,8346.000000000000000,19457.000000000000000,3891.000000000000000,25740,1604210,38803,25740,1604210,38803
80,3/8/2021 15:00:00,91,23670.000000000000000,1043950.000000000000000,23637.000000000000000,8144.000000000000000,572617.000000000000000,12622.000000000000000,0,0,0,7914.000000000000000,27371.000000000000000,4562.000000000000000,39728,1643938,40169,39728,1643938,40169
81,3/9/2021 15:00:00,95,25330.000000000000000,1069280.000000000000000,24117.000000000000000,11773.000000000000000,584390.000000000000000,12875.000000000000000,0,0,0,7087.000000000000000,34458.000000000000000,4923.000000000000000,44190,1688128,41915,44190,1688128,41915
82,3/10/2021 15:00:00,97,26961.000000000000000,1096241.000000000000000,24241.000000000000000,14257.000000000000000,598647.000000000000000,12686.000000000000000,0,0,0,7109.000000000000000,41567.000000000000000,5930.000000000000000,48327,1736455,42857,48327,1736455,42857
83,3/11/2021 15:00:00,98,28243.000000000000000,1124484.000000000000000,24003.000000000000000,13214.000000000000000,611861.000000000000000,12221.000000000000000,0,0,0,3458.000000000000000,45025.000000000000000,6040.000000000000000,44915,1781370,42264,44915,1781370,42264
84,3/12/2021 15:00:00,99,40743.000000000000000,1165227.000000000000000,25361.000000000000000,13005.000000000000000,624866.000000000000000,11329.000000000000000,0,0,0,2572.000000000000000,47597.000000000000000,5686.000000000000000,56320,1837690,42376,56320,1837690,42376
85,3/13/2021 15:00:00,100,24172.000000000000000,1189399.000000000000000,25700.000000000000000,14252.000000000000000,639118.000000000000000,11608.000000000000000,0,0,0,1290.000000000000000,48887.000000000000000,5397.000000000000000,39714,1877404,42705,39714,1877404,42705
86,3/14/2021 15:00:00,100,16679.000000000000000,1206078.000000000000000,26543.000000000000000,8641.000000000000000,647759.000000000000000,11898.000000000000000,0,0,0,1154.000000000000000,50041.000000000000000,4369.000000000000000,26474,1903878,42810,26474,1903878,42810
87,3/15/2021 15:00:00,100,29672.000000000000000,1235750.000000000000000,27400.000000000000000,10748.000000000000000,658507.000000000000000,12270.000000000000000,0,0,0,1501.000000000000000,51542.000000000000000,3453.000000000000000,41921,1945799,43123,41921,1945799,43123
88,3/16/2021 15:00:00,100,31576.000000000000000,1267326.000000000000000,28292.000000000000000,14415.000000000000000,672922.000000000000000,12647.000000000000000,0,0,0,746.000000000000000,52288.000000000000000,2547.000000000000000,46737,1992536,43487,46737,1992536,43487
89,3/17/2021 15:00:00,100,29482.000000000000000,1296808.000000000000000,28652.000000000000000,15457.000000000000000,688379.000000000000000,12819.000000000000000,0,0,0,220.000000000000000,52508.000000000000000,1563.000000000000000,45159,2037695,43034,45159,2037695,43034
90,3/18/2021 15:00:00,100,44920.000000000000000,1341728.000000000000000,31035.000000000000000,11438.000000000000000,699817.000000000000000,12565.000000000000000,0,0,0,1192.000000000000000,53700.000000000000000,1239.000000000000000,57550,2095245,44839,57550,2095245,44839
91,3/19/2021 15:00:00,100,37565.000000000000000,1379293.000000000000000,30581.000000000000000,13210.000000000000000,713027.000000000000000,12594.000000000000000,0,0,0,1269.000000000000000,54969.000000000000000,1053.000000000000000,52044,2147289,44228,52044,2147289,44228
92,3/20/2021 15:00:00,100,25392.000000000000000,1404685.000000000000000,30755.000000000000000,11028.000000000000000,724055.000000000000000,12134.000000000000000,0,0,0,1166.000000000000000,56135.000000000000000,1035.000000000000000,37586,2184875,43924,37586,2184875,43924
93,3/21/2021 15:00:00,100,21082.000000000000000,1425767.000000000000000,31384.000000000000000,9785.000000000000000,733840.000000000000000,12297.000000000000000,0,0,0,638.000000000000000,56773.000000000000000,962.000000000000000,31505,2216380,44643,31505,2216380,44643
94,3/22/2021 15:00:00,100,25822.000000000000000,1451589.000000000000000,30834.000000000000000,10036.000000000000000,743876.000000000000000,12196.000000000000000,0,0,0,736.000000000000000,57509.000000000000000,852.000000000000000,36594,2252974,43882,36594,2252974,43882
95,3/23/2021 15:00:00,100,36664.000000000000000,1488253.000000000000000,31561.000000000000000,12814.000000000000000,756690.000000000000000,11967.000000000000000,0,0,0,1956.000000000000000,59465.000000000000000,1025.000000000000000,51434,2304408,44553,51434,2304408,44553
96,3/24/2021 15:00:00,100,37873.000000000000000,1526126.000000000000000,32760.000000000000000,15252.000000000000000,771942.000000000000000,11938.000000000000000,0,0,0,1144.000000000000000,60609.000000000000000,1157.000000000000000,54269,2358677,45855,54269,2358677,45855
97,3/25/2021 15:00:00,100,42340.000000000000000,1568466.000000000000000,32391.000000000000000,19378.000000000000000,791320.000000000000000,13072.000000000000000,0,0,0,2568.000000000000000,63177.000000000000000,1354.000000000000000,64286,2422963,46817,64286,2422963,46817
98,3/26/2021 15:00:00,100,35490.000000000000000,1603956.000000000000000,32095.000000000000000,20977.000000000000000,812297.000000000000000,14181.000000000000000,0,0,0,2177.000000000000000,65354.000000000000000,1484.000000000000000,58644,2481607,47760,58644,2481607,47760
99,3/27/2021 15:00:00,100,29457.000000000000000,1633413.000000000000000,32675.000000000000000,19252.000000000000000,831549.000000000000000,15356.000000000000000,0,0,0,2547.000000000000000,67901.000000000000000,1681.000000000000000,51256,2532863,49713,51256,2532863,49713
100,3/28/2021 15:00:00,100,19586.000000000000000,1652999.000000000000000,32462.000000000000000,10376.000000000000000,841925.000000000000000,15441.000000000000000,0,0,0,1682.000000000000000,69583.000000000000000,1830.000000000000000,31644,2564507,49732,31644,2564507,49732
101,3/29/2021 15:00:00,100,27750.000000000000000,1680749.000000000000000,32737.000000000000000,26178.000000000000000,868103.000000000000000,17747.000000000000000,0,0,0,1116.000000000000000,70699.000000000000000,1884.000000000000000,55044,2619551,52368,55044,2619551,52368
102,3/30/2021 15:00:00,100,39724.000000000000000,1720473.000000000000000,33174.000000000000000,29026.000000000000000,897129.000000000000000,20063.000000000000000,0,0,0,1623.000000000000000,72322.000000000000000,1837.000000000000000,70373,2689924,55074,70373,2689924,55074
103,3/31/2021 15:00:00,100,34496.000000000000000,1754969.000000000000000,32692.000000000000000,30722.000000000000000,927851.000000000000000,22273.000000000000000,0,0,0,5034.000000000000000,77356.000000000000000,2392.000000000000000,70252,2760176,57357,70252,2760176,57357
104,4/1/2021 15:00:00,100,38437.000000000000000,1793406.000000000000000,32134.000000000000000,33134.000000000000000,960985.000000000000000,24238.000000000000000,0,0,0,5019.000000000000000,82375.000000000000000,2743.000000000000000,76590,2836766,59115,76590,2836766,59115
105,4/2/2021 15:00:00,100,37509.000000000000000,1830915.000000000000000,32423.000000000000000,36022.000000000000000,997007.000000000000000,26387.000000000000000,0,0,0,5225.000000000000000,87600.000000000000000,3178.000000000000000,78756,2915522,61988,78756,2915522,61988
106,4/3/2021 15:00:00,100,27069.000000000000000,1857984.000000000000000,32082.000000000000000,23848.000000000000000,1020855.000000000000000,27044.000000000000000,0,0,0,4475.000000000000000,92075.000000000000000,3453.000000000000000,55392,2970914,62579,55392,2970914,62579
107,4/4/2021 15:00:00,100,12586.000000000000000,1870570.000000000000000,31082.000000000000000,9261.000000000000000,1030116.000000000000000,26884.000000000000000,0,0,0,1066.000000000000000,93141.000000000000000,3365.000000000000000,22913,2993827,61331,22913,2993827,61331
108,4/5/2021 15:00:00,100,21226.000000000000000,1891796.000000000000000,30150.000000000000000,21386.000000000000000,1051502.000000000000000,26200.000000000000000,0,0,0,5333.000000000000000,98474.000000000000000,3968.000000000000000,47945,3041772,60317,47945,3041772,60317
109,4/6/2021 15:00:00,100,38580.000000000000000,1930376.000000000000000,29986.000000000000000,27638.000000000000000,1079140.000000000000000,26002.000000000000000,0,0,0,8130.000000000000000,106604.000000000000000,4897.000000000000000,74348,3116120,60885,74348,3116120,60885
110,4/7/2021 15:00:00,100,35468.000000000000000,1965844.000000000000000,30125.000000000000000,30191.000000000000000,1109331.000000000000000,25926.000000000000000,0,0,0,11026.000000000000000,117630.000000000000000,5753.000000000000000,76685,3192805,61804,76685,3192805,61804
111,4/8/2021 15:00:00,100,39766.000000000000000,2005610.000000000000000,30315.000000000000000,31305.000000000000000,1140636.000000000000000,25664.000000000000000,0,0,0,10997.000000000000000,128627.000000000000000,6607.000000000000000,82068,3274873,62587,82068,3274873,62587
112,4/9/2021 15:00:00,100,39116.000000000000000,2044726.000000000000000,30544.000000000000000,42591.000000000000000,1183227.000000000000000,26603.000000000000000,0,0,0,13066.000000000000000,141693.000000000000000,7728.000000000000000,94773,3369646,64875,94773,3369646,64875
113,4/10/2021 15:00:00,100,28805.000000000000000,2073531.000000000000000,30792.000000000000000,27318.000000000000000,1210545.000000000000000,27099.000000000000000,0,0,0,8510.000000000000000,150203.000000000000000,8304.000000000000000,64633,3434279,66195,64633,3434279,66195
114,4/11/2021 15:00:00,100,10620.000000000000000,2084151.000000000000000,30512.000000000000000,15916.000000000000000,1226461.000000000000000,28049.000000000000000,0,0,0,14659.000000000000000,164862.000000000000000,10246.000000000000000,41195,3475474,68807,41195,3475474,68807
115,4/12/2021 15:00:00,100,21606.000000000000000,2105757.000000000000000,30566.000000000000000,25266.000000000000000,1251727.000000000000000,28604.000000000000000,0,0,0,8672.000000000000000,173534.000000000000000,10723.000000000000000,55544,3531018,69892,55544,3531018,69892
116,4/13/2021 15:00:00,100,37827.000000000000000,2143584.000000000000000,30458.000000000000000,33751.000000000000000,1285478.000000000000000,29477.000000000000000,0,0,0,2627.000000000000000,176161.000000000000000,9937.000000000000000,74205,3605223,69872,74205,3605223,69872
117,4/14/2021 15:00:00,100,37628.000000000000000,2181212.000000000000000,30767.000000000000000,30258.000000000000000,1315736.000000000000000,29486.000000000000000,0,0,0,2331.000000000000000,178492.000000000000000,8695.000000000000000,70217,3675440,68948,70217,3675440,68948
118,4/15/2021 15:00:00,100,40369.000000000000000,2221581.000000000000000,30853.000000000000000,40345.000000000000000,1356081.000000000000000,30778.000000000000000,0,0,0,538.000000000000000,179030.000000000000000,7200.000000000000000,81252,3756692,68831,81252,3756692,68831
119,4/16/2021 15:00:00,100,34573.000000000000000,2256154.000000000000000,30204.000000000000000,42050.000000000000000,1398131.000000000000000,30701.000000000000000,0,0,0,402.000000000000000,179432.000000000000000,5391.000000000000000,77025,3833717,66296,77025,3833717,66296
120,4/17/2021 15:00:00,100,32739.000000000000000,2288893.000000000000000,30766.000000000000000,23544.000000000000000,1421675.000000000000000,30161.000000000000000,0,0,0,224.000000000000000,179656.000000000000000,4208.000000000000000,56507,3890224,65135,56507,3890224,65135
121,4/18/2021 15:00:00,100,26163.000000000000000,2315056.000000000000000,32986.000000000000000,19628.000000000000000,1441303.000000000000000,30692.000000000000000,0,0,0,77.000000000000000,179733.000000000000000,2124.000000000000000,45868,3936092,65803,45868,3936092,65803
122,4/19/2021 15:00:00,100,25841.000000000000000,2340897.000000000000000,33591.000000000000000,29111.000000000000000,1470414.000000000000000,31241.000000000000000,0,0,0,25.000000000000000,179758.000000000000000,889.000000000000000,54977,3991069,65722,54977,3991069,65722
123,4/20/2021 15:00:00,100,38805.000000000000000,2379702.000000000000000,33731.000000000000000,39219.000000000000000,1509633.000000000000000,32022.000000000000000,0,0,0,249.000000000000000,180007.000000000000000,549.000000000000000,78273,4069342,66303,78273,4069342,66303
124,4/21/2021 15:00:00,100,36043.000000000000000,2415745.000000000000000,33505.000000000000000,38755.000000000000000,1548388.000000000000000,33236.000000000000000,0,0,0,239.000000000000000,180246.000000000000000,251.000000000000000,75037,4144379,66991,75037,4144379,66991
125,4/22/2021 15:00:00,100,35388.000000000000000,2451133.000000000000000,32793.000000000000000,40921.000000000000000,1589309.000000000000000,33318.000000000000000,0,0,0,232.000000000000000,180478.000000000000000,207.000000000000000,76541,4220920,66318,76541,4220920,66318
126,4/23/2021 15:00:00,100,26284.000000000000000,2477417.000000000000000,31609.000000000000000,31944.000000000000000,1621253.000000000000000,31875.000000000000000,0,0,0,29.000000000000000,180507.000000000000000,154.000000000000000,58257,4279177,63637,58257,4279177,63637
127,4/24/2021 15:00:00,100,31955.000000000000000,2509372.000000000000000,31497.000000000000000,34105.000000000000000,1655358.000000000000000,33383.000000000000000,0,0,0,77.000000000000000,180584.000000000000000,133.000000000000000,66137,4345314,65013,66137,4345314,65013
128,4/25/2021 15:00:00,100,16460.000000000000000,2525832.000000000000000,30111.000000000000000,10962.000000000000000,1666320.000000000000000,32145.000000000000000,0,0,0,33.000000000000000,180617.000000000000000,126.000000000000000,27455,4372769,62382,27455,4372769,62382
129,4/26/2021 15:00:00,100,31356.000000000000000,2557188.000000000000000,30899.000000000000000,29288.000000000000000,1695608.000000000000000,32171.000000000000000,0,0,0,337.000000000000000,180954.000000000000000,171.000000000000000,60981,4433750,63240,60981,4433750,63240
130,4/27/2021 15:00:00,100,24913.000000000000000,2582101.000000000000000,28914.000000000000000,29610.000000000000000,1725218.000000000000000,30798.000000000000000,0,0,0,628.000000000000000,181582.000000000000000,225.000000000000000,55151,4488901,59937,55151,4488901,59937
131,4/28/2021 15:00:00,100,24676.000000000000000,2606777.000000000000000,27290.000000000000000,33092.000000000000000,1758310.000000000000000,29989.000000000000000,0,0,0,1649.000000000000000,183231.000000000000000,426.000000000000000,59417,4548318,57706,59417,4548318,57706
132,4/29/2021 15:00:00,100,27612.000000000000000,2634389.000000000000000,26179.000000000000000,39937.000000000000000,1798247.000000000000000,29848.000000000000000,0,0,0,2483.000000000000000,185714.000000000000000,748.000000000000000,70032,4618350,56776,70032,4618350,56776
133,4/30/2021 15:00:00,100,120013.000000000000000,2754402.000000000000000,39569.000000000000000,105456.000000000000000,1903703.000000000000000,40350.000000000000000,0,0,0,4409.000000000000000,190123.000000000000000,1374.000000000000000,229878,4848228,81293,229878,4848228,81293
134,5/1/2021 15:00:00,100,13004.000000000000000,2767406.000000000000000,36862.000000000000000,15433.000000000000000,1919136.000000000000000,37683.000000000000000,0,0,0,350.000000000000000,190473.000000000000000,1413.000000000000000,28787,4877015,75957,28787,4877015,75957
135,5/2/2021 15:00:00,100,11408.000000000000000,2778814.000000000000000,36140.000000000000000,13748.000000000000000,1932884.000000000000000,38081.000000000000000,0,0,0,354.000000000000000,190827.000000000000000,1459.000000000000000,25510,4902525,75679,25510,4902525,75679
136,5/3/2021 15:00:00,100,11850.000000000000000,2790664.000000000000000,33354.000000000000000,23356.000000000000000,1956240.000000000000000,37233.000000000000000,0,0,0,1170.000000000000000,191997.000000000000000,1578.000000000000000,36376,4938901,72164,36376,4938901,72164
137,5/4/2021 15:00:00,100,19386.000000000000000,2810050.000000000000000,32564.000000000000000,36075.000000000000000,1992315.000000000000000,38157.000000000000000,0,0,0,1837.000000000000000,193834.000000000000000,1750.000000000000000,57298,4996199,72471,57298,4996199,72471
138,5/5/2021 15:00:00,100,18129.000000000000000,2828179.000000000000000,31629.000000000000000,30921.000000000000000,2023236.000000000000000,37847.000000000000000,0,0,0,2187.000000000000000,196021.000000000000000,1827.000000000000000,51237,5047436,71303,51237,5047436,71303
139,5/6/2021 15:00:00,100,15817.000000000000000,2843996.000000000000000,29944.000000000000000,31161.000000000000000,2054397.000000000000000,36593.000000000000000,0,0,0,2028.000000000000000,198049.000000000000000,1762.000000000000000,49006,5096442,68299,49006,5096442,68299
140,5/7/2021 15:00:00,100,20143.000000000000000,2864139.000000000000000,15677.000000000000000,41793.000000000000000,2096190.000000000000000,27498.000000000000000,0,0,0,1938.000000000000000,199987.000000000000000,1409.000000000000000,63874,5160316,44584,63874,5160316,44584
141,5/8/2021 15:00:00,100,14851.000000000000000,2878990.000000000000000,15941.000000000000000,32566.000000000000000,2128756.000000000000000,29946.000000000000000,0,0,0,2371.000000000000000,202358.000000000000000,1698.000000000000000,49788,5210104,47584,49788,5210104,47584
142,5/9/2021 15:00:00,100,15112.000000000000000,2894102.000000000000000,16470.000000000000000,28912.000000000000000,2157668.000000000000000,32112.000000000000000,0,0,0,2489.000000000000000,204847.000000000000000,2003.000000000000000,46513,5256617,50585,46513,5256617,50585
143,5/10/2021 15:00:00,100,10499.000000000000000,2904601.000000000000000,16277.000000000000000,31967.000000000000000,2189635.000000000000000,33342.000000000000000,0,0,0,1146.000000000000000,205993.000000000000000,1999.000000000000000,43612,5300229,51618,43612,5300229,51618
144,5/11/2021 15:00:00,100,13768.000000000000000,2918369.000000000000000,15474.000000000000000,35883.000000000000000,2225518.000000000000000,33315.000000000000000,0,0,0,1250.000000000000000,207243.000000000000000,1916.000000000000000,50901,5351130,50704,50901,5351130,50704
145,5/12/2021 15:00:00,100,10746.000000000000000,2929115.000000000000000,14419.000000000000000,33049.000000000000000,2258567.000000000000000,33619.000000000000000,0,0,0,1353.000000000000000,208596.000000000000000,1796.000000000000000,45148,5396278,49835,45148,5396278,49835
146,5/13/2021 15:00:00,100,18653.000000000000000,2947768.000000000000000,14825.000000000000000,32796.000000000000000,2291363.000000000000000,33852.000000000000000,0,0,0,2014.000000000000000,210610.000000000000000,1794.000000000000000,53463,5449741,50471,53463,5449741,50471
147,5/14/2021 15:00:00,100,22656.000000000000000,2970424.000000000000000,15184.000000000000000,29142.000000000000000,2320505.000000000000000,32045.000000000000000,0,0,0,1471.000000000000000,212081.000000000000000,1728.000000000000000,53269,5503010,48956,53269,5503010,48956
148,5/15/2021 15:00:00,100,21054.000000000000000,2991478.000000000000000,16070.000000000000000,21627.000000000000000,2342132.000000000000000,30482.000000000000000,0,0,0,1562.000000000000000,213643.000000000000000,1612.000000000000000,44243,5547253,48164,44243,5547253,48164
149,5/16/2021 15:00:00,100,9106.000000000000000,3000584.000000000000000,15212.000000000000000,15485.000000000000000,2357617.000000000000000,28564.000000000000000,0,0,0,938.000000000000000,214581.000000000000000,1391.000000000000000,25529,5572782,45166,25529,5572782,45166
150,5/17/2021 15:00:00,100,11055.000000000000000,3011639.000000000000000,15291.000000000000000,18097.000000000000000,2375714.000000000000000,26583.000000000000000,0,0,0,1411.000000000000000,215992.000000000000000,1428.000000000000000,30563,5603345,43302,30563,5603345,43302
151,5/18/2021 15:00:00,100,31294.000000000000000,3042933.000000000000000,17795.000000000000000,45509.000000000000000,2421223.000000000000000,27958.000000000000000,0,0,0,3045.000000000000000,219037.000000000000000,1685.000000000000000,79848,5683193,47438,79848,5683193,47438
152,5/19/2021 15:00:00,100,24060.000000000000000,3066993.000000000000000,19697.000000000000000,33035.000000000000000,2454258.000000000000000,27956.000000000000000,0,0,0,1803.000000000000000,220840.000000000000000,1749.000000000000000,58898,5742091,49402,58898,5742091,49402
153,5/20/2021 15:00:00,100,27730.000000000000000,3094723.000000000000000,20994.000000000000000,36556.000000000000000,2490814.000000000000000,28493.000000000000000,0,0,0,2176.000000000000000,223016.000000000000000,1772.000000000000000,66462,5808553,51259,66462,5808553,51259
154,5/21/2021 15:00:00,100,18089.000000000000000,3112812.000000000000000,20341.000000000000000,27572.000000000000000,2518386.000000000000000,28269.000000000000000,0,0,0,1441.000000000000000,224457.000000000000000,1768.000000000000000,47102,5855655,50378,47102,5855655,50378
155,5/22/2021 15:00:00,100,15764.000000000000000,3128576.000000000000000,19585.000000000000000,19979.000000000000000,2538365.000000000000000,28033.000000000000000,0,0,0,1271.000000000000000,225728.000000000000000,1726.000000000000000,37014,5892669,49345,37014,5892669,49345
156,5/23/2021 15:00:00,100,8868.000000000000000,3137444.000000000000000,19551.000000000000000,10739.000000000000000,2549104.000000000000000,27355.000000000000000,0,0,0,790.000000000000000,226518.000000000000000,1705.000000000000000,20397,5913066,48612,20397,5913066,48612
157,5/24/2021 15:00:00,100,8889.000000000000000,3146333.000000000000000,19242.000000000000000,12767.000000000000000,2561871.000000000000000,26594.000000000000000,0,0,0,1571.000000000000000,228089.000000000000000,1728.000000000000000,23227,5936293,47564,23227,5936293,47564
158,5/25/2021 15:00:00,100,15701.000000000000000,3162034.000000000000000,17014.000000000000000,18944.000000000000000,2580815.000000000000000,22799.000000000000000,0,0,0,1606.000000000000000,229695.000000000000000,1523.000000000000000,36251,5972544,41336,36251,5972544,41336
159,5/26/2021 15:00:00,100,14274.000000000000000,3176308.000000000000000,15616.000000000000000,24747.000000000000000,2605562.000000000000000,21615.000000000000000,0,0,0,950.000000000000000,230645.000000000000000,1401.000000000000000,39971,6012515,38632,39971,6012515,38632
160,5/27/2021 15:00:00,100,10659.000000000000000,3186967.000000000000000,13178.000000000000000,16931.000000000000000,2622493.000000000000000,18811.000000000000000,0,0,0,950.000000000000000,231595.000000000000000,1226.000000000000000,28540,6041055,33215,28540,6041055,33215
161,5/28/2021 15:00:00,100,19533.000000000000000,3206500.000000000000000,13384.000000000000000,29962.000000000000000,2652455.000000000000000,19153.000000000000000,0,0,0,1963.000000000000000,233558.000000000000000,1300.000000000000000,51458,6092513,33837,51458,6092513,33837
162,5/29/2021 15:00:00,100,12729.000000000000000,3219229.000000000000000,12950.000000000000000,15333.000000000000000,2667788.000000000000000,18489.000000000000000,0,0,0,1319.000000000000000,234877.000000000000000,1307.000000000000000,29381,6121894,32746,29381,6121894,32746
163,5/30/2021 15:00:00,100,5233.000000000000000,3224462.000000000000000,12431.000000000000000,6913.000000000000000,2674701.000000000000000,17942.000000000000000,0,0,0,722.000000000000000,235599.000000000000000,1297.000000000000000,12868,6134762,31671,12868,6134762,31671
164,5/31/2021 15:00:00,100,4208.000000000000000,3228670.000000000000000,11762.000000000000000,4613.000000000000000,2679314.000000000000000,16778.000000000000000,0,0,0,592.000000000000000,236191.000000000000000,1157.000000000000000,9413,6144175,29697,9413,6144175,29697
165,6/1/2021 15:00:00,100,6985.000000000000000,3235655.000000000000000,10517.000000000000000,15170.000000000000000,2694484.000000000000000,16238.000000000000000,0,0,0,870.000000000000000,237061.000000000000000,1052.000000000000000,23025,6167200,27808,23025,6167200,27808
166,6/2/2021 15:00:00,100,9587.000000000000000,3245242.000000000000000,9848.000000000000000,13760.000000000000000,2708244.000000000000000,14669.000000000000000,0,0,0,868.000000000000000,237929.000000000000000,1041.000000000000000,24215,6191415,25557,24215,6191415,25557
167,6/3/2021 15:00:00,100,11365.000000000000000,3256607.000000000000000,9949.000000000000000,18158.000000000000000,2726402.000000000000000,14844.000000000000000,0,0,0,1049.000000000000000,238978.000000000000000,1055.000000000000000,30572,6221987,25847,30572,6221987,25847
168,6/4/2021 15:00:00,100,9210.000000000000000,3265817.000000000000000,8474.000000000000000,24837.000000000000000,2751239.000000000000000,14112.000000000000000,0,0,0,1170.000000000000000,240148.000000000000000,941.000000000000000,35217,6257204,23527,35217,6257204,23527
169,6/5/2021 15:00:00,100,8153.000000000000000,3273970.000000000000000,7820.000000000000000,19758.000000000000000,2770997.000000000000000,14744.000000000000000,0,0,0,761.000000000000000,240909.000000000000000,862.000000000000000,28672,6285876,23426,28672,6285876,23426
170,6/6/2021 15:00:00,100,4950.000000000000000,3278920.000000000000000,7780.000000000000000,9321.000000000000000,2780318.000000000000000,15088.000000000000000,0,0,0,442.000000000000000,241351.000000000000000,822.000000000000000,14713,6300589,23690,14713,6300589,23690
171,6/7/2021 15:00:00,100,6001.000000000000000,3284921.000000000000000,8036.000000000000000,13367.000000000000000,2793685.000000000000000,16339.000000000000000,0,0,0,678.000000000000000,242029.000000000000000,834.000000000000000,20046,6320635,25209,20046,6320635,25209
172,6/8/2021 15:00:00,100,9030.000000000000000,3293951.000000000000000,8328.000000000000000,20699.000000000000000,2814384.000000000000000,17129.000000000000000,0,0,0,909.000000000000000,242938.000000000000000,840.000000000000000,30638,6351273,26296,30638,6351273,26296
173,6/9/2021 15:00:00,100,15591.000000000000000,3309542.000000000000000,9186.000000000000000,28054.000000000000000,2842438.000000000000000,19171.000000000000000,0,0,0,1297.000000000000000,244235.000000000000000,901.000000000000000,44942,6396215,29257,44942,6396215,29257
174,6/10/2021 15:00:00,100,13113.000000000000000,3322655.000000000000000,9435.000000000000000,29903.000000000000000,2872341.000000000000000,20848.000000000000000,0,0,0,1112.000000000000000,245347.000000000000000,910.000000000000000,44128,6440343,31194,44128,6440343,31194
175,6/11/2021 15:00:00,100,9452.000000000000000,3332107.000000000000000,9470.000000000000000,18824.000000000000000,2891165.000000000000000,19989.000000000000000,0,0,0,1008.000000000000000,246355.000000000000000,887.000000000000000,29284,6469627,30346,29284,6469627,30346
176,6/12/2021 15:00:00,100,3281.000000000000000,3335388.000000000000000,8774.000000000000000,10822.000000000000000,2901987.000000000000000,18713.000000000000000,0,0,0,455.000000000000000,246810.000000000000000,843.000000000000000,14558,6484185,28330,14558,6484185,28330
177,6/13/2021 15:00:00,100,2002.000000000000000,3337390.000000000000000,8353.000000000000000,5900.000000000000000,2907887.000000000000000,18224.000000000000000,0,0,0,350.000000000000000,247160.000000000000000,830.000000000000000,8252,6492437,27407,8252,6492437,27407
178,6/14/2021 15:00:00,100,12089.000000000000000,3349479.000000000000000,9223.000000000000000,22760.000000000000000,2930647.000000000000000,19566.000000000000000,0,0,0,1649.000000000000000,248809.000000000000000,969.000000000000000,36498,6528935,29757,36498,6528935,29757
179,6/15/2021 15:00:00,100,8119.000000000000000,3357598.000000000000000,9092.000000000000000,18339.000000000000000,2948986.000000000000000,19229.000000000000000,0,0,0,993.000000000000000,249802.000000000000000,981.000000000000000,27451,6556386,29302,27451,6556386,29302
180,6/16/2021 15:00:00,100,9052.000000000000000,3366650.000000000000000,8158.000000000000000,19738.000000000000000,2968724.000000000000000,18041.000000000000000,0,0,0,838.000000000000000,250640.000000000000000,915.000000000000000,29628,6586014,27114,29628,6586014,27114
181,6/17/2021 15:00:00,100,9113.000000000000000,3375763.000000000000000,7587.000000000000000,16539.000000000000000,2985263.000000000000000,16132.000000000000000,0,0,0,705.000000000000000,251345.000000000000000,857.000000000000000,26357,6612371,24575,26357,6612371,24575
182,6/18/2021 15:00:00,100,6651.000000000000000,3382414.000000000000000,7187.000000000000000,12316.000000000000000,2997579.000000000000000,15202.000000000000000,0,0,0,739.000000000000000,252084.000000000000000,818.000000000000000,19706,6632077,23207,19706,6632077,23207
183,6/19/2021 15:00:00,100,166.000000000000000,3382580.000000000000000,6742.000000000000000,338.000000000000000,2997917.000000000000000,13704.000000000000000,0,0,0,1.000000000000000,252085.000000000000000,754.000000000000000,505,6632582,21200,505,6632582,21200
184,6/20/2021 15:00:00,100,161.000000000000000,3382741.000000000000000,6479.000000000000000,284.000000000000000,2998201.000000000000000,12902.000000000000000,0,0,0,1.000000000000000,252086.000000000000000,704.000000000000000,446,6633028,20084,446,6633028,20084
185,6/21/2021 15:00:00,100,7130.000000000000000,3389871.000000000000000,5770.000000000000000,13412.000000000000000,3011613.000000000000000,11567.000000000000000,0,0,0,1214.000000000000000,253300.000000000000000,642.000000000000000,21756,6654784,17978,21756,6654784,17978
186,6/22/2021 15:00:00,100,6730.000000000000000,3396601.000000000000000,5572.000000000000000,9161.000000000000000,3020774.000000000000000,10255.000000000000000,0,0,0,1091.000000000000000,254391.000000000000000,656.000000000000000,16982,6671766,16483,16982,6671766,16483
187,6/23/2021 15:00:00,100,9408.000000000000000,3406009.000000000000000,5623.000000000000000,14685.000000000000000,3035459.000000000000000,9534.000000000000000,0,0,0,940.000000000000000,255331.000000000000000,670.000000000000000,25033,6696799,15826,25033,6696799,15826
188,6/24/2021 15:00:00,100,6472.000000000000000,3412481.000000000000000,5245.000000000000000,11038.000000000000000,3046497.000000000000000,8748.000000000000000,0,0,0,625.000000000000000,255956.000000000000000,659.000000000000000,18135,6714934,14652,18135,6714934,14652
189,6/25/2021 15:00:00,100,12880.000000000000000,3425361.000000000000000,6135.000000000000000,26476.000000000000000,3072973.000000000000000,10771.000000000000000,0,0,0,1073.000000000000000,257029.000000000000000,706.000000000000000,40429,6755363,17612,40429,6755363,17612
190,6/26/2021 15:00:00,100,24569.000000000000000,3449930.000000000000000,9621.000000000000000,34489.000000000000000,3107462.000000000000000,15649.000000000000000,0,0,0,1954.000000000000000,258983.000000000000000,985.000000000000000,61012,6816375,26256,61012,6816375,26256
191,6/27/2021 15:00:00,100,3787.000000000000000,3453717.000000000000000,10139.000000000000000,6683.000000000000000,3114145.000000000000000,16563.000000000000000,0,0,0,318.000000000000000,259301.000000000000000,1031.000000000000000,10788,6827163,27734,10788,6827163,27734
192,6/28/2021 15:00:00,100,3991.000000000000000,3457708.000000000000000,9691.000000000000000,5695.000000000000000,3119840.000000000000000,15461.000000000000000,0,0,0,659.000000000000000,259960.000000000000000,951.000000000000000,10345,6837508,26103,10345,6837508,26103
193,6/29/2021 15:00:00,100,5948.000000000000000,3463656.000000000000000,9579.000000000000000,7221.000000000000000,3127061.000000000000000,15184.000000000000000,0,0,0,257.000000000000000,260217.000000000000000,832.000000000000000,13426,6850934,25595,13426,6850934,25595
194,6/30/2021 15:00:00,100,5690.000000000000000,3469346.000000000000000,9048.000000000000000,7706.000000000000000,3134767.000000000000000,14187.000000000000000,0,0,0,698.000000000000000,260915.000000000000000,798.000000000000000,14094,6865028,24033,14094,6865028,24033
195,7/1/2021 15:00:00,100,6465.000000000000000,3475811.000000000000000,9047.000000000000000,10139.000000000000000,3144906.000000000000000,14058.000000000000000,0,0,0,707.000000000000000,261622.000000000000000,809.000000000000000,17311,6882339,23915,17311,6882339,23915
196,7/2/2021 15:00:00,100,5193.000000000000000,3481004.000000000000000,7949.000000000000000,6120.000000000000000,3151026.000000000000000,11150.000000000000000,0,0,0,417.000000000000000,262039.000000000000000,716.000000000000000,11730,6894069,19815,11730,6894069,19815
197,7/3/2021 15:00:00,100,4352.000000000000000,3485356.000000000000000,5061.000000000000000,6179.000000000000000,3157205.000000000000000,7106.000000000000000,0,0,0,488.000000000000000,262527.000000000000000,506.000000000000000,11019,6905088,12673,11019,6905088,12673
198,7/4/2021 15:00:00,100,2313.000000000000000,3487669.000000000000000,4850.000000000000000,2476.000000000000000,3159681.000000000000000,6505.000000000000000,0,0,0,127.000000000000000,262654.000000000000000,479.000000000000000,4916,6910004,11834,4916,6910004,11834
199,7/5/2021 15:00:00,100,1458.000000000000000,3489127.000000000000000,4488.000000000000000,1898.000000000000000,3161579.000000000000000,5963.000000000000000,0,0,0,131.000000000000000,262785.000000000000000,404.000000000000000,3487,6913491,10855,3487,6913491,10855
200,7/6/2021 15:00:00,100,4929.000000000000000,3494056.000000000000000,4343.000000000000000,6232.000000000000000,3167811.000000000000000,5821.000000000000000,0,0,0,473.000000000000000,263258.000000000000000,434.000000000000000,11634,6925125,10599,11634,6925125,10599
201,7/7/2021 15:00:00,100,4780.000000000000000,3498836.000000000000000,4213.000000000000000,7000.000000000000000,3174811.000000000000000,5721.000000000000000,0,0,0,543.000000000000000,263801.000000000000000,412.000000000000000,12323,6937448,10346,12323,6937448,10346
202,7/8/2021 15:00:00,100,4826.000000000000000,3503662.000000000000000,3979.000000000000000,7134.000000000000000,3181945.000000000000000,5291.000000000000000,0,0,0,453.000000000000000,264254.000000000000000,376.000000000000000,12413,6949861,9646,12413,6949861,9646
203,7/9/2021 15:00:00,100,5227.000000000000000,3508889.000000000000000,3984.000000000000000,6316.000000000000000,3188261.000000000000000,5319.000000000000000,0,0,0,422.000000000000000,264676.000000000000000,377.000000000000000,11965,6961826,9680,11965,6961826,9680
204,7/10/2021 15:00:00,100,4238.000000000000000,3513127.000000000000000,3967.000000000000000,4658.000000000000000,3192919.000000000000000,5102.000000000000000,0,0,0,340.000000000000000,265016.000000000000000,356.000000000000000,9236,6971062,9425,9236,6971062,9425
205,7/11/2021 15:00:00,100,3203.000000000000000,3516330.000000000000000,4094.000000000000000,3105.000000000000000,3196024.000000000000000,5192.000000000000000,0,0,0,213.000000000000000,265229.000000000000000,368.000000000000000,6521,6977583,9654,6521,6977583,9654
206,7/12/2021 15:00:00,100,4167.000000000000000,3520497.000000000000000,4481.000000000000000,5054.000000000000000,3201078.000000000000000,5643.000000000000000,0,0,0,519.000000000000000,265748.000000000000000,423.000000000000000,9740,6987323,10547,9740,6987323,10547
207,7/13/2021 15:00:00,100,5350.000000000000000,3525847.000000000000000,4542.000000000000000,6451.000000000000000,3207529.000000000000000,5674.000000000000000,0,0,0,308.000000000000000,266056.000000000000000,400.000000000000000,12109,6999432,10615,12109,6999432,10615
208,7/14/2021 15:00:00,100,4746.000000000000000,3530593.000000000000000,4537.000000000000000,5243.000000000000000,3212772.000000000000000,5423.000000000000000,0,0,0,498.000000000000000,266554.000000000000000,393.000000000000000,10487,7009919,10353,10487,7009919,10353
209,7/15/2021 15:00:00,100,7374.000000000000000,3537967.000000000000000,4901.000000000000000,7432.000000000000000,3220204.000000000000000,5466.000000000000000,0,0,0,646.000000000000000,267200.000000000000000,421.000000000000000,15452,7025371,10787,15452,7025371,10787
210,7/16/2021 15:00:00,100,5978.000000000000000,3543945.000000000000000,5008.000000000000000,5433.000000000000000,3225637.000000000000000,5339.000000000000000,0,0,0,242.000000000000000,267442.000000000000000,395.000000000000000,11653,7037024,10743,11653,7037024,10743
211,7/17/2021 15:00:00,100,4727.000000000000000,3548672.000000000000000,5078.000000000000000,4672.000000000000000,3230309.000000000000000,5341.000000000000000,0,0,0,373.000000000000000,267815.000000000000000,400.000000000000000,9772,7046796,10819,9772,7046796,10819
212,7/18/2021 15:00:00,100,2923.000000000000000,3551595.000000000000000,5038.000000000000000,2755.000000000000000,3233064.000000000000000,5291.000000000000000,0,0,0,156.000000000000000,267971.000000000000000,392.000000000000000,5834,7052630,10721,5834,7052630,10721
213,7/19/2021 15:00:00,100,4287.000000000000000,3555882.000000000000000,5055.000000000000000,4505.000000000000000,3237569.000000000000000,5213.000000000000000,0,0,0,355.000000000000000,268326.000000000000000,368.000000000000000,9147,7061777,10636,9147,7061777,10636
214,7/20/2021 15:00:00,100,5881.000000000000000,3561763.000000000000000,5131.000000000000000,7356.000000000000000,3244925.000000000000000,5342.000000000000000,0,0,0,348.000000000000000,268674.000000000000000,374.000000000000000,13585,7075362,10847,13585,7075362,10847
215,7/21/2021 15:00:00,100,6008.000000000000000,3567771.000000000000000,5311.000000000000000,5405.000000000000000,3250330.000000000000000,5365.000000000000000,0,0,0,419.000000000000000,269093.000000000000000,363.000000000000000,11832,7087194,11039,11832,7087194,11039
216,7/22/2021 15:00:00,100,5788.000000000000000,3573559.000000000000000,5085.000000000000000,4919.000000000000000,3255249.000000000000000,5006.000000000000000,0,0,0,369.000000000000000,269462.000000000000000,323.000000000000000,11076,7098270,10414,11076,7098270,10414
217,7/23/2021 15:00:00,100,6464.000000000000000,3580023.000000000000000,5154.000000000000000,4975.000000000000000,3260224.000000000000000,4941.000000000000000,0,0,0,428.000000000000000,269890.000000000000000,350.000000000000000,11867,7110137,10445,11867,7110137,10445
218,7/24/2021 15:00:00,100,5544.000000000000000,3585567.000000000000000,5271.000000000000000,3710.000000000000000,3263934.000000000000000,4804.000000000000000,0,0,0,253.000000000000000,270143.000000000000000,333.000000000000000,9507,7119644,10407,9507,7119644,10407
219,7/25/2021 15:00:00,100,3972.000000000000000,3589539.000000000000000,5421.000000000000000,2496.000000000000000,3266430.000000000000000,4767.000000000000000,0,0,0,164.000000000000000,270307.000000000000000,334.000000000000000,6632,7126276,10521,6632,7126276,10521
220,7/26/2021 15:00:00,100,4912.000000000000000,3594451.000000000000000,5510.000000000000000,2786.000000000000000,3269216.000000000000000,4521.000000000000000,0,0,0,360.000000000000000,270667.000000000000000,334.000000000000000,8058,7134334,10365,8058,7134334,10365
221,7/27/2021 15:00:00,100,6630.000000000000000,3601081.000000000000000,5617.000000000000000,5818.000000000000000,3275034.000000000000000,4301.000000000000000,0,0,0,532.000000000000000,271199.000000000000000,361.000000000000000,12980,7147314,10279,12980,7147314,10279
222,7/28/2021 15:00:00,100,6923.000000000000000,3608004.000000000000000,5748.000000000000000,4581.000000000000000,3279615.000000000000000,4184.000000000000000,0,0,0,499.000000000000000,271698.000000000000000,372.000000000000000,12003,7159317,10303,12003,7159317,10303
223,7/29/2021 15:00:00,100,7188.000000000000000,3615192.000000000000000,5948.000000000000000,4515.000000000000000,3284130.000000000000000,4126.000000000000000,0,0,0,468.000000000000000,272166.000000000000000,386.000000000000000,12171,7171488,10460,12171,7171488,10460
224,7/30/2021 15:00:00,100,7253.000000000000000,3622445.000000000000000,6060.000000000000000,7091.000000000000000,3291221.000000000000000,4428.000000000000000,0,0,0,496.000000000000000,272662.000000000000000,396.000000000000000,14840,7186328,10884,14840,7186328,10884
225,7/31/2021 15:00:00,100,3096.000000000000000,3625541.000000000000000,5711.000000000000000,1847.000000000000000,3293068.000000000000000,4162.000000000000000,0,0,0,256.000000000000000,272918.000000000000000,396.000000000000000,5199,7191527,10269,5199,7191527,10269
226,8/1/2021 15:00:00,100,4775.000000000000000,3630316.000000000000000,5825.000000000000000,3291.000000000000000,3296359.000000000000000,4276.000000000000000,0,0,0,205.000000000000000,273123.000000000000000,402.000000000000000,8271,7199798,10503,8271,7199798,10503
227,8/2/2021 15:00:00,100,5807.000000000000000,3636123.000000000000000,5953.000000000000000,3650.000000000000000,3300009.000000000000000,4399.000000000000000,0,0,0,405.000000000000000,273528.000000000000000,409.000000000000000,9862,7209660,10761,9862,7209660,10761
228,8/3/2021 15:00:00,100,7179.000000000000000,3643302.000000000000000,6032.000000000000000,4471.000000000000000,3304480.000000000000000,4207.000000000000000,0,0,0,405.000000000000000,273933.000000000000000,391.000000000000000,12055,7221715,10629,12055,7221715,10629
229,8/4/2021 15:00:00,100,9850.000000000000000,3653152.000000000000000,6450.000000000000000,5689.000000000000000,3310169.000000000000000,4365.000000000000000,0,0,0,1050.000000000000000,274983.000000000000000,469.000000000000000,16589,7238304,11284,16589,7238304,11284
230,8/5/2021 15:00:00,100,7242.000000000000000,3660394.000000000000000,6457.000000000000000,4471.000000000000000,3314640.000000000000000,4359.000000000000000,0,0,0,442.000000000000000,275425.000000000000000,466.000000000000000,12155,7250459,11282,12155,7250459,11282
231,8/6/2021 15:00:00,100,7349.000000000000000,3667743.000000000000000,6471.000000000000000,4425.000000000000000,3319065.000000000000000,3978.000000000000000,0,0,0,615.000000000000000,276040.000000000000000,483.000000000000000,12389,7262848,10931,12389,7262848,10931
232,8/7/2021 15:00:00,100,6800.000000000000000,3674543.000000000000000,7000.000000000000000,3795.000000000000000,3322860.000000000000000,4256.000000000000000,0,0,0,239.000000000000000,276279.000000000000000,480.000000000000000,10834,7273682,11736,10834,7273682,11736
233,8/8/2021 15:00:00,100,4111.000000000000000,3678654.000000000000000,6905.000000000000000,2435.000000000000000,3325295.000000000000000,4134.000000000000000,0,0,0,154.000000000000000,276433.000000000000000,473.000000000000000,6700,7280382,11512,6700,7280382,11512
234,8/9/2021 15:00:00,100,5698.000000000000000,3684352.000000000000000,6890.000000000000000,3592.000000000000000,3328887.000000000000000,4125.000000000000000,0,0,0,386.000000000000000,276819.000000000000000,470.000000000000000,9676,7290058,11485,9676,7290058,11485
235,8/10/2021 15:00:00,100,6006.000000000000000,3690358.000000000000000,6722.000000000000000,4164.000000000000000,3333051.000000000000000,4082.000000000000000,0,0,0,391.000000000000000,277210.000000000000000,468.000000000000000,10561,7300619,11272,10561,7300619,11272
236,8/11/2021 15:00:00,100,7862.000000000000000,3698220.000000000000000,6438.000000000000000,5204.000000000000000,3338255.000000000000000,4012.000000000000000,0,0,0,434.000000000000000,277644.000000000000000,380.000000000000000,13500,7314119,10831,13500,7314119,10831
237,8/12/2021 15:00:00,100,10121.000000000000000,3708341.000000000000000,6850.000000000000000,5903.000000000000000,3344158.000000000000000,4217.000000000000000,0,0,0,455.000000000000000,278099.000000000000000,382.000000000000000,16479,7330598,11448,16479,7330598,11448
238,8/13/2021 15:00:00,100,6758.000000000000000,3715099.000000000000000,6765.000000000000000,5131.000000000000000,3349289.000000000000000,4318.000000000000000,0,0,0,364.000000000000000,278463.000000000000000,346.000000000000000,12253,7342851,11429,12253,7342851,11429
239,8/14/2021 15:00:00,100,3907.000000000000000,3719006.000000000000000,6352.000000000000000,3133.000000000000000,3352422.000000000000000,4223.000000000000000,0,0,0,162.000000000000000,278625.000000000000000,335.000000000000000,7202,7350053,10910,7202,7350053,10910
240,8/15/2021 15:00:00,100,3664.000000000000000,3722670.000000000000000,6288.000000000000000,3336.000000000000000,3355758.000000000000000,4352.000000000000000,0,0,0,138.000000000000000,278763.000000000000000,333.000000000000000,7138,7357191,10973,7138,7357191,10973
241,8/16/2021 15:00:00,100,5400.000000000000000,3728070.000000000000000,6245.000000000000000,4729.000000000000000,3360487.000000000000000,4514.000000000000000,0,0,0,377.000000000000000,279140.000000000000000,332.000000000000000,10506,7367697,11091,10506,7367697,11091
242,8/17/2021 15:00:00,100,6312.000000000000000,3734382.000000000000000,6289.000000000000000,5640.000000000000000,3366127.000000000000000,4725.000000000000000,0,0,0,359.000000000000000,279499.000000000000000,327.000000000000000,12311,7380008,11341,12311,7380008,11341
243,8/18/2021 15:00:00,100,7893.000000000000000,3742275.000000000000000,6294.000000000000000,6345.000000000000000,3372472.000000000000000,4888.000000000000000,0,0,0,515.000000000000000,280014.000000000000000,339.000000000000000,14753,7394761,11520,14753,7394761,11520
244,8/19/2021 15:00:00,100,6485.000000000000000,3748760.000000000000000,5774.000000000000000,5514.000000000000000,3377986.000000000000000,4833.000000000000000,0,0,0,414.000000000000000,280428.000000000000000,333.000000000000000,12413,7407174,10939,12413,7407174,10939
245,8/20/2021 15:00:00,100,6383.000000000000000,3755143.000000000000000,5721.000000000000000,5847.000000000000000,3383833.000000000000000,4935.000000000000000,0,0,0,405.000000000000000,280833.000000000000000,339.000000000000000,12635,7419809,10994,12635,7419809,10994
246,8/21/2021 15:00:00,100,5260.000000000000000,3760403.000000000000000,5914.000000000000000,4730.000000000000000,3388563.000000000000000,5163.000000000000000,0,0,0,185.000000000000000,281018.000000000000000,342.000000000000000,10175,7429984,11419,10175,7429984,11419
247,8/22/2021 15:00:00,100,2963.000000000000000,3763366.000000000000000,5814.000000000000000,3461.000000000000000,3392024.000000000000000,5181.000000000000000,0,0,0,106.000000000000000,281124.000000000000000,337.000000000000000,6530,7436514,11332,6530,7436514,11332
248,8/23/2021 15:00:00,100,5257.000000000000000,3768623.000000000000000,5793.000000000000000,5278.000000000000000,3397302.000000000000000,5259.000000000000000,0,0,0,413.000000000000000,281537.000000000000000,342.000000000000000,10948,7447462,11395,10948,7447462,11395
249,8/24/2021 15:00:00,100,7025.000000000000000,3775648.000000000000000,5895.000000000000000,6569.000000000000000,3403871.000000000000000,5392.000000000000000,0,0,0,439.000000000000000,281976.000000000000000,354.000000000000000,14033,7461495,11641,14033,7461495,11641
250,8/25/2021 15:00:00,100,6939.000000000000000,3782587.000000000000000,5759.000000000000000,6460.000000000000000,3410331.000000000000000,5408.000000000000000,0,0,0,510.000000000000000,282486.000000000000000,353.000000000000000,13909,7475404,11520,13909,7475404,11520
251,8/26/2021 15:00:00,100,6964.000000000000000,3789551.000000000000000,5827.000000000000000,6197.000000000000000,3416528.000000000000000,5506.000000000000000,0,0,0,442.000000000000000,282928.000000000000000,357.000000000000000,13603,7489007,11690,13603,7489007,11690
252,8/27/2021 15:00:00,100,6867.000000000000000,3796418.000000000000000,5896.000000000000000,6495.000000000000000,3423023.000000000000000,5599.000000000000000,0,0,0,283.000000000000000,283211.000000000000000,340.000000000000000,13645,7502652,11835,13645,7502652,11835
253,8/28/2021 15:00:00,100,7737.000000000000000,3804155.000000000000000,6250.000000000000000,7534.000000000000000,3430557.000000000000000,5999.000000000000000,0,0,0,308.000000000000000,283519.000000000000000,357.000000000000000,15579,7518231,12607,15579,7518231,12607
254,8/29/2021 15:00:00,100,3948.000000000000000,3808103.000000000000000,6391.000000000000000,4051.000000000000000,3434608.000000000000000,6083.000000000000000,0,0,0,619.000000000000000,284138.000000000000000,431.000000000000000,8618,7526849,12905,8618,7526849,12905
255,8/30/2021 15:00:00,100,5583.000000000000000,3813686.000000000000000,6438.000000000000000,5252.000000000000000,3439860.000000000000000,6080.000000000000000,0,0,0,1035.000000000000000,285173.000000000000000,519.000000000000000,11870,7538719,13037,11870,7538719,13037
256,8/31/2021 15:00:00,100,6816.000000000000000,3820502.000000000000000,6408.000000000000000,6773.000000000000000,3446633.000000000000000,6109.000000000000000,0,0,0,1043.000000000000000,286216.000000000000000,606.000000000000000,14632,7553351,13122,14632,7553351,13122
257,9/1/2021 15:00:00,100,6470.000000000000000,3826972.000000000000000,6341.000000000000000,7041.000000000000000,3453674.000000000000000,6192.000000000000000,0,0,0,888.000000000000000,287104.000000000000000,660.000000000000000,14399,7567750,13192,14399,7567750,13192
258,9/2/2021 15:00:00,100,5585.000000000000000,3832557.000000000000000,6144.000000000000000,6144.000000000000000,3459818.000000000000000,6184.000000000000000,0,0,0,700.000000000000000,287804.000000000000000,697.000000000000000,12429,7580179,13025,12429,7580179,13025
259,9/3/2021 15:00:00,100,5824.000000000000000,3838381.000000000000000,5995.000000000000000,6428.000000000000000,3466246.000000000000000,6175.000000000000000,0,0,0,993.000000000000000,288797.000000000000000,798.000000000000000,13245,7593424,12967,13245,7593424,12967
260,9/4/2021 15:00:00,100,5037.000000000000000,3843418.000000000000000,5609.000000000000000,5659.000000000000000,3471905.000000000000000,5907.000000000000000,0,0,0,911.000000000000000,289708.000000000000000,884.000000000000000,11607,7605031,12400,11607,7605031,12400
261,9/5/2021 15:00:00,100,2818.000000000000000,3846236.000000000000000,5448.000000000000000,3483.000000000000000,3475388.000000000000000,5826.000000000000000,0,0,0,115.000000000000000,289823.000000000000000,812.000000000000000,6416,7611447,12085,6416,7611447,12085
262,9/6/2021 15:00:00,100,2520.000000000000000,3848756.000000000000000,5010.000000000000000,2512.000000000000000,3477900.000000000000000,5434.000000000000000,0,0,0,89.000000000000000,289912.000000000000000,677.000000000000000,5121,7616568,11121,5121,7616568,11121
263,9/7/2021 15:00:00,100,2987.000000000000000,3851743.000000000000000,4463.000000000000000,3908.000000000000000,3481808.000000000000000,5025.000000000000000,0,0,0,252.000000000000000,290164.000000000000000,564.000000000000000,7147,7623715,10052,7147,7623715,10052
264,9/8/2021 15:00:00,100,5129.000000000000000,3856872.000000000000000,4271.000000000000000,6659.000000000000000,3488467.000000000000000,4970.000000000000000,0,0,0,2356.000000000000000,292520.000000000000000,774.000000000000000,14144,7637859,10016,14144,7637859,10016
265,9/9/2021 15:00:00,100,5564.000000000000000,3862436.000000000000000,4268.000000000000000,6442.000000000000000,3494909.000000000000000,5013.000000000000000,0,0,0,356.000000000000000,292876.000000000000000,725.000000000000000,12362,7650221,10006,12362,7650221,10006
266,9/10/2021 15:00:00,100,5165.000000000000000,3867601.000000000000000,4174.000000000000000,5690.000000000000000,3500599.000000000000000,4908.000000000000000,0,0,0,318.000000000000000,293194.000000000000000,628.000000000000000,11173,7661394,9710,11173,7661394,9710
267,9/11/2021 15:00:00,100,6134.000000000000000,3873735.000000000000000,4331.000000000000000,6089.000000000000000,3506688.000000000000000,4969.000000000000000,0,0,0,2021.000000000000000,295215.000000000000000,787.000000000000000,14244,7675638,10087,14244,7675638,10087
268,9/12/2021 15:00:00,100,3609.000000000000000,3877344.000000000000000,4444.000000000000000,3855.000000000000000,3510543.000000000000000,5022.000000000000000,0,0,0,498.000000000000000,295713.000000000000000,841.000000000000000,7962,7683600,10308,7962,7683600,10308
269,9/13/2021 15:00:00,100,3917.000000000000000,3881261.000000000000000,4644.000000000000000,4049.000000000000000,3514592.000000000000000,5242.000000000000000,0,0,0,342.000000000000000,296055.000000000000000,878.000000000000000,8308,7691908,10763,8308,7691908,10763
270,9/14/2021 15:00:00,100,5047.000000000000000,3886308.000000000000000,4938.000000000000000,5721.000000000000000,3520313.000000000000000,5501.000000000000000,0,0,0,458.000000000000000,296513.000000000000000,907.000000000000000,11226,7703134,11346,11226,7703134,11346
271,9/15/2021 15:00:00,100,5250.000000000000000,3891558.000000000000000,4955.000000000000000,6106.000000000000000,3526419.000000000000000,5422.000000000000000,40795,40795,5828,393.000000000000000,296906.000000000000000,627.000000000000000,52544,7755678,16831,11749,7714883,11003
272,9/16/2021 15:00:00,100,4469.000000000000000,3896027.000000000000000,4799.000000000000000,5287.000000000000000,3531706.000000000000000,5257.000000000000000,1319,42114,6016,324.000000000000000,297230.000000000000000,622.000000000000000,11399,7767077,16694,10080,7724963,10677
273,9/17/2021 15:00:00,100,5070.000000000000000,3901097.000000000000000,4785.000000000000000,5886.000000000000000,3537592.000000000000000,5285.000000000000000,1611,43725,6246,308.000000000000000,297538.000000000000000,621.000000000000000,12875,7779952,16937,11264,7736227,10690
274,9/18/2021 15:00:00,100,4059.000000000000000,3905156.000000000000000,4489.000000000000000,5166.000000000000000,3542758.000000000000000,5153.000000000000000,1040,44765,6395,186.000000000000000,297724.000000000000000,358.000000000000000,10451,7790403,16395,9411,7745638,10000
275,9/19/2021 15:00:00,100,3595.000000000000000,3908751.000000000000000,4487.000000000000000,4401.000000000000000,3547159.000000000000000,5231.000000000000000,989,45754,6536,98.000000000000000,297822.000000000000000,301.000000000000000,9083,7799486,16555,8094,7753732,10019
276,9/20/2021 15:00:00,100,2983.000000000000000,3911734.000000000000000,4353.000000000000000,3805.000000000000000,3550964.000000000000000,5196.000000000000000,1170,46924,6703,418.000000000000000,298240.000000000000000,312.000000000000000,8376,7807862,16565,7206,7760938,9861
277,9/21/2021 15:00:00,100,4423.000000000000000,3916157.000000000000000,4264.000000000000000,5694.000000000000000,3556658.000000000000000,5192.000000000000000,1730,48654,6951,362.000000000000000,298602.000000000000000,298.000000000000000,12209,7820071,16705,10479,7771417,9755
278,9/22/2021 15:00:00,100,3718.000000000000000,3919875.000000000000000,4045.000000000000000,4347.000000000000000,3561005.000000000000000,4941.000000000000000,1292,49946,1307,461.000000000000000,299063.000000000000000,308.000000000000000,9818,7829889,10602,8526,7779943,9294
279,9/23/2021 15:00:00,100,4693.000000000000000,3924568.000000000000000,4077.000000000000000,5326.000000000000000,3566331.000000000000000,4946.000000000000000,1758,51704,1370,550.000000000000000,299613.000000000000000,340.000000000000000,12327,7842216,10734,10569,7790512,9364
280,9/24/2021 15:00:00,100,5557.000000000000000,3930125.000000000000000,4147.000000000000000,6134.000000000000000,3572465.000000000000000,4982.000000000000000,2899,54603,1554,399.000000000000000,300012.000000000000000,353.000000000000000,14989,7857205,11036,12090,7802602,9482
281,9/25/2021 15:00:00,100,3810.000000000000000,3933935.000000000000000,4111.000000000000000,4191.000000000000000,3576656.000000000000000,4843.000000000000000,3256,57859,1871,372.000000000000000,300384.000000000000000,380.000000000000000,11629,7868834,11204,8373,7810975,9334
282,9/26/2021 15:00:00,100,2696.000000000000000,3936631.000000000000000,3983.000000000000000,2919.000000000000000,3579575.000000000000000,4631.000000000000000,2765,60624,2124,408.000000000000000,300792.000000000000000,424.000000000000000,8788,7877622,11162,6023,7816998,9038
283,9/27/2021 15:00:00,100,3863.000000000000000,3940494.000000000000000,4109.000000000000000,3470.000000000000000,3583045.000000000000000,4583.000000000000000,5485,66109,2741,445.000000000000000,301237.000000000000000,428.000000000000000,13263,7890885,11860,7778,7824776,9120
284,9/28/2021 15:00:00,100,3728.000000000000000,3944222.000000000000000,4009.000000000000000,3079.000000000000000,3586124.000000000000000,4209.000000000000000,6087,72196,3363,294.000000000000000,301531.000000000000000,418.000000000000000,13188,7904073,12000,7101,7831877,8637
285,9/29/2021 15:00:00,100,3750.000000000000000,3947972.000000000000000,4014.000000000000000,3870.000000000000000,3589994.000000000000000,4141.000000000000000,5945,78141,4028,964.000000000000000,302495.000000000000000,490.000000000000000,14529,7918602,12673,8584,7840461,8645
286,9/30/2021 15:00:00,100,2413.000000000000000,3950385.000000000000000,3688.000000000000000,2521.000000000000000,3592515.000000000000000,3741.000000000000000,3791,81932,4318,782.000000000000000,303277.000000000000000,523.000000000000000,9507,7928109,12270,5716,7846177,7952
287,10/1/2021 15:00:00,100,6899.000000000000000,3957284.000000000000000,3880.000000000000000,6608.000000000000000,3599123.000000000000000,3808.000000000000000,11864,93796,5599,742.000000000000000,304019.000000000000000,572.000000000000000,26113,7954222,13860,14249,7860426,8261
288,10/2/2021 15:00:00,100,7003.000000000000000,3964287.000000000000000,4336.000000000000000,6630.000000000000000,3605753.000000000000000,4157.000000000000000,13360,107156,7042,250.000000000000000,304269.000000000000000,555.000000000000000,27243,7981465,16090,13883,7874309,9048
289,10/3/2021 15:00:00,100,2517.000000000000000,3966804.000000000000000,4310.000000000000000,2532.000000000000000,3608285.000000000000000,4101.000000000000000,4173,111329,7244,102.000000000000000,304371.000000000000000,511.000000000000000,9324,7990789,16167,5151,7879460,8923
290,10/4/2021 15:00:00,100,4227.000000000000000,3971031.000000000000000,4362.000000000000000,3816.000000000000000,3612101.000000000000000,4151.000000000000000,8570,119899,7684,336.000000000000000,304707.000000000000000,496.000000000000000,16949,8007738,16693,8379,7887839,9009
291,10/5/2021 15:00:00,100,3263.000000000000000,3974294.000000000000000,4296.000000000000000,2614.000000000000000,3614715.000000000000000,4084.000000000000000,6784,126683,7784,304.000000000000000,305011.000000000000000,497.000000000000000,12965,8020703,16661,6181,7894020,8878
292,10/6/2021 15:00:00,100,5684.000000000000000,3979978.000000000000000,4572.000000000000000,5309.000000000000000,3620024.000000000000000,4290.000000000000000,12354,139037,8699,246.000000000000000,305257.000000000000000,395.000000000000000,23593,8044296,17956,11239,7905259,9257
293,10/7/2021 15:00:00,100,4488.000000000000000,3984466.000000000000000,4869.000000000000000,3692.000000000000000,3623716.000000000000000,4457.000000000000000,8967,148004,9439,311.000000000000000,305568.000000000000000,327.000000000000000,17458,8061754,19092,8491,7913750,9653
294,10/8/2021 15:00:00,100,4330.000000000000000,3988796.000000000000000,4502.000000000000000,3632.000000000000000,3627348.000000000000000,4032.000000000000000,9053,157057,9037,252.000000000000000,305820.000000000000000,257.000000000000000,17267,8079021,17828,8214,7921964,8791
295,10/9/2021 15:00:00,100,3563.000000000000000,3992359.000000000000000,4010.000000000000000,3291.000000000000000,3630639.000000000000000,3555.000000000000000,6566,163623,8067,299.000000000000000,306119.000000000000000,264.000000000000000,13719,8092740,15896,7153,7929117,7830
296,10/10/2021 15:00:00,100,1291.000000000000000,3993650.000000000000000,3835.000000000000000,1360.000000000000000,3631999.000000000000000,3388.000000000000000,2400,166023,7813,82.000000000000000,306201.000000000000000,261.000000000000000,5133,8097873,15298,2733,7931850,7484
297,10/11/2021 15:00:00,100,2777.000000000000000,3996427.000000000000000,3628.000000000000000,2317.000000000000000,3634316.000000000000000,3174.000000000000000,5281,171304,7344,177.000000000000000,306378.000000000000000,239.000000000000000,10552,8108425,14384,5271,7937121,7040
298,10/12/2021 15:00:00,100,5074.000000000000000,4001501.000000000000000,3887.000000000000000,4088.000000000000000,3638404.000000000000000,3384.000000000000000,9957,181261,7797,316.000000000000000,306694.000000000000000,240.000000000000000,19435,8127860,15308,9478,7946599,7511
299,10/13/2021 15:00:00,100,3936.000000000000000,4005437.000000000000000,3637.000000000000000,3728.000000000000000,3642132.000000000000000,3158.000000000000000,7737,188998,7137,339.000000000000000,307033.000000000000000,254.000000000000000,15740,8143600,14186,8003,7954602,7049
300,10/14/2021 15:00:00,100,5569.000000000000000,4011006.000000000000000,3791.000000000000000,5850.000000000000000,3647982.000000000000000,3467.000000000000000,8522,197520,7074,439.000000000000000,307472.000000000000000,272.000000000000000,20380,8163980,14604,11858,7966460,7530
301,10/15/2021 15:00:00,100,5081.000000000000000,4016087.000000000000000,3899.000000000000000,4975.000000000000000,3652957.000000000000000,3658.000000000000000,9555,207075,7145,218.000000000000000,307690.000000000000000,267.000000000000000,19829,8183809,14970,10274,7976734,7824
302,10/16/2021 15:00:00,100,1770.000000000000000,4017857.000000000000000,3643.000000000000000,3162.000000000000000,3656119.000000000000000,3640.000000000000000,7247,214322,7243,263.000000000000000,307953.000000000000000,262.000000000000000,12442,8196251,14787,5195,7981929,7545
303,10/17/2021 15:00:00,100,1960.000000000000000,4019817.000000000000000,3738.000000000000000,1966.000000000000000,3658085.000000000000000,3727.000000000000000,2676,216998,7282,31.000000000000000,307984.000000000000000,255.000000000000000,6633,8202884,15002,3957,7985886,7719
304,10/18/2021 15:00:00,100,4062.000000000000000,4023879.000000000000000,3922.000000000000000,3768.000000000000000,3661853.000000000000000,3934.000000000000000,7979,224977,7668,220.000000000000000,308204.000000000000000,261.000000000000000,16029,8218913,15784,8050,7993936,8116
305,10/19/2021 15:00:00,100,5223.000000000000000,4029102.000000000000000,3943.000000000000000,4786.000000000000000,3666639.000000000000000,4034.000000000000000,8833,233810,7507,196.000000000000000,308400.000000000000000,244.000000000000000,19038,8237951,15727,10205,8004141,8220
306,10/20/2021 15:00:00,100,4542.000000000000000,4033644.000000000000000,4030.000000000000000,4256.000000000000000,3670895.000000000000000,4109.000000000000000,10667,244477,7926,386.000000000000000,308786.000000000000000,250.000000000000000,19851,8257802,16315,9184,8013325,8389
307,10/21/2021 15:00:00,100,3731.000000000000000,4037375.000000000000000,3767.000000000000000,3685.000000000000000,3674580.000000000000000,3800.000000000000000,8532,253009,7927,269.000000000000000,309055.000000000000000,226.000000000000000,16217,8274019,15720,7685,8021010,7793
308,10/22/2021 15:00:00,100,4411.000000000000000,4041786.000000000000000,3671.000000000000000,4846.000000000000000,3679426.000000000000000,3781.000000000000000,12034,265043,8281,511.000000000000000,309566.000000000000000,268.000000000000000,21802,8295821,16002,9768,8030778,7721
309,10/23/2021 15:00:00,100,2501.000000000000000,4044287.000000000000000,3776.000000000000000,2931.000000000000000,3682357.000000000000000,3748.000000000000000,7315,272358,8291,337.000000000000000,309903.000000000000000,279.000000000000000,13084,8308905,16093,5769,8036547,7803
310,10/24/2021 15:00:00,100,2580.000000000000000,4046867.000000000000000,3864.000000000000000,2904.000000000000000,3685261.000000000000000,3882.000000000000000,6939,279297,8900,137.000000000000000,310040.000000000000000,294.000000000000000,12560,8321465,16940,5621,8042168,8040
311,10/25/2021 15:00:00,100,3654.000000000000000,4050521.000000000000000,3806.000000000000000,4437.000000000000000,3689698.000000000000000,3978.000000000000000,12615,291912,9562,342.000000000000000,310382.000000000000000,311.000000000000000,21048,8342513,17657,8433,8050601,8095
312,10/26/2021 15:00:00,100,6169.000000000000000,4056690.000000000000000,3941.000000000000000,7572.000000000000000,3697270.000000000000000,4376.000000000000000,21802,313714,11415,348.000000000000000,310730.000000000000000,333.000000000000000,35891,8378404,20065,14089,8064690,8650
313,10/27/2021 15:00:00,100,5180.000000000000000,4061870.000000000000000,4032.000000000000000,3441.000000000000000,3700711.000000000000000,4259.000000000000000,20106,333820,12763,421.000000000000000,311151.000000000000000,338.000000000000000,29148,8407552,21393,9042,8073732,8630
314,10/28/2021 15:00:00,100,4799.000000000000000,4066669.000000000000000,4185.000000000000000,6086.000000000000000,3706797.000000000000000,4602.000000000000000,18961,352781,14253,508.000000000000000,311659.000000000000000,372.000000000000000,30354,8437906,23412,11393,8085125,9159
315,10/29/2021 15:00:00,100,5308.000000000000000,4071977.000000000000000,4313.000000000000000,6793.000000000000000,3713590.000000000000000,4881.000000000000000,21485,374266,15603,453.000000000000000,312112.000000000000000,364.000000000000000,34039,8471945,25161,12554,8097679,9557
316,10/30/2021 15:00:00,100,3893.000000000000000,4075870.000000000000000,4512.000000000000000,4843.000000000000000,3718433.000000000000000,5154.000000000000000,14918,389184,16689,439.000000000000000,312551.000000000000000,378.000000000000000,24093,8496038,26733,9175,8106854,10044
317,10/31/2021 15:00:00,100,2606.000000000000000,4078476.000000000000000,4516.000000000000000,3324.000000000000000,3721757.000000000000000,5214.000000000000000,10387,399571,17182,178.000000000000000,312729.000000000000000,384.000000000000000,16495,8512533,27295,6108,8112962,10113