VACCINATION_DATE,Gender,FirstDoseDaily,FirstDoseCumulative,SecondDoseDaily,SecondDoseCumulative,SingleDoseDaily,SingleDoseCumulative
2020-12-14 15:00:00,Female,4,4,,0,,0
2020-12-15 15:00:00,Female,12,16,1.0,1,,0
2020-12-16 15:00:00,Female,315,331,2.0,3,,0
2020-12-17 15:00:00,Female,718,1049,,3,,0
2020-12-18 15:00:00,Female,1863,2912,2.0,5,,0
2020-12-19 15:00:00,Female,531,3443,1.0,6,,0
2020-12-20 15:00:00,Female,194,3637,1.0,7,,0
2020-12-21 15:00:00,Female,2403,6040,3.0,10,,0
2020-12-22 15:00:00,Female,4116,10156,4.0,14,,0
2020-12-23 15:00:00,Female,3744,13900,9.0,23,,0
2020-12-24 15:00:00,Female,1713,15613,2.0,25,,0
2020-12-25 15:00:00,Female,726,16339,2.0,27,,0
2020-12-26 15:00:00,Female,1118,17457,2.0,29,,0
2020-12-27 15:00:00,Female,1244,18701,3.0,32,,0
2020-12-28 15:00:00,Female,5978,24679,9.0,41,,0
2020-12-29 15:00:00,Female,7066,31745,10.0,51,,0
2020-12-30 15:00:00,Female,8119,39864,18.0,69,,0
2020-12-31 15:00:00,Female,4734,44598,7.0,76,,0
2021-01-01 15:00:00,Female,1220,45818,38.0,114,,0
2021-01-02 15:00:00,Female,1903,47721,12.0,126,,0
2021-01-03 15:00:00,Female,2233,49954,38.0,164,,0
2021-01-04 15:00:00,Female,8459,58413,173.0,337,,0
2021-01-05 15:00:00,Female,7895,66308,305.0,642,,0
2021-01-06 15:00:00,Female,9475,75783,478.0,1120,,0
2021-01-07 15:00:00,Female,9604,85387,1048.0,2168,,0
2021-01-08 15:00:00,Female,10407,95794,1664.0,3832,,0
2021-01-09 15:00:00,Female,3264,99058,597.0,4429,,0
2021-01-10 15:00:00,Female,1717,100775,232.0,4661,,0
2021-01-11 15:00:00,Female,8407,109182,2114.0,6775,,0
2021-01-12 15:00:00,Female,10339,119521,3575.0,10350,,0
2021-01-13 15:00:00,Female,11472,130993,2581.0,12931,,0
2021-01-14 15:00:00,Female,11251,142244,1205.0,14136,,0
2021-01-15 15:00:00,Female,12901,155145,1286.0,15422,,0
2021-01-16 15:00:00,Female,3703,158848,1000.0,16422,,0
2021-01-17 15:00:00,Female,1463,160311,921.0,17343,,0
2021-01-18 15:00:00,Female,4568,164879,2013.0,19356,,0
2021-01-19 15:00:00,Female,10316,175195,3530.0,22886,,0
2021-01-20 15:00:00,Female,12650,187845,3551.0,26437,,0
2021-01-21 15:00:00,Female,14291,202136,2388.0,28825,,0
2021-01-22 15:00:00,Female,17833,219969,2255.0,31080,,0
2021-01-23 15:00:00,Female,6207,226176,1121.0,32201,,0
2021-01-24 15:00:00,Female,2057,228233,1119.0,33320,,0
2021-01-25 15:00:00,Female,10147,238380,5508.0,38828,,0
2021-01-26 15:00:00,Female,10614,248994,5431.0,44259,,0
2021-01-27 15:00:00,Female,14852,263846,7921.0,52180,,0
2021-01-28 15:00:00,Female,13752,277598,5986.0,58166,,0
2021-01-29 15:00:00,Female,14895,292493,5017.0,63183,,0
2021-01-30 15:00:00,Female,10979,303472,1620.0,64803,,0
2021-01-31 15:00:00,Female,2223,305695,736.0,65539,,0
2021-02-01 15:00:00,Female,4173,309868,2829.0,68368,,0
2021-02-02 15:00:00,Female,7130,316998,8523.0,76891,,0
2021-02-03 15:00:00,Female,10673,327671,10955.0,87846,,0
2021-02-04 15:00:00,Female,13027,340698,9804.0,97650,,0
2021-02-05 15:00:00,Female,12210,352908,11489.0,109139,,0
2021-02-06 15:00:00,Female,7015,359923,4090.0,113229,,0
2021-02-07 15:00:00,Female,3607,363530,1150.0,114379,,0
2021-02-08 15:00:00,Female,7678,371208,7958.0,122337,,0
2021-02-09 15:00:00,Female,9749,380957,8333.0,130670,,0
2021-02-10 15:00:00,Female,11595,392552,13103.0,143773,,0
2021-02-11 15:00:00,Female,13672,406224,10232.0,154005,,0
2021-02-12 15:00:00,Female,12460,418684,12412.0,166417,,0
2021-02-13 15:00:00,Female,6644,425328,3801.0,170218,,0
2021-02-14 15:00:00,Female,4235,429563,1202.0,171420,,0
2021-02-15 15:00:00,Female,6857,436420,8388.0,179808,,0
2021-02-16 15:00:00,Female,9547,445967,12714.0,192522,,0
2021-02-17 15:00:00,Female,12525,458492,16279.0,208801,,0
2021-02-18 15:00:00,Female,1693,460185,2699.0,211500,,0
2021-02-19 15:00:00,Female,5943,466128,12083.0,223583,,0
2021-02-20 15:00:00,Female,5996,472124,12822.0,236405,,0
2021-02-21 15:00:00,Female,3533,475657,4566.0,240971,,0
2021-02-22 15:00:00,Female,4555,480212,9335.0,250306,,0
2021-02-23 15:00:00,Female,8945,489157,9623.0,259929,,0
2021-04-13 15:00:00,Federal Entities,84295,84295,54201.0,54201,2952.0,2952
2021-04-14 15:00:00,Federal Entities,557,84852,11.0,54212,1.0,2953
2021-04-15 15:00:00,Federal Entities,623,85475,823.0,55035,19.0,2972
2021-04-16 15:00:00,Federal Entities,782,86257,1016.0,56051,8.0,2980
2021-04-17 15:00:00,Federal Entities,1136,87393,1177.0,57228,6.0,2986
2021-04-19 15:00:00,Federal Entities,1369,88762,2003.0,59231,9.0,2995
2021-04-20 15:00:00,Federal Entities,3243,92005,2158.0,61389,19.0,3014
2021-04-21 15:00:00,Federal Entities,906,92911,1206.0,62595,4.0,3018
2021-04-22 15:00:00,Federal Entities,1018,93929,458.0,63053,,3018
2021-04-23 15:00:00,Federal Entities,759,94688,632.0,63685,1.0,3019
2021-04-25 15:00:00,Federal Entities,992,95680,2492.0,66177,5.0,3024
2021-04-26 15:00:00,Federal Entities,1483,97163,1672.0,67849,1.0,3025
2021-04-29 15:00:00,Federal Entities,223,97386,865.0,68714,2.0,3027
2021-05-01 15:00:00,Federal Entities,1556,98942,1974.0,70688,14.0,3041
2021-05-02 15:00:00,Federal Entities,1071,100013,1875.0,72563,4.0,3045
2021-05-03 15:00:00,Federal Entities,403,100416,2165.0,74728,4.0,3049
2021-05-04 15:00:00,Federal Entities,28,100444,25.0,74753,,3049
2021-05-05 15:00:00,Federal Entities,365,100809,814.0,75567,,3049
2021-05-06 15:00:00,Federal Entities,275,101084,880.0,76447,3.0,3052
2021-05-07 15:00:00,Federal Entities,274,101358,966.0,77413,8.0,3060
2021-05-08 15:00:00,Federal Entities,297,101655,1312.0,78725,6.0,3066
2021-05-10 15:00:00,Federal Entities,338,101993,1712.0,80437,1.0,3067
2021-05-11 15:00:00,Federal Entities,18,102011,13.0,80450,,3067
2021-05-12 15:00:00,Federal Entities,243,102254,1124.0,81574,,3067
2021-05-14 15:00:00,Federal Entities,290,102544,1022.0,82596,2.0,3069
2021-05-15 15:00:00,Federal Entities,611,103155,1701.0,84297,4.0,3073
2021-05-17 15:00:00,Federal Entities,565,103720,2505.0,86802,11.0,3084
2021-05-18 15:00:00,Federal Entities,164,103884,61.0,86863,2.0,3086
2021-05-20 15:00:00,Federal Entities,885,104769,1024.0,87887,,3086
2021-05-22 15:00:00,Federal Entities,911,105680,1359.0,89246,9.0,3095
2021-05-24 15:00:00,Federal Entities,514,106194,1032.0,90278,8.0,3103
2021-05-25 15:00:00,Federal Entities,5,106199,1.0,90279,2.0,3105
2021-05-27 15:00:00,Federal Entities,425,106624,674.0,90953,1.0,3106
2021-05-28 15:00:00,Federal Entities,418,107042,342.0,91295,,3106
2021-05-29 15:00:00,Federal Entities,267,107309,344.0,91639,10.0,3116
2021-05-31 15:00:00,Federal Entities,214,107523,243.0,91882,3.0,3119
2021-06-01 15:00:00,Federal Entities,30,107553,48.0,91930,,3119
2021-06-16 15:00:00,Federal Entities,2042,109595,3555.0,95485,37.0,3156
2020-12-17 15:00:00,Unknown,3,3,,0,,0
2020-12-18 15:00:00,Unknown,84,87,,0,,0
2020-12-19 15:00:00,Unknown,1,88,,0,,0
2020-12-20 15:00:00,Unknown,1,89,,0,,0
2020-12-21 15:00:00,Unknown,43,132,1.0,1,,0
2020-12-22 15:00:00,Unknown,12,144,,1,,0
2020-12-23 15:00:00,Unknown,6,150,,1,,0
2020-12-24 15:00:00,Unknown,4,154,,1,,0
2020-12-28 15:00:00,Unknown,11,165,,1,,0
2020-12-29 15:00:00,Unknown,6,171,,1,,0
2020-12-30 15:00:00,Unknown,13,184,,1,,0
2020-12-31 15:00:00,Unknown,2,186,,1,,0
2021-01-01 15:00:00,Unknown,5,191,,1,,0
2021-01-02 15:00:00,Unknown,2,193,,1,,0
2021-01-03 15:00:00,Unknown,2,195,,1,,0
2021-01-04 15:00:00,Unknown,13,208,,1,,0
2021-01-05 15:00:00,Unknown,8,216,1.0,2,,0
2021-01-06 15:00:00,Unknown,14,230,2.0,4,,0
2021-01-07 15:00:00,Unknown,13,243,4.0,8,,0
2021-01-08 15:00:00,Unknown,8012,8255,83.0,91,,0
2021-01-09 15:00:00,Unknown,4,8259,3.0,94,,0
2021-01-11 15:00:00,Unknown,3,8262,7.0,101,,0
2021-01-12 15:00:00,Unknown,6,8268,40.0,141,,0
2021-01-13 15:00:00,Unknown,8,8276,4.0,145,,0
2021-01-14 15:00:00,Unknown,7,8283,2.0,147,,0
2021-01-15 15:00:00,Unknown,28,8311,3.0,150,,0
2021-01-16 15:00:00,Unknown,9,8320,1.0,151,,0
2021-01-17 15:00:00,Unknown,3,8323,,151,,0
2021-01-18 15:00:00,Unknown,5,8328,,151,,0
2021-01-19 15:00:00,Unknown,6,8334,1.0,152,,0
2021-01-20 15:00:00,Unknown,44,8378,8.0,160,,0
2021-02-24 15:00:00,Female,10458,499615,14701.0,274630,,0
2021-02-25 15:00:00,Female,11832,511447,15870.0,290500,,0
2021-02-26 15:00:00,Female,15589,527036,15850.0,306350,,0
2021-02-27 15:00:00,Female,9371,536407,6905.0,313255,,0
2021-02-28 15:00:00,Female,9112,545519,2921.0,316176,,0
2021-03-01 15:00:00,Female,13936,559455,7036.0,323212,,0
2021-03-02 15:00:00,Female,13467,572922,7572.0,330784,12.0,12
2021-03-03 15:00:00,Female,16665,589587,10952.0,341736,66.0,78
2021-03-04 15:00:00,Female,17244,606831,10703.0,352439,2274.0,2352
2021-03-05 15:00:00,Female,16230,623061,11622.0,364061,2654.0,5006
2021-03-06 15:00:00,Female,10034,633095,5447.0,369508,3275.0,8281
2021-03-07 15:00:00,Female,6632,639727,2751.0,372259,3718.0,11999
2021-03-08 15:00:00,Female,13847,653574,4850.0,377109,4452.0,16451
2021-03-09 15:00:00,Female,14186,667760,8775.0,385884,4316.0,20767
2021-03-10 15:00:00,Female,16369,684129,9468.0,395352,4166.0,24933
2021-03-11 15:00:00,Female,18422,702551,9752.0,405104,2285.0,27218
2021-03-12 15:00:00,Female,20270,722821,10562.0,415666,1640.0,28858
2021-03-13 15:00:00,Female,12392,735213,5818.0,421484,827.0,29685
2021-03-14 15:00:00,Female,9500,744713,3864.0,425348,514.0,30199
2021-03-15 15:00:00,Female,15816,760529,6378.0,431726,321.0,30520
2021-03-16 15:00:00,Female,17496,778025,7634.0,439360,386.0,30906
2021-03-17 15:00:00,Female,20123,798148,9793.0,449153,600.0,31506
2021-03-18 15:00:00,Female,21816,819964,7079.0,456232,713.0,32219
2021-03-19 15:00:00,Female,20335,840299,8714.0,464946,570.0,32789
2021-03-20 15:00:00,Female,13121,853420,5786.0,470732,341.0,33130
2021-03-21 15:00:00,Female,9943,863363,4398.0,475130,154.0,33284
2021-03-22 15:00:00,Female,17463,880826,6175.0,481305,448.0,33732
2021-03-23 15:00:00,Female,19751,900577,9701.0,491006,833.0,34565
2021-03-24 15:00:00,Female,21213,921790,12047.0,503053,747.0,35312
2021-03-25 15:00:00,Female,22116,943906,11908.0,514961,1153.0,36465
2021-03-26 15:00:00,Female,19341,963247,14904.0,529865,1204.0,37669
2021-03-27 15:00:00,Female,14240,977487,9522.0,539387,1254.0,38923
2021-03-28 15:00:00,Female,8913,986400,6976.0,546363,824.0,39747
2021-03-29 15:00:00,Female,15652,1002052,14484.0,560847,596.0,40343
2021-03-30 15:00:00,Female,20674,1022726,16253.0,577100,986.0,41329
2021-03-31 15:00:00,Female,21271,1043997,19086.0,596186,2941.0,44270
2021-04-01 15:00:00,Female,21415,1065412,20063.0,616249,2821.0,47091
2021-04-02 15:00:00,Female,18092,1083504,17774.0,634023,3024.0,50115
2021-04-03 15:00:00,Female,11326,1094830,10178.0,644201,2362.0,52477
2021-04-04 15:00:00,Female,4361,1099191,5438.0,649639,460.0,52937
2021-04-05 15:00:00,Female,14640,1113831,15562.0,665201,3330.0,56267
2021-04-06 15:00:00,Female,20482,1134313,16087.0,681288,5342.0,61609
2021-04-07 15:00:00,Female,18464,1152777,18363.0,699651,6555.0,68164
2021-04-08 15:00:00,Female,21738,1174515,19424.0,719075,6774.0,74938
2021-04-09 15:00:00,Female,17792,1192307,19665.0,738740,7193.0,82131
2021-04-10 15:00:00,Female,12134,1204441,12515.0,751255,3797.0,85928
2021-04-11 15:00:00,Female,9056,1213497,7066.0,758321,4801.0,90729
2021-04-12 15:00:00,Female,12494,1225991,17503.0,775824,5312.0,96041
2021-04-13 15:00:00,Female,21665,1247656,19032.0,794856,151.0,96192
2021-04-14 15:00:00,Female,20230,1267886,19883.0,814739,102.0,96294
2021-04-15 15:00:00,Female,20492,1288378,20198.0,834937,71.0,96365
2021-04-16 15:00:00,Female,18421,1306799,20198.0,855135,7.0,96372
2021-04-17 15:00:00,Female,16077,1322876,10829.0,865964,2.0,96374
2021-04-18 15:00:00,Female,9980,1332856,8277.0,874241,3.0,96377
2021-04-19 15:00:00,Female,14202,1347058,17983.0,892224,31.0,96408
2021-04-20 15:00:00,Female,14314,1361372,21686.0,913910,14.0,96422
2021-04-21 15:00:00,Female,18515,1379887,22141.0,936051,4.0,96426
2021-04-22 15:00:00,Female,17192,1397079,20737.0,956788,2.0,96428
2021-04-23 15:00:00,Female,15610,1412689,20308.0,977096,2.0,96430
2021-04-24 15:00:00,Female,12824,1425513,14544.0,991640,18.0,96448
2021-04-25 15:00:00,Female,9302,1434815,4417.0,996057,12.0,96460
2021-04-26 15:00:00,Female,12427,1447242,16009.0,1012066,92.0,96552
2021-04-27 15:00:00,Female,13145,1460387,16912.0,1028978,397.0,96949
2021-04-28 15:00:00,Female,14176,1474563,19793.0,1048771,497.0,97446
2021-04-29 15:00:00,Female,13276,1487839,19439.0,1068210,562.0,98008
2021-04-30 15:00:00,Female,13846,1501685,16542.0,1084752,613.0,98621
2021-05-01 15:00:00,Female,9070,1510755,12111.0,1096863,345.0,98966
2021-05-02 15:00:00,Female,4399,1515154,7779.0,1104642,299.0,99265
2021-05-03 15:00:00,Female,6132,1521286,13755.0,1118397,751.0,100016
2021-05-04 15:00:00,Female,7009,1528295,19475.0,1137872,653.0,100669
2021-01-21 15:00:00,Unknown,126,8504,6.0,166,,0
2021-01-22 15:00:00,Unknown,237,8741,2.0,168,,0
2021-01-23 15:00:00,Unknown,123,8864,1.0,169,,0
2021-01-24 15:00:00,Unknown,17,8881,2.0,171,,0
2021-01-25 15:00:00,Unknown,20,8901,9.0,180,,0
2021-01-26 15:00:00,Unknown,194,9095,4.0,184,,0
2021-01-27 15:00:00,Unknown,43,9138,6.0,190,,0
2021-01-28 15:00:00,Unknown,23,9161,4.0,194,,0
2021-01-29 15:00:00,Unknown,103,9264,6.0,200,,0
2021-01-30 15:00:00,Unknown,7,9271,1.0,201,,0
2021-01-31 15:00:00,Unknown,3,9274,,201,,0
2021-02-01 15:00:00,Unknown,15,9289,10.0,211,,0
2021-02-02 15:00:00,Unknown,10,9299,2.0,213,,0
2021-02-03 15:00:00,Unknown,69,9368,4.0,217,,0
2021-02-04 15:00:00,Unknown,205,9573,10.0,227,,0
2021-02-05 15:00:00,Unknown,206,9779,9.0,236,,0
2021-02-06 15:00:00,Unknown,77,9856,8002.0,8238,,0
2021-02-07 15:00:00,Unknown,1,9857,2.0,8240,,0
2021-02-08 15:00:00,Unknown,166,10023,4.0,8244,,0
2021-02-09 15:00:00,Unknown,149,10172,5.0,8249,,0
2021-02-10 15:00:00,Unknown,92,10264,88.0,8337,,0
2021-02-11 15:00:00,Unknown,85,10349,116.0,8453,,0
2021-02-12 15:00:00,Unknown,29,10378,87.0,8540,,0
2021-02-13 15:00:00,Unknown,5,10383,2.0,8542,,0
2021-02-14 15:00:00,Unknown,1,10384,1.0,8543,,0
2021-02-15 15:00:00,Unknown,17,10401,82.0,8625,,0
2021-02-16 15:00:00,Unknown,175,10576,187.0,8812,,0
2021-02-17 15:00:00,Unknown,261,10837,43.0,8855,,0
2021-02-18 15:00:00,Unknown,9,10846,4.0,8859,,0
2021-02-19 15:00:00,Unknown,35,10881,22.0,8881,,0
2021-02-20 15:00:00,Unknown,82,10963,60.0,8941,,0
2021-02-21 15:00:00,Unknown,7,10970,14.0,8955,,0
2021-02-22 15:00:00,Unknown,13,10983,11.0,8966,,0
2021-02-23 15:00:00,Unknown,168,11151,19.0,8985,,0
2021-02-24 15:00:00,Unknown,10,11161,44.0,9029,,0
2021-02-25 15:00:00,Unknown,38,11199,158.0,9187,,0
2021-02-26 15:00:00,Unknown,30,11229,243.0,9430,,0
2021-02-27 15:00:00,Unknown,9,11238,7.0,9437,,0
2021-02-28 15:00:00,Unknown,26,11264,3.0,9440,,0
2021-03-01 15:00:00,Unknown,133,11397,146.0,9586,,0
2021-03-02 15:00:00,Unknown,63,11460,136.0,9722,,0
2021-03-03 15:00:00,Unknown,173,11633,14.0,9736,,0
2021-03-04 15:00:00,Unknown,130,11763,81.0,9817,2.0,2
2021-03-05 15:00:00,Unknown,141,11904,171.0,9988,5.0,7
2021-03-06 15:00:00,Unknown,21,11925,1.0,9989,2.0,9
2021-03-07 15:00:00,Unknown,17,11942,,9989,8.0,17
2021-03-08 15:00:00,Unknown,333,12275,13.0,10002,3.0,20
2021-03-09 15:00:00,Unknown,369,12644,19.0,10021,14.0,34
2021-03-10 15:00:00,Unknown,170,12814,84.0,10105,16.0,50
2021-03-11 15:00:00,Unknown,161,12975,72.0,10177,3.0,53
2021-03-12 15:00:00,Unknown,187,13162,15.0,10192,7.0,60
2021-03-13 15:00:00,Unknown,31,13193,4.0,10196,2.0,62
2021-03-14 15:00:00,Unknown,40,13233,2.0,10198,1.0,63
2021-03-15 15:00:00,Unknown,501,13734,8.0,10206,1.0,64
2021-03-16 15:00:00,Unknown,551,14285,158.0,10364,,64
2021-03-17 15:00:00,Unknown,447,14732,243.0,10607,,64
2021-03-18 15:00:00,Unknown,571,15303,23.0,10630,34.0,98
2021-03-19 15:00:00,Unknown,374,15677,26.0,10656,3.0,101
2021-03-20 15:00:00,Unknown,102,15779,5.0,10661,7.0,108
2021-03-21 15:00:00,Unknown,46,15825,73.0,10734,,108
2021-03-22 15:00:00,Unknown,72,15897,116.0,10850,10.0,118
2021-03-23 15:00:00,Unknown,147,16044,165.0,11015,11.0,129
2021-03-24 15:00:00,Unknown,616,16660,45.0,11060,16.0,145
2021-03-25 15:00:00,Unknown,403,17063,9.0,11069,229.0,374
2021-03-26 15:00:00,Unknown,348,17411,30.0,11099,292.0,666
2021-03-27 15:00:00,Unknown,36,17447,5.0,11104,14.0,680
2021-03-28 15:00:00,Unknown,38,17485,19.0,11123,10.0,690
2021-03-29 15:00:00,Unknown,39,17524,316.0,11439,30.0,720
2021-03-30 15:00:00,Unknown,71,17595,335.0,11774,32.0,752
2021-03-31 15:00:00,Unknown,149,17744,144.0,11918,181.0,933
2021-04-01 15:00:00,Unknown,218,17962,132.0,12050,53.0,986
2021-05-05 15:00:00,Female,9158,1537453,18086.0,1155958,716.0,101385
2021-05-06 15:00:00,Female,8152,1545605,19567.0,1175525,647.0,102032
2021-05-07 15:00:00,Female,8371,1553976,17310.0,1192835,745.0,102777
2021-05-08 15:00:00,Female,4972,1558948,14916.0,1207751,447.0,103224
2021-05-09 15:00:00,Female,2495,1561443,5680.0,1213431,240.0,103464
2021-05-10 15:00:00,Female,4186,1565629,14628.0,1228059,497.0,103961
2021-05-11 15:00:00,Female,5883,1571512,14524.0,1242583,541.0,104502
2021-05-12 15:00:00,Female,7316,1578828,18398.0,1260981,713.0,105215
2021-05-13 15:00:00,Female,11061,1589889,16428.0,1277409,516.0,105731
2021-05-14 15:00:00,Female,12202,1602091,14012.0,1291421,693.0,106424
2021-05-15 15:00:00,Female,10621,1612712,11482.0,1302903,557.0,106981
2021-05-16 15:00:00,Female,4418,1617130,8600.0,1311503,395.0,107376
2021-05-17 15:00:00,Female,8231,1625361,12590.0,1324093,695.0,108071
2021-05-18 15:00:00,Female,10496,1635857,14745.0,1338838,698.0,108769
2021-05-19 15:00:00,Female,14058,1649915,15507.0,1354345,600.0,109369
2021-05-20 15:00:00,Female,10027,1659942,15413.0,1369758,693.0,110062
2021-05-21 15:00:00,Female,9947,1669889,14897.0,1384655,602.0,110664
2021-05-22 15:00:00,Female,7908,1677797,9454.0,1394109,429.0,111093
2021-05-23 15:00:00,Female,4116,1681913,5355.0,1399464,341.0,111434
2021-05-24 15:00:00,Female,6336,1688249,7911.0,1407375,522.0,111956
2021-05-25 15:00:00,Female,6269,1694518,8863.0,1416238,472.0,112428
2021-05-26 15:00:00,Female,8708,1703226,9050.0,1425288,485.0,112913
2021-05-27 15:00:00,Female,5828,1709054,8786.0,1434074,393.0,113306
2021-05-28 15:00:00,Female,6294,1715348,9332.0,1443406,533.0,113839
2021-05-29 15:00:00,Female,4560,1719908,5236.0,1448642,310.0,114149
2021-05-30 15:00:00,Female,2407,1722315,3001.0,1451643,172.0,114321
2021-05-31 15:00:00,Female,774,1723089,1724.0,1453367,105.0,114426
2021-06-01 15:00:00,Female,4978,1728067,7940.0,1461307,389.0,114815
2021-06-02 15:00:00,Female,5392,1733459,8153.0,1469460,336.0,115151
2021-06-03 15:00:00,Female,4126,1737585,10470.0,1479930,375.0,115526
2021-06-04 15:00:00,Female,4484,1742069,10864.0,1490794,397.0,115923
2021-06-05 15:00:00,Female,3597,1745666,9573.0,1500367,239.0,116162
2021-06-06 15:00:00,Female,1778,1747444,3493.0,1503860,132.0,116294
2021-06-07 15:00:00,Female,3542,1750986,7690.0,1511550,276.0,116570
2021-06-08 15:00:00,Female,3697,1754683,9635.0,1521185,305.0,116875
2021-06-09 15:00:00,Female,4177,1758860,11923.0,1533108,346.0,117221
2021-06-10 15:00:00,Female,3419,1762279,8983.0,1542091,314.0,117535
2021-06-11 15:00:00,Female,3719,1765998,8914.0,1551005,418.0,117953
2021-06-12 15:00:00,Female,2594,1768592,7171.0,1558176,209.0,118162
2021-06-13 15:00:00,Female,981,1769573,3547.0,1561723,122.0,118284
2021-06-14 15:00:00,Female,2007,1771580,4183.0,1565906,231.0,118515
2021-06-15 15:00:00,Female,2782,1774362,6462.0,1572368,289.0,118804
2021-06-16 15:00:00,Female,1411,1775773,4465.0,1576833,186.0,118990
2020-12-14 15:00:00,Male,3,3,,0,,0
2020-12-15 15:00:00,Male,7,10,,0,,0
2020-12-16 15:00:00,Male,236,246,,0,,0
2020-12-17 15:00:00,Male,350,596,,0,,0
2020-12-18 15:00:00,Male,929,1525,,0,,0
2020-12-19 15:00:00,Male,328,1853,,0,,0
2020-12-20 15:00:00,Male,92,1945,2.0,2,,0
2020-12-21 15:00:00,Male,1293,3238,1.0,3,,0
2020-12-22 15:00:00,Male,2070,5308,1.0,4,,0
2020-12-23 15:00:00,Male,1766,7074,5.0,9,,0
2020-12-24 15:00:00,Male,941,8015,3.0,12,,0
2020-12-25 15:00:00,Male,305,8320,,12,,0
2020-12-26 15:00:00,Male,559,8879,1.0,13,,0
2020-12-27 15:00:00,Male,530,9409,2.0,15,,0
2020-12-28 15:00:00,Male,2651,12060,7.0,22,,0
2020-12-29 15:00:00,Male,3454,15514,2.0,24,,0
2020-12-30 15:00:00,Male,4177,19691,9.0,33,,0
2020-12-31 15:00:00,Male,2681,22372,6.0,39,,0
2021-01-01 15:00:00,Male,585,22957,10.0,49,,0
2021-01-02 15:00:00,Male,799,23756,15.0,64,,0
2021-01-03 15:00:00,Male,963,24719,32.0,96,,0
2021-01-04 15:00:00,Male,4468,29187,95.0,191,,0
2021-01-05 15:00:00,Male,4105,33292,147.0,338,,0
2021-01-06 15:00:00,Male,5299,38591,302.0,640,,0
2021-01-07 15:00:00,Male,5091,43682,559.0,1199,,0
2021-01-08 15:00:00,Male,5308,48990,836.0,2035,,0
2021-01-09 15:00:00,Male,1725,50715,276.0,2311,,0
2021-01-10 15:00:00,Male,1061,51776,113.0,2424,,0
2021-01-11 15:00:00,Male,5094,56870,1157.0,3581,,0
2021-04-02 15:00:00,Unknown,276,18238,260.0,12310,53.0,1039
2021-04-03 15:00:00,Unknown,27,18265,34.0,12344,25.0,1064
2021-04-04 15:00:00,Unknown,1,18266,12.0,12356,1.0,1065
2021-04-05 15:00:00,Unknown,264,18530,114.0,12470,65.0,1130
2021-04-06 15:00:00,Unknown,268,18798,312.0,12782,64.0,1194
2021-04-07 15:00:00,Unknown,174,18972,272.0,13054,108.0,1302
2021-04-08 15:00:00,Unknown,207,19179,458.0,13512,99.0,1401
2021-04-09 15:00:00,Unknown,280,19459,138.0,13650,112.0,1513
2021-04-10 15:00:00,Unknown,41,19500,92.0,13742,48.0,1561
2021-04-11 15:00:00,Unknown,24,19524,41.0,13783,22.0,1583
2021-04-12 15:00:00,Unknown,82,19606,409.0,14192,66.0,1649
2021-04-13 15:00:00,Unknown,108,19714,334.0,14526,15.0,1664
2021-04-14 15:00:00,Unknown,142,19856,312.0,14838,,1664
2021-04-15 15:00:00,Unknown,201,20057,239.0,15077,1.0,1665
2021-04-16 15:00:00,Unknown,245,20302,266.0,15343,,1665
2021-04-17 15:00:00,Unknown,223,20525,38.0,15381,,1665
2021-04-18 15:00:00,Unknown,117,20642,31.0,15412,,1665
2021-04-19 15:00:00,Unknown,83,20725,22.0,15434,,1665
2021-04-20 15:00:00,Unknown,132,20857,70.0,15504,,1665
2021-04-21 15:00:00,Unknown,154,21011,576.0,16080,,1665
2021-04-22 15:00:00,Unknown,146,21157,374.0,16454,,1665
2021-04-23 15:00:00,Unknown,127,21284,405.0,16859,,1665
2021-04-24 15:00:00,Unknown,47,21331,33.0,16892,,1665
2021-04-25 15:00:00,Unknown,70,21401,9.0,16901,,1665
2021-04-26 15:00:00,Unknown,84,21485,36.0,16937,12.0,1677
2021-04-27 15:00:00,Unknown,92,21577,40.0,16977,21.0,1698
2021-04-28 15:00:00,Unknown,96,21673,99.0,17076,22.0,1720
2021-04-29 15:00:00,Unknown,54,21727,152.0,17228,12.0,1732
2021-04-30 15:00:00,Unknown,150,21877,170.0,17398,18.0,1750
2021-05-01 15:00:00,Unknown,84,21961,18.0,17416,4.0,1754
2021-05-02 15:00:00,Unknown,21,21982,19.0,17435,,1754
2021-05-03 15:00:00,Unknown,57,22039,229.0,17664,15.0,1769
2021-05-04 15:00:00,Unknown,31,22070,252.0,17916,9.0,1778
2021-05-05 15:00:00,Unknown,78,22148,166.0,18082,14.0,1792
2021-05-06 15:00:00,Unknown,72,22220,174.0,18256,10.0,1802
2021-05-07 15:00:00,Unknown,91,22311,242.0,18498,13.0,1815
2021-05-08 15:00:00,Unknown,32,22343,36.0,18534,8.0,1823
2021-05-09 15:00:00,Unknown,22,22365,20.0,18554,,1823
2021-05-10 15:00:00,Unknown,37,22402,66.0,18620,9.0,1832
2021-05-11 15:00:00,Unknown,37,22439,81.0,18701,8.0,1840
2021-05-12 15:00:00,Unknown,51,22490,115.0,18816,8.0,1848
2021-05-13 15:00:00,Unknown,62,22552,167.0,18983,16.0,1864
2021-05-14 15:00:00,Unknown,81,22633,228.0,19211,16.0,1880
2021-05-15 15:00:00,Unknown,23,22656,179.0,19390,13.0,1893
2021-05-16 15:00:00,Unknown,10,22666,88.0,19478,3.0,1896
2021-05-17 15:00:00,Unknown,26,22692,67.0,19545,30.0,1926
2021-05-18 15:00:00,Unknown,33,22725,107.0,19652,24.0,1950
2021-05-19 15:00:00,Unknown,62,22787,148.0,19800,13.0,1963
2021-05-20 15:00:00,Unknown,60,22847,108.0,19908,12.0,1975
2021-05-21 15:00:00,Unknown,81,22928,106.0,20014,12.0,1987
2021-05-22 15:00:00,Unknown,28,22956,32.0,20046,1.0,1988
2021-05-23 15:00:00,Unknown,23,22979,46.0,20092,12.0,2000
2021-05-24 15:00:00,Unknown,23,23002,69.0,20161,19.0,2019
2021-05-25 15:00:00,Unknown,46,23048,55.0,20216,10.0,2029
2021-05-26 15:00:00,Unknown,38,23086,68.0,20284,17.0,2046
2021-05-27 15:00:00,Unknown,67,23153,46.0,20330,11.0,2057
2021-05-28 15:00:00,Unknown,39,23192,119.0,20449,6.0,2063
2021-05-29 15:00:00,Unknown,17,23209,72.0,20521,4.0,2067
2021-05-30 15:00:00,Unknown,6,23215,28.0,20549,1.0,2068
2021-05-31 15:00:00,Unknown,2,23217,2.0,20551,2.0,2070
2021-06-01 15:00:00,Unknown,18,23235,52.0,20603,7.0,2077
2021-06-02 15:00:00,Unknown,15,23250,70.0,20673,7.0,2084
2021-06-03 15:00:00,Unknown,25,23275,76.0,20749,12.0,2096
2021-06-04 15:00:00,Unknown,26,23301,68.0,20817,10.0,2106
2021-06-05 15:00:00,Unknown,7,23308,27.0,20844,1.0,2107
2021-06-06 15:00:00,Unknown,5,23313,10.0,20854,,2107
2021-06-07 15:00:00,Unknown,17,23330,46.0,20900,2.0,2109
2021-06-08 15:00:00,Unknown,21,23351,19.0,20919,4.0,2113
2021-06-09 15:00:00,Unknown,21,23372,59.0,20978,3.0,2116
2021-06-10 15:00:00,Unknown,17,23389,33.0,21011,5.0,2121
2021-06-11 15:00:00,Unknown,20,23409,72.0,21083,4.0,2125
2021-06-12 15:00:00,Unknown,4,23413,22.0,21105,2.0,2127
2021-06-13 15:00:00,Unknown,3,23416,10.0,21115,2.0,2129
2021-06-14 15:00:00,Unknown,13,23429,12.0,21127,10.0,2139
2021-06-15 15:00:00,Unknown,11,23440,27.0,21154,4.0,2143
2021-06-16 15:00:00,Unknown,9,23449,21.0,21175,6.0,2149
2021-01-12 15:00:00,Male,6723,63593,1749.0,5330,,0
2021-01-13 15:00:00,Male,6786,70379,1144.0,6474,,0
2021-01-14 15:00:00,Male,6266,76645,642.0,7116,,0
2021-01-15 15:00:00,Male,6123,82768,553.0,7669,,0
2021-01-16 15:00:00,Male,1841,84609,532.0,8201,,0
2021-01-17 15:00:00,Male,658,85267,404.0,8605,,0
2021-01-18 15:00:00,Male,2588,87855,892.0,9497,,0
2021-01-19 15:00:00,Male,6476,94331,1488.0,10985,,0
2021-01-20 15:00:00,Male,8086,102417,1482.0,12467,,0
2021-01-21 15:00:00,Male,8861,111278,1080.0,13547,,0
2021-01-22 15:00:00,Male,10414,121692,1045.0,14592,,0
2021-01-23 15:00:00,Male,3334,125026,483.0,15075,,0
2021-01-24 15:00:00,Male,1229,126255,456.0,15531,,0
2021-01-25 15:00:00,Male,6138,132393,2619.0,18150,,0
2021-01-26 15:00:00,Male,6668,139061,3149.0,21299,,0
2021-01-27 15:00:00,Male,9312,148373,4234.0,25533,,0
2021-01-28 15:00:00,Male,8704,157077,3033.0,28566,,0
2021-01-29 15:00:00,Male,9157,166234,2196.0,30762,,0
2021-01-30 15:00:00,Male,6547,172781,712.0,31474,,0
2021-01-31 15:00:00,Male,1463,174244,494.0,31968,,0
2021-02-01 15:00:00,Male,2564,176808,1536.0,33504,,0
2021-02-02 15:00:00,Male,4979,181787,4903.0,38407,,0
2021-02-03 15:00:00,Male,7102,188889,6850.0,45257,,0
2021-02-04 15:00:00,Male,8585,197474,5542.0,50799,,0
2021-02-05 15:00:00,Male,7567,205041,5524.0,56323,,0
2021-02-06 15:00:00,Male,3995,209036,2129.0,58452,,0
2021-02-07 15:00:00,Male,2242,211278,526.0,58978,,0
2021-02-08 15:00:00,Male,4877,216155,4659.0,63637,,0
2021-02-09 15:00:00,Male,6432,222587,5123.0,68760,,0
2021-02-10 15:00:00,Male,7334,229921,7686.0,76446,,0
2021-02-11 15:00:00,Male,8935,238856,6650.0,83096,,0
2021-02-12 15:00:00,Male,7663,246519,6700.0,89796,,0
2021-02-13 15:00:00,Male,4632,251151,2215.0,92011,,0
2021-02-14 15:00:00,Male,2790,253941,780.0,92791,,0
2021-02-15 15:00:00,Male,4743,258684,4437.0,97228,,0
2021-02-16 15:00:00,Male,6719,265403,7789.0,105017,,0
2021-02-17 15:00:00,Male,7682,273085,9671.0,114688,,0
2021-02-18 15:00:00,Male,1409,274494,1725.0,116413,,0
2021-02-19 15:00:00,Male,4457,278951,7200.0,123613,,0
2021-02-20 15:00:00,Male,4178,283129,7004.0,130617,,0
2021-02-21 15:00:00,Male,2525,285654,2877.0,133494,,0
2021-02-22 15:00:00,Male,3411,289065,5713.0,139207,,0
2021-02-23 15:00:00,Male,6233,295298,5987.0,145194,,0
2021-02-24 15:00:00,Male,7343,302641,9632.0,154826,,0
2021-02-25 15:00:00,Male,8327,310968,10143.0,164969,,0
2021-02-26 15:00:00,Male,10894,321862,9636.0,174605,,0
2021-02-27 15:00:00,Male,6443,328305,3999.0,178604,,0
2021-02-28 15:00:00,Male,6303,334608,1695.0,180299,,0
2021-03-01 15:00:00,Male,10450,345058,4402.0,184701,,0
2021-03-02 15:00:00,Male,9940,354998,5155.0,189856,12.0,12
2021-03-03 15:00:00,Male,12682,367680,7009.0,196865,86.0,98
2021-03-04 15:00:00,Male,13185,380865,7041.0,203906,1785.0,1883
2021-03-05 15:00:00,Male,12168,393033,7034.0,210940,2232.0,4115
2021-03-06 15:00:00,Male,7543,400576,3269.0,214209,2683.0,6798
2021-03-07 15:00:00,Male,5295,405871,1964.0,216173,2835.0,9633
2021-03-08 15:00:00,Male,11309,417180,3620.0,219793,3780.0,13413
2021-03-09 15:00:00,Male,11183,428363,6301.0,226094,3970.0,17383
2021-03-10 15:00:00,Male,12851,441214,6035.0,232129,3730.0,21113
2021-03-11 15:00:00,Male,15119,456333,6285.0,238414,1674.0,22787
2021-03-12 15:00:00,Male,16102,472435,7067.0,245481,1246.0,24033
2021-03-13 15:00:00,Male,10031,482466,4159.0,249640,737.0,24770
2021-03-14 15:00:00,Male,8160,490626,2671.0,252311,457.0,25227
2021-03-15 15:00:00,Male,13086,503712,4529.0,256840,238.0,25465
2021-03-16 15:00:00,Male,14973,518685,5365.0,262205,374.0,25839
2021-03-17 15:00:00,Male,16591,535276,6544.0,268749,548.0,26387
2021-03-18 15:00:00,Male,18573,553849,5070.0,273819,591.0,26978
2021-03-19 15:00:00,Male,16946,570795,6240.0,280059,451.0,27429
2021-03-20 15:00:00,Male,11003,581798,3985.0,284044,329.0,27758
2021-03-21 15:00:00,Male,8893,590691,3147.0,287191,160.0,27918
2021-03-22 15:00:00,Male,14810,605501,4753.0,291944,363.0,28281
2021-03-23 15:00:00,Male,17569,623070,7012.0,298956,682.0,28963
2021-03-24 15:00:00,Male,18869,641939,8508.0,307464,594.0,29557
2021-03-25 15:00:00,Male,19486,661425,8538.0,316002,1076.0,30633
2021-03-26 15:00:00,Male,16770,678195,10464.0,326466,998.0,31631
2021-03-27 15:00:00,Male,12594,690789,6976.0,333442,1117.0,32748
2021-03-28 15:00:00,Male,7947,698736,5433.0,338875,780.0,33528
2021-03-29 15:00:00,Male,13913,712649,10958.0,349833,499.0,34027
2021-03-30 15:00:00,Male,19025,731674,11850.0,361683,815.0,34842
2021-03-31 15:00:00,Male,19308,750982,14792.0,376475,2609.0,37451
2021-04-01 15:00:00,Male,19343,770325,16523.0,392998,2599.0,40050
2021-04-02 15:00:00,Male,16270,786595,13671.0,406669,2714.0,42764
2021-04-03 15:00:00,Male,10108,796703,8061.0,414730,2026.0,44790
2021-04-04 15:00:00,Male,3904,800607,4556.0,419286,484.0,45274
2021-04-05 15:00:00,Male,12820,813427,12658.0,431944,3216.0,48490
2021-04-06 15:00:00,Male,18871,832298,13434.0,445378,5053.0,53543
2021-04-07 15:00:00,Male,17092,849390,14898.0,460276,6237.0,59780
2021-04-08 15:00:00,Male,20044,869434,15639.0,475915,6934.0,66714
2021-04-09 15:00:00,Male,15656,885090,15880.0,491795,7138.0,73852
2021-04-10 15:00:00,Male,11163,896253,10122.0,501917,3725.0,77577
2021-04-11 15:00:00,Male,8433,904686,6031.0,507948,5253.0,82830
2021-04-12 15:00:00,Male,11961,916647,14827.0,522775,5504.0,88334
2021-04-13 15:00:00,Male,20607,937254,16537.0,539312,175.0,88509
2021-04-14 15:00:00,Male,19563,956817,16991.0,556303,100.0,88609
2021-04-15 15:00:00,Male,20088,976905,17223.0,573526,76.0,88685
2021-04-16 15:00:00,Male,17513,994418,16705.0,590231,5.0,88690
2021-04-17 15:00:00,Male,15247,1009665,9582.0,599813,3.0,88693
2021-04-18 15:00:00,Male,9622,1019287,7630.0,607443,1.0,88694
2021-04-19 15:00:00,Male,13999,1033286,16028.0,623471,22.0,88716
2021-04-20 15:00:00,Male,14691,1047977,19153.0,642624,19.0,88735
2021-04-21 15:00:00,Male,18939,1066916,20308.0,662932,11.0,88746
2021-04-22 15:00:00,Male,17461,1084377,18542.0,681474,14.0,88760
2021-04-23 15:00:00,Male,15846,1100223,17501.0,698975,13.0,88773
2021-04-24 15:00:00,Male,13415,1113638,12928.0,711903,57.0,88830
2021-04-25 15:00:00,Male,9810,1123448,3804.0,715707,12.0,88842
2021-04-26 15:00:00,Male,13004,1136452,14249.0,729956,100.0,88942
2021-04-27 15:00:00,Male,13213,1149665,15452.0,745408,677.0,89619
2021-04-28 15:00:00,Male,14239,1163904,18528.0,763936,837.0,90456
2021-04-29 15:00:00,Male,13346,1177250,17795.0,781731,877.0,91333
2021-04-30 15:00:00,Male,13521,1190771,14371.0,796102,984.0,92317
2021-05-01 15:00:00,Male,9043,1199814,10792.0,806894,611.0,92928
2021-05-02 15:00:00,Male,4718,1204532,7209.0,814103,501.0,93429
2021-05-03 15:00:00,Male,6296,1210828,12911.0,827014,1135.0,94564
2021-05-04 15:00:00,Male,6845,1217673,18516.0,845530,1060.0,95624
2021-05-05 15:00:00,Male,9296,1226969,17534.0,863064,1171.0,96795
2021-05-06 15:00:00,Male,8331,1235300,18402.0,881466,1034.0,97829
2021-05-07 15:00:00,Male,8490,1243790,16316.0,897782,1153.0,98982
2021-05-08 15:00:00,Male,5263,1249053,14231.0,912013,825.0,99807
2021-05-09 15:00:00,Male,2638,1251691,5855.0,917868,451.0,100258
2021-05-10 15:00:00,Male,4281,1255972,14078.0,931946,841.0,101099
2021-05-11 15:00:00,Male,5923,1261895,14317.0,946263,879.0,101978
2021-05-12 15:00:00,Male,6578,1268473,17878.0,964141,1164.0,103142
2021-05-13 15:00:00,Male,10409,1278882,16084.0,980225,811.0,103953
2021-05-14 15:00:00,Male,11441,1290323,13722.0,993947,1046.0,104999
2021-05-15 15:00:00,Male,10416,1300739,11304.0,1005251,903.0,105902
2021-05-16 15:00:00,Male,4460,1305199,8582.0,1013833,698.0,106600
2021-05-17 15:00:00,Male,8174,1313373,12629.0,1026462,1160.0,107760
2021-05-18 15:00:00,Male,10167,1323540,14864.0,1041326,1184.0,108944
2021-05-19 15:00:00,Male,13757,1337297,15826.0,1057152,1001.0,109945
2021-05-20 15:00:00,Male,9798,1347095,15620.0,1072772,1242.0,111187
2021-05-21 15:00:00,Male,9381,1356476,14388.0,1087160,984.0,112171
2021-05-22 15:00:00,Male,7896,1364372,9479.0,1096639,817.0,112988
2021-05-23 15:00:00,Male,4467,1368839,5587.0,1102226,598.0,113586
2021-05-24 15:00:00,Male,6315,1375154,8168.0,1110394,897.0,114483
2021-05-25 15:00:00,Male,6059,1381213,8747.0,1119141,755.0,115238
2021-05-26 15:00:00,Male,8402,1389615,9025.0,1128166,876.0,116114
2021-05-27 15:00:00,Male,5387,1395002,8594.0,1136760,658.0,116772
2021-05-28 15:00:00,Male,5836,1400838,9361.0,1146121,849.0,117621
2021-05-29 15:00:00,Male,4897,1405735,5577.0,1151698,598.0,118219
2021-05-30 15:00:00,Male,2518,1408253,3318.0,1155016,406.0,118625
2021-05-31 15:00:00,Male,766,1409019,1632.0,1156648,195.0,118820
2021-06-01 15:00:00,Male,4555,1413574,7728.0,1164376,695.0,119515
2021-06-02 15:00:00,Male,4875,1418449,7980.0,1172356,581.0,120096
2021-06-03 15:00:00,Male,3901,1422350,9911.0,1182267,659.0,120755
2021-06-04 15:00:00,Male,3851,1426201,10405.0,1192672,636.0,121391
2021-06-05 15:00:00,Male,3474,1429675,9248.0,1201920,455.0,121846
2021-06-06 15:00:00,Male,1752,1431427,3398.0,1205318,243.0,122089
2021-06-07 15:00:00,Male,3343,1434770,7578.0,1212896,424.0,122513
2021-06-08 15:00:00,Male,3282,1438052,9304.0,1222200,476.0,122989
2021-06-09 15:00:00,Male,3877,1441929,11266.0,1233466,560.0,123549
2021-06-10 15:00:00,Male,3098,1445027,8514.0,1241980,488.0,124037
2021-06-11 15:00:00,Male,3524,1448551,7963.0,1249943,674.0,124711
2021-06-12 15:00:00,Male,2569,1451120,7163.0,1257106,381.0,125092
2021-06-13 15:00:00,Male,987,1452107,3739.0,1260845,268.0,125360
2021-06-14 15:00:00,Male,1751,1453858,3952.0,1264797,348.0,125708
2021-06-15 15:00:00,Male,2381,1456239,6201.0,1270998,400.0,126108
2021-06-16 15:00:00,Male,1281,1457520,4161.0,1275159,237.0,126345
