VACCINATION_DATE,AgeRange,FirstDailyDose,FirstDailyDoseCumulative,SecondDailyDose,SecondDailyDoseCumulative,SingleDailyDose,SingleDailyDoseCumulative,AtLeastOnceDose,AtLeastOneDoseCumulative,FullyVaccinated,FullyVaccinatedCumulative
2020-12-15 15:00:00,age20to29,2.0,2,,0,,0,,2,,0
2020-12-16 15:00:00,age20to29,102.0,104,,0,,0,,104,,0
2020-12-17 15:00:00,age20to29,182.0,286,,0,,0,,286,,0
2020-12-18 15:00:00,age20to29,369.0,655,,0,,0,,655,,0
2020-12-19 15:00:00,age20to29,102.0,757,,0,,0,,757,,0
2020-12-20 15:00:00,age20to29,42.0,799,1.0,1,,0,,799,,1
2020-12-21 15:00:00,age20to29,487.0,1286,3.0,4,,0,,1286,,4
2020-12-22 15:00:00,age20to29,658.0,1944,,4,,0,,1944,,4
2020-12-23 15:00:00,age20to29,671.0,2615,,4,,0,,2615,,4
2020-12-24 15:00:00,age20to29,350.0,2965,,4,,0,,2965,,4
2020-12-25 15:00:00,age20to29,70.0,3035,1.0,5,,0,,3035,,5
2020-12-26 15:00:00,age20to29,133.0,3168,,5,,0,,3168,,5
2020-12-27 15:00:00,age20to29,142.0,3310,1.0,6,,0,,3310,,6
2020-12-28 15:00:00,age20to29,1161.0,4471,1.0,7,,0,,4471,,7
2020-12-29 15:00:00,age20to29,1326.0,5797,,7,,0,,5797,,7
2020-12-30 15:00:00,age20to29,1768.0,7565,5.0,12,,0,,7565,,12
2020-12-31 15:00:00,age20to29,1092.0,8657,1.0,13,,0,,8657,,13
2021-01-01 15:00:00,age20to29,103.0,8760,4.0,17,,0,,8760,,17
2021-01-02 15:00:00,age20to29,427.0,9187,6.0,23,,0,,9187,,23
2021-01-03 15:00:00,age20to29,490.0,9677,17.0,40,,0,,9677,,40
2021-01-04 15:00:00,age20to29,1694.0,11371,55.0,95,,0,,11371,,95
2021-01-05 15:00:00,age20to29,1493.0,12864,74.0,169,,0,,12864,,169
2021-01-06 15:00:00,age20to29,1753.0,14617,140.0,309,,0,,14617,,309
2021-01-07 15:00:00,age20to29,1952.0,16569,202.0,511,,0,,16569,,511
2021-01-08 15:00:00,age20to29,2088.0,18657,318.0,829,,0,,18657,,829
2021-01-09 15:00:00,age20to29,660.0,19317,146.0,975,,0,,19317,,975
2021-01-10 15:00:00,age20to29,306.0,19623,62.0,1037,,0,,19623,,1037
2021-01-11 15:00:00,age20to29,1559.0,21182,427.0,1464,,0,,21182,,1464
2021-01-12 15:00:00,age20to29,1899.0,23081,577.0,2041,,0,,23081,,2041
2021-01-13 15:00:00,age20to29,2327.0,25408,410.0,2451,,0,,25408,,2451
2021-01-14 15:00:00,age20to29,2153.0,27561,255.0,2706,,0,,27561,,2706
2021-01-15 15:00:00,age20to29,2364.0,29925,171.0,2877,,0,,29925,,2877
2021-01-16 15:00:00,age20to29,663.0,30588,142.0,3019,,0,,30588,,3019
2021-01-17 15:00:00,age20to29,253.0,30841,177.0,3196,,0,,30841,,3196
2021-01-18 15:00:00,age20to29,466.0,31307,245.0,3441,,0,,31307,,3441
2021-01-19 15:00:00,age20to29,1180.0,32487,654.0,4095,,0,,32487,,4095
2021-01-20 15:00:00,age20to29,1435.0,33922,745.0,4840,,0,,33922,,4840
2021-01-21 15:00:00,age20to29,1826.0,35748,555.0,5395,,0,,35748,,5395
2021-01-22 15:00:00,age20to29,2192.0,37940,358.0,5753,,0,,37940,,5753
2021-01-23 15:00:00,age20to29,815.0,38755,171.0,5924,,0,,38755,,5924
2021-01-24 15:00:00,age20to29,190.0,38945,138.0,6062,,0,,38945,,6062
2020-12-18 15:00:00,age10to19,2.0,2,,0,,0,,2,,0
2020-12-20 15:00:00,age10to19,1.0,3,,0,,0,,3,,0
2020-12-21 15:00:00,age10to19,6.0,9,,0,,0,,9,,0
2020-12-22 15:00:00,age10to19,28.0,37,,0,,0,,37,,0
2020-12-23 15:00:00,age10to19,8.0,45,,0,,0,,45,,0
2020-12-24 15:00:00,age10to19,4.0,49,,0,,0,,49,,0
2020-12-25 15:00:00,age10to19,26.0,75,,0,,0,,75,,0
2020-12-26 15:00:00,age10to19,10.0,85,,0,,0,,85,,0
2020-12-27 15:00:00,age10to19,4.0,89,,0,,0,,89,,0
2020-12-28 15:00:00,age10to19,12.0,101,,0,,0,,101,,0
2020-12-29 15:00:00,age10to19,27.0,128,,0,,0,,128,,0
2020-12-30 15:00:00,age10to19,62.0,190,,0,,0,,190,,0
2020-12-31 15:00:00,age10to19,54.0,244,,0,,0,,244,,0
2021-01-01 15:00:00,age10to19,6.0,250,,0,,0,,250,,0
2021-01-02 15:00:00,age10to19,10.0,260,,0,,0,,260,,0
2021-01-03 15:00:00,age10to19,12.0,272,,0,,0,,272,,0
2021-01-04 15:00:00,age10to19,86.0,358,2.0,2,,0,,358,,2
2021-01-05 15:00:00,age10to19,58.0,416,,2,,0,,416,,2
2021-01-06 15:00:00,age10to19,74.0,490,,2,,0,,490,,2
2021-01-07 15:00:00,age10to19,83.0,573,1.0,3,,0,,573,,3
2021-01-08 15:00:00,age10to19,140.0,713,1.0,4,,0,,713,,4
2021-01-09 15:00:00,age10to19,30.0,743,1.0,5,,0,,743,,5
2021-01-10 15:00:00,age10to19,29.0,772,,5,,0,,772,,5
2021-01-11 15:00:00,age10to19,93.0,865,5.0,10,,0,,865,,10
2021-01-12 15:00:00,age10to19,113.0,978,24.0,34,,0,,978,,34
2021-01-13 15:00:00,age10to19,145.0,1123,2.0,36,,0,,1123,,36
2021-01-14 15:00:00,age10to19,128.0,1251,1.0,37,,0,,1251,,37
2021-01-15 15:00:00,age10to19,123.0,1374,28.0,65,,0,,1374,,65
2021-01-16 15:00:00,age10to19,22.0,1396,11.0,76,,0,,1396,,76
2021-01-17 15:00:00,age10to19,19.0,1415,3.0,79,,0,,1415,,79
2021-01-18 15:00:00,age10to19,36.0,1451,4.0,83,,0,,1451,,83
2021-01-19 15:00:00,age10to19,61.0,1512,8.0,91,,0,,1512,,91
2021-01-20 15:00:00,age10to19,89.0,1601,18.0,109,,0,,1601,,109
2021-01-21 15:00:00,age10to19,113.0,1714,9.0,118,,0,,1714,,118
2021-01-22 15:00:00,age10to19,96.0,1810,14.0,132,,0,,1810,,132
2021-01-23 15:00:00,age10to19,49.0,1859,4.0,136,,0,,1859,,136
2021-01-24 15:00:00,age10to19,36.0,1895,7.0,143,,0,,1895,,143
2021-01-25 15:00:00,age10to19,45.0,1940,38.0,181,,0,,1940,,181
2021-01-26 15:00:00,age10to19,68.0,2008,43.0,224,,0,,2008,,224
2021-01-27 15:00:00,age10to19,69.0,2077,69.0,293,,0,,2077,,293
2021-01-28 15:00:00,age10to19,88.0,2165,46.0,339,,0,,2165,,339
2020-12-15 15:00:00,age30to39,4.0,4,,0,,0,,4,,0
2020-12-16 15:00:00,age30to39,185.0,189,,0,,0,,189,,0
2020-12-17 15:00:00,age30to39,302.0,491,,0,,0,,491,,0
2020-12-18 15:00:00,age30to39,761.0,1252,1.0,1,,0,,1252,,1
2020-12-19 15:00:00,age30to39,223.0,1475,,1,,0,,1475,,1
2020-12-20 15:00:00,age30to39,80.0,1555,,1,,0,,1555,,1
2020-12-21 15:00:00,age30to39,1088.0,2643,1.0,2,,0,,2643,,2
2020-12-22 15:00:00,age30to39,1250.0,3893,1.0,3,,0,,3893,,3
2020-12-23 15:00:00,age30to39,1235.0,5128,3.0,6,,0,,5128,,6
2020-12-24 15:00:00,age30to39,622.0,5750,2.0,8,,0,,5750,,8
2020-12-25 15:00:00,age30to39,79.0,5829,,8,,0,,5829,,8
2020-12-26 15:00:00,age30to39,238.0,6067,1.0,9,,0,,6067,,9
2020-12-27 15:00:00,age30to39,283.0,6350,,9,,0,,6350,,9
2020-12-28 15:00:00,age30to39,1946.0,8296,3.0,12,,0,,8296,,12
2020-12-29 15:00:00,age30to39,2133.0,10429,4.0,16,,0,,10429,,16
2020-12-30 15:00:00,age30to39,2644.0,13073,4.0,20,,0,,13073,,20
2020-12-31 15:00:00,age30to39,1611.0,14684,2.0,22,,0,,14684,,22
2021-01-01 15:00:00,age30to39,184.0,14868,8.0,30,,0,,14868,,30
2021-01-02 15:00:00,age30to39,482.0,15350,8.0,38,,0,,15350,,38
2021-01-03 15:00:00,age30to39,511.0,15861,28.0,66,,0,,15861,,66
2021-01-04 15:00:00,age30to39,2371.0,18232,73.0,139,,0,,18232,,139
2021-01-05 15:00:00,age30to39,2233.0,20465,110.0,249,,0,,20465,,249
2021-01-06 15:00:00,age30to39,2761.0,23226,230.0,479,,0,,23226,,479
2021-01-07 15:00:00,age30to39,2961.0,26187,471.0,950,,0,,26187,,950
2021-01-08 15:00:00,age30to39,3056.0,29243,655.0,1605,,0,,29243,,1605
2021-01-09 15:00:00,age30to39,876.0,30119,247.0,1852,,0,,30119,,1852
2021-01-10 15:00:00,age30to39,459.0,30578,103.0,1955,,0,,30578,,1955
2021-01-11 15:00:00,age30to39,2411.0,32989,898.0,2853,,0,,32989,,2853
2021-01-12 15:00:00,age30to39,3031.0,36020,1084.0,3937,,0,,36020,,3937
2021-01-13 15:00:00,age30to39,3363.0,39383,830.0,4767,,0,,39383,,4767
2021-01-14 15:00:00,age30to39,3153.0,42536,479.0,5246,,0,,42536,,5246
2021-01-15 15:00:00,age30to39,3348.0,45884,298.0,5544,,0,,45884,,5544
2021-01-16 15:00:00,age30to39,859.0,46743,255.0,5799,,0,,46743,,5799
2021-01-17 15:00:00,age30to39,316.0,47059,239.0,6038,,0,,47059,,6038
2021-01-18 15:00:00,age30to39,757.0,47816,467.0,6505,,0,,47816,,6505
2021-01-19 15:00:00,age30to39,1691.0,49507,1018.0,7523,,0,,49507,,7523
2021-01-20 15:00:00,age30to39,1990.0,51497,1068.0,8591,,0,,51497,,8591
2021-01-21 15:00:00,age30to39,2537.0,54034,718.0,9309,,0,,54034,,9309
2021-01-22 15:00:00,age30to39,3414.0,57448,574.0,9883,,0,,57448,,9883
2021-01-23 15:00:00,age30to39,1111.0,58559,273.0,10156,,0,,58559,,10156
2021-01-24 15:00:00,age30to39,267.0,58826,234.0,10390,,0,,58826,,10390
2020-12-14 15:00:00,age50to59,1.0,1,,0,,0,,1,,0
2020-12-15 15:00:00,age50to59,7.0,8,1.0,1,,0,,8,,1
2020-12-16 15:00:00,age50to59,70.0,78,1.0,2,,0,,78,,2
2020-12-17 15:00:00,age50to59,204.0,282,,2,,0,,282,,2
2020-12-18 15:00:00,age50to59,608.0,890,1.0,3,,0,,890,,3
2020-12-19 15:00:00,age50to59,187.0,1077,,3,,0,,1077,,3
2020-12-20 15:00:00,age50to59,48.0,1125,,3,,0,,1125,,3
2020-12-21 15:00:00,age50to59,752.0,1877,,3,,0,,1877,,3
2020-12-22 15:00:00,age50to59,1240.0,3117,,3,,0,,3117,,3
2020-12-23 15:00:00,age50to59,1175.0,4292,4.0,7,,0,,4292,,7
2020-12-24 15:00:00,age50to59,589.0,4881,2.0,9,,0,,4881,,9
2020-12-25 15:00:00,age50to59,223.0,5104,,9,,0,,5104,,9
2020-12-26 15:00:00,age50to59,386.0,5490,1.0,10,,0,,5490,,10
2020-12-27 15:00:00,age50to59,338.0,5828,1.0,11,,0,,5828,,11
2020-12-28 15:00:00,age50to59,1839.0,7667,1.0,12,,0,,7667,,12
2020-12-29 15:00:00,age50to59,2262.0,9929,1.0,13,,0,,9929,,13
2020-12-30 15:00:00,age50to59,2713.0,12642,4.0,17,,0,,12642,,17
2020-12-31 15:00:00,age50to59,1554.0,14196,2.0,19,,0,,14196,,19
2021-01-01 15:00:00,age50to59,288.0,14484,10.0,29,,0,,14484,,29
2021-01-02 15:00:00,age50to59,420.0,14904,2.0,31,,0,,14904,,31
2021-01-03 15:00:00,age50to59,632.0,15536,10.0,41,,0,,15536,,41
2021-01-04 15:00:00,age50to59,2708.0,18244,42.0,83,,0,,18244,,83
2021-01-05 15:00:00,age50to59,2514.0,20758,94.0,177,,0,,20758,,177
2021-01-06 15:00:00,age50to59,3287.0,24045,128.0,305,,0,,24045,,305
2021-01-07 15:00:00,age50to59,3208.0,27253,311.0,616,,0,,27253,,616
2021-01-08 15:00:00,age50to59,3358.0,30611,528.0,1144,,0,,30611,,1144
2021-01-09 15:00:00,age50to59,984.0,31595,171.0,1315,,0,,31595,,1315
2021-01-10 15:00:00,age50to59,570.0,32165,58.0,1373,,0,,32165,,1373
2021-01-11 15:00:00,age50to59,2676.0,34841,689.0,2062,,0,,34841,,2062
2021-01-12 15:00:00,age50to59,3264.0,38105,1122.0,3184,,0,,38105,,3184
2021-01-13 15:00:00,age50to59,3830.0,41935,772.0,3956,,0,,41935,,3956
2021-01-14 15:00:00,age50to59,3579.0,45514,363.0,4319,,0,,45514,,4319
2021-01-15 15:00:00,age50to59,3764.0,49278,418.0,4737,,0,,49278,,4737
2021-01-16 15:00:00,age50to59,817.0,50095,290.0,5027,,0,,50095,,5027
2021-01-17 15:00:00,age50to59,376.0,50471,228.0,5255,,0,,50471,,5255
2021-01-18 15:00:00,age50to59,936.0,51407,621.0,5876,,0,,51407,,5876
2021-01-19 15:00:00,age50to59,1880.0,53287,906.0,6782,,0,,53287,,6782
2021-01-20 15:00:00,age50to59,2284.0,55571,1034.0,7816,,0,,55571,,7816
2021-01-21 15:00:00,age50to59,2871.0,58442,690.0,8506,,0,,58442,,8506
2021-01-22 15:00:00,age50to59,4047.0,62489,627.0,9133,,0,,62489,,9133
2021-01-23 15:00:00,age50to59,1145.0,63634,278.0,9411,,0,,63634,,9411
2021-01-25 15:00:00,age20to29,996.0,39941,879.0,6941,,0,,39941,,6941
2021-01-26 15:00:00,age20to29,1127.0,41068,983.0,7924,,0,,41068,,7924
2021-01-27 15:00:00,age20to29,1370.0,42438,1456.0,9380,,0,,42438,,9380
2021-01-28 15:00:00,age20to29,1199.0,43637,1229.0,10609,,0,,43637,,10609
2021-01-29 15:00:00,age20to29,1239.0,44876,940.0,11549,,0,,44876,,11549
2021-01-30 15:00:00,age20to29,994.0,45870,414.0,11963,,0,,45870,,11963
2021-01-31 15:00:00,age20to29,278.0,46148,77.0,12040,,0,,46148,,12040
2021-02-01 15:00:00,age20to29,333.0,46481,461.0,12501,,0,,46481,,12501
2021-02-02 15:00:00,age20to29,656.0,47137,1590.0,14091,,0,,47137,,14091
2021-02-03 15:00:00,age20to29,1043.0,48180,2211.0,16302,,0,,48180,,16302
2021-02-04 15:00:00,age20to29,1108.0,49288,1822.0,18124,,0,,49288,,18124
2021-02-05 15:00:00,age20to29,1207.0,50495,2215.0,20339,,0,,50495,,20339
2021-02-06 15:00:00,age20to29,736.0,51231,745.0,21084,,0,,51231,,21084
2021-02-07 15:00:00,age20to29,344.0,51575,215.0,21299,,0,,51575,,21299
2021-02-08 15:00:00,age20to29,735.0,52310,1517.0,22816,,0,,52310,,22816
2021-02-09 15:00:00,age20to29,963.0,53273,1415.0,24231,,0,,53273,,24231
2021-02-10 15:00:00,age20to29,945.0,54218,2159.0,26390,,0,,54218,,26390
2021-02-11 15:00:00,age20to29,1261.0,55479,1929.0,28319,,0,,55479,,28319
2021-02-12 15:00:00,age20to29,1307.0,56786,2239.0,30558,,0,,56786,,30558
2021-02-13 15:00:00,age20to29,568.0,57354,653.0,31211,,0,,57354,,31211
2021-02-14 15:00:00,age20to29,418.0,57772,169.0,31380,,0,,57772,,31380
2021-02-15 15:00:00,age20to29,636.0,58408,1076.0,32456,,0,,58408,,32456
2021-02-16 15:00:00,age20to29,917.0,59325,1494.0,33950,,0,,59325,,33950
2021-02-17 15:00:00,age20to29,1388.0,60713,1859.0,35809,,0,,60713,,35809
2021-02-18 15:00:00,age20to29,212.0,60925,307.0,36116,,0,,60925,,36116
2021-02-19 15:00:00,age20to29,604.0,61529,1451.0,37567,,0,,61529,,37567
2021-02-20 15:00:00,age20to29,591.0,62120,1318.0,38885,,0,,62120,,38885
2021-02-21 15:00:00,age20to29,284.0,62404,312.0,39197,,0,,62404,,39197
2021-02-22 15:00:00,age20to29,520.0,62924,1027.0,40224,,0,,62924,,40224
2021-02-23 15:00:00,age20to29,1036.0,63960,888.0,41112,,0,,63960,,41112
2021-02-24 15:00:00,age20to29,1043.0,65003,1379.0,42491,,0,,65003,,42491
2021-02-25 15:00:00,age20to29,1079.0,66082,1360.0,43851,,0,,66082,,43851
2021-02-26 15:00:00,age20to29,1626.0,67708,1612.0,45463,,0,,67708,,45463
2021-02-27 15:00:00,age20to29,1111.0,68819,797.0,46260,,0,,68819,,46260
2021-02-28 15:00:00,age20to29,951.0,69770,260.0,46520,,0,,69770,,46520
2021-03-01 15:00:00,age20to29,1457.0,71227,534.0,47054,,0,,71227,,47054
2021-03-02 15:00:00,age20to29,1408.0,72635,547.0,47601,,0,,72635,,47601
2021-03-03 15:00:00,age20to29,1946.0,74581,1042.0,48643,9.0,9,1955.0,74590,1051.0,48652
2021-03-04 15:00:00,age20to29,2004.0,76585,855.0,49498,286.0,295,2290.0,76880,1141.0,49793
2021-03-05 15:00:00,age20to29,1769.0,78354,1134.0,50632,293.0,588,2062.0,78942,1427.0,51220
2021-03-06 15:00:00,age20to29,1359.0,79713,556.0,51188,547.0,1135,1906.0,80848,1103.0,52323
2021-01-29 15:00:00,age10to19,120.0,2285,61.0,400,,0,,2285,,400
2021-01-30 15:00:00,age10to19,73.0,2358,5.0,405,,0,,2358,,405
2021-01-31 15:00:00,age10to19,31.0,2389,10.0,415,,0,,2389,,415
2021-02-01 15:00:00,age10to19,86.0,2475,15.0,430,,0,,2475,,430
2021-02-02 15:00:00,age10to19,96.0,2571,80.0,510,,0,,2571,,510
2021-02-03 15:00:00,age10to19,95.0,2666,124.0,634,,0,,2666,,634
2021-02-04 15:00:00,age10to19,59.0,2725,87.0,721,,0,,2725,,721
2021-02-05 15:00:00,age10to19,72.0,2797,130.0,851,,0,,2797,,851
2021-02-06 15:00:00,age10to19,47.0,2844,36.0,887,,0,,2844,,887
2021-02-07 15:00:00,age10to19,27.0,2871,11.0,898,,0,,2871,,898
2021-02-08 15:00:00,age10to19,41.0,2912,82.0,980,,0,,2912,,980
2021-02-09 15:00:00,age10to19,69.0,2981,69.0,1049,,0,,2981,,1049
2021-02-10 15:00:00,age10to19,92.0,3073,111.0,1160,,0,,3073,,1160
2021-02-11 15:00:00,age10to19,114.0,3187,122.0,1282,,0,,3187,,1282
2021-02-12 15:00:00,age10to19,83.0,3270,116.0,1398,,0,,3270,,1398
2021-02-13 15:00:00,age10to19,45.0,3315,31.0,1429,,0,,3315,,1429
2021-02-14 15:00:00,age10to19,42.0,3357,15.0,1444,,0,,3357,,1444
2021-02-15 15:00:00,age10to19,53.0,3410,74.0,1518,,0,,3410,,1518
2021-02-16 15:00:00,age10to19,81.0,3491,78.0,1596,,0,,3491,,1596
2021-02-17 15:00:00,age10to19,64.0,3555,99.0,1695,,0,,3555,,1695
2021-02-18 15:00:00,age10to19,25.0,3580,11.0,1706,,0,,3580,,1706
2021-02-19 15:00:00,age10to19,56.0,3636,94.0,1800,,0,,3636,,1800
2021-02-20 15:00:00,age10to19,63.0,3699,115.0,1915,,0,,3699,,1915
2021-02-21 15:00:00,age10to19,42.0,3741,25.0,1940,,0,,3741,,1940
2021-02-22 15:00:00,age10to19,36.0,3777,85.0,2025,,0,,3777,,2025
2021-02-23 15:00:00,age10to19,102.0,3879,106.0,2131,,0,,3879,,2131
2021-02-24 15:00:00,age10to19,118.0,3997,83.0,2214,,0,,3997,,2214
2021-02-25 15:00:00,age10to19,123.0,4120,97.0,2311,,0,,4120,,2311
2021-02-26 15:00:00,age10to19,134.0,4254,91.0,2402,,0,,4254,,2402
2021-02-27 15:00:00,age10to19,146.0,4400,51.0,2453,,0,,4400,,2453
2021-02-28 15:00:00,age10to19,107.0,4507,16.0,2469,,0,,4507,,2469
2021-03-01 15:00:00,age10to19,178.0,4685,43.0,2512,,0,,4685,,2512
2021-03-02 15:00:00,age10to19,138.0,4823,42.0,2554,,0,,4823,,2554
2021-03-03 15:00:00,age10to19,177.0,5000,63.0,2617,2.0,2,179.0,5002,65.0,2619
2021-03-04 15:00:00,age10to19,191.0,5191,69.0,2686,21.0,23,212.0,5214,90.0,2709
2021-03-05 15:00:00,age10to19,184.0,5375,83.0,2769,27.0,50,211.0,5425,110.0,2819
2021-03-06 15:00:00,age10to19,196.0,5571,53.0,2822,40.0,90,236.0,5661,93.0,2912
2021-03-07 15:00:00,age10to19,123.0,5694,35.0,2857,52.0,142,175.0,5836,87.0,2999
2021-03-08 15:00:00,age10to19,235.0,5929,38.0,2895,46.0,188,281.0,6117,84.0,3083
2021-03-09 15:00:00,age10to19,227.0,6156,96.0,2991,66.0,254,293.0,6410,162.0,3245
2021-03-10 15:00:00,age10to19,250.0,6406,71.0,3062,83.0,337,333.0,6743,154.0,3399
2021-01-25 15:00:00,age30to39,1559.0,60385,1565.0,11955,,0,,60385,,11955
2021-01-26 15:00:00,age30to39,1783.0,62168,1544.0,13499,,0,,62168,,13499
2021-01-27 15:00:00,age30to39,2183.0,64351,2394.0,15893,,0,,64351,,15893
2021-01-28 15:00:00,age30to39,2097.0,66448,1782.0,17675,,0,,66448,,17675
2021-01-29 15:00:00,age30to39,2145.0,68593,1379.0,19054,,0,,68593,,19054
2021-01-30 15:00:00,age30to39,1518.0,70111,477.0,19531,,0,,70111,,19531
2021-01-31 15:00:00,age30to39,486.0,70597,139.0,19670,,0,,70597,,19670
2021-02-01 15:00:00,age30to39,482.0,71079,685.0,20355,,0,,71079,,20355
2021-02-02 15:00:00,age30to39,976.0,72055,2383.0,22738,,0,,72055,,22738
2021-02-03 15:00:00,age30to39,1665.0,73720,3564.0,26302,,0,,73720,,26302
2021-02-04 15:00:00,age30to39,1911.0,75631,2920.0,29222,,0,,75631,,29222
2021-02-05 15:00:00,age30to39,1891.0,77522,3105.0,32327,,0,,77522,,32327
2021-02-06 15:00:00,age30to39,1246.0,78768,1051.0,33378,,0,,78768,,33378
2021-02-07 15:00:00,age30to39,490.0,79258,224.0,33602,,0,,79258,,33602
2021-02-08 15:00:00,age30to39,1151.0,80409,2086.0,35688,,0,,80409,,35688
2021-02-09 15:00:00,age30to39,1451.0,81860,2067.0,37755,,0,,81860,,37755
2021-02-10 15:00:00,age30to39,1530.0,83390,3312.0,41067,,0,,83390,,41067
2021-02-11 15:00:00,age30to39,2075.0,85465,2731.0,43798,,0,,85465,,43798
2021-02-12 15:00:00,age30to39,2144.0,87609,3034.0,46832,,0,,87609,,46832
2021-02-13 15:00:00,age30to39,1082.0,88691,773.0,47605,,0,,88691,,47605
2021-02-14 15:00:00,age30to39,790.0,89481,257.0,47862,,0,,89481,,47862
2021-02-15 15:00:00,age30to39,1059.0,90540,1471.0,49333,,0,,90540,,49333
2021-02-16 15:00:00,age30to39,1592.0,92132,2104.0,51437,,0,,92132,,51437
2021-02-17 15:00:00,age30to39,2249.0,94381,2841.0,54278,,0,,94381,,54278
2021-02-18 15:00:00,age30to39,361.0,94742,531.0,54809,,0,,94742,,54809
2021-02-19 15:00:00,age30to39,1069.0,95811,2271.0,57080,,0,,95811,,57080
2021-02-20 15:00:00,age30to39,999.0,96810,2211.0,59291,,0,,96810,,59291
2021-02-21 15:00:00,age30to39,462.0,97272,545.0,59836,,0,,97272,,59836
2021-02-22 15:00:00,age30to39,758.0,98030,1620.0,61456,,0,,98030,,61456
2021-02-23 15:00:00,age30to39,1502.0,99532,1291.0,62747,,0,,99532,,62747
2021-02-24 15:00:00,age30to39,1838.0,101370,2155.0,64902,,0,,101370,,64902
2021-02-25 15:00:00,age30to39,1869.0,103239,2363.0,67265,,0,,103239,,67265
2021-02-26 15:00:00,age30to39,2392.0,105631,2562.0,69827,,0,,105631,,69827
2021-02-27 15:00:00,age30to39,1652.0,107283,1108.0,70935,,0,,107283,,70935
2021-02-28 15:00:00,age30to39,1526.0,108809,402.0,71337,,0,,108809,,71337
2021-03-01 15:00:00,age30to39,2473.0,111282,885.0,72222,,0,,111282,,72222
2021-03-02 15:00:00,age30to39,2184.0,113466,1012.0,73234,,0,,113466,,73234
2021-03-03 15:00:00,age30to39,3102.0,116568,1624.0,74858,18.0,18,3120.0,116586,1642.0,74876
2021-03-04 15:00:00,age30to39,3148.0,119716,1474.0,76332,460.0,478,3608.0,120194,1934.0,76810
2021-03-05 15:00:00,age30to39,2523.0,122239,1820.0,78152,434.0,912,2957.0,123151,2254.0,79064
2021-03-06 15:00:00,age30to39,1832.0,124071,938.0,79090,780.0,1692,2612.0,125763,1718.0,80782
2021-03-07 15:00:00,age20to29,832.0,80545,311.0,51499,644.0,1779,1476.0,82324,955.0,53278
2021-03-08 15:00:00,age20to29,1537.0,82082,560.0,52059,638.0,2417,2175.0,84499,1198.0,54476
2021-03-09 15:00:00,age20to29,1904.0,83986,851.0,52910,636.0,3053,2540.0,87039,1487.0,55963
2021-03-10 15:00:00,age20to29,2084.0,86070,962.0,53872,799.0,3852,2883.0,89922,1761.0,57724
2021-03-11 15:00:00,age20to29,2781.0,88851,788.0,54660,254.0,4106,3035.0,92957,1042.0,58766
2021-03-12 15:00:00,age20to29,3115.0,91966,1137.0,55797,193.0,4299,3308.0,96265,1330.0,60096
2021-03-13 15:00:00,age20to29,2241.0,94207,510.0,56307,96.0,4395,2337.0,98602,606.0,60702
2021-03-14 15:00:00,age20to29,1850.0,96057,374.0,56681,103.0,4498,1953.0,100555,477.0,61179
2021-03-15 15:00:00,age20to29,3059.0,99116,556.0,57237,41.0,4539,3100.0,103655,597.0,61776
2021-03-16 15:00:00,age20to29,3223.0,102339,697.0,57934,32.0,4571,3255.0,106910,729.0,62505
2021-03-17 15:00:00,age20to29,3389.0,105728,967.0,58901,125.0,4696,3514.0,110424,1092.0,63597
2021-03-18 15:00:00,age20to29,4243.0,109971,747.0,59648,172.0,4868,4415.0,114839,919.0,64516
2021-03-19 15:00:00,age20to29,3700.0,113671,802.0,60450,60.0,4928,3760.0,118599,862.0,65378
2021-03-20 15:00:00,age20to29,2647.0,116318,709.0,61159,63.0,4991,2710.0,121309,772.0,66150
2021-03-21 15:00:00,age20to29,2190.0,118508,492.0,61651,30.0,5021,2220.0,123529,522.0,66672
2021-03-22 15:00:00,age20to29,3444.0,121952,648.0,62299,69.0,5090,3513.0,127042,717.0,67389
2021-03-23 15:00:00,age20to29,3838.0,125790,1155.0,63454,105.0,5195,3943.0,130985,1260.0,68649
2021-03-24 15:00:00,age20to29,4294.0,130084,1321.0,64775,62.0,5257,4356.0,135341,1383.0,70032
2021-03-25 15:00:00,age20to29,4974.0,135058,1276.0,66051,176.0,5433,5150.0,140491,1452.0,71484
2021-03-26 15:00:00,age20to29,4102.0,139160,1636.0,67687,193.0,5626,4295.0,144786,1829.0,73313
2021-03-27 15:00:00,age20to29,3475.0,142635,1112.0,68799,150.0,5776,3625.0,148411,1262.0,74575
2021-03-28 15:00:00,age20to29,2150.0,144785,754.0,69553,127.0,5903,2277.0,150688,881.0,75456
2021-03-29 15:00:00,age20to29,3390.0,148175,1695.0,71248,79.0,5982,3469.0,154157,1774.0,77230
2021-03-30 15:00:00,age20to29,4450.0,152625,1776.0,73024,126.0,6108,4576.0,158733,1902.0,79132
2021-03-31 15:00:00,age20to29,4789.0,157414,2257.0,75281,545.0,6653,5334.0,164067,2802.0,81934
2021-04-01 15:00:00,age20to29,4775.0,162189,2702.0,77983,536.0,7189,5311.0,169378,3238.0,85172
2021-04-02 15:00:00,age20to29,4315.0,166504,2398.0,80381,653.0,7842,4968.0,174346,3051.0,88223
2021-04-03 15:00:00,age20to29,3423.0,169927,1684.0,82065,525.0,8367,3948.0,178294,2209.0,90432
2021-04-04 15:00:00,age20to29,1278.0,171205,876.0,82941,144.0,8511,1422.0,179716,1020.0,91452
2021-04-05 15:00:00,age20to29,4038.0,175243,2131.0,85072,752.0,9263,4790.0,184506,2883.0,94335
2021-04-06 15:00:00,age20to29,6133.0,181376,2573.0,87645,1289.0,10552,7422.0,191928,3862.0,98197
2021-04-07 15:00:00,age20to29,5201.0,186577,2716.0,90361,1684.0,12236,6885.0,198813,4400.0,102597
2021-04-08 15:00:00,age20to29,6300.0,192877,3259.0,93620,1925.0,14161,8225.0,207038,5184.0,107781
2021-04-09 15:00:00,age20to29,5460.0,198337,3123.0,96743,1988.0,16149,7448.0,214486,5111.0,112892
2021-04-10 15:00:00,age20to29,3849.0,202186,2542.0,99285,1118.0,17267,4967.0,219453,3660.0,116552
2021-04-11 15:00:00,age20to29,2918.0,205104,1326.0,100611,1962.0,19229,4880.0,224333,3288.0,119840
2021-04-12 15:00:00,age20to29,4367.0,209471,3542.0,104153,1757.0,20986,6124.0,230457,5299.0,125139
2021-04-13 15:00:00,age20to29,7319.0,216790,3588.0,107741,54.0,21040,7373.0,237830,3642.0,128781
2021-04-14 15:00:00,age20to29,7199.0,223989,3714.0,111455,31.0,21071,7230.0,245060,3745.0,132526
2021-04-15 15:00:00,age20to29,7595.0,231584,3802.0,115257,28.0,21099,7623.0,252683,3830.0,136356
2021-01-24 15:00:00,age50to59,366.0,64000,345.0,9756,,0,,64000,,9756
2021-01-25 15:00:00,age50to59,1693.0,65693,1822.0,11578,,0,,65693,,11578
2021-01-26 15:00:00,age50to59,1780.0,67473,1848.0,13426,,0,,67473,,13426
2021-01-27 15:00:00,age50to59,2404.0,69877,2625.0,16051,,0,,69877,,16051
2021-01-28 15:00:00,age50to59,2476.0,72353,1980.0,18031,,0,,72353,,18031
2021-01-29 15:00:00,age50to59,2520.0,74873,1545.0,19576,,0,,74873,,19576
2021-01-30 15:00:00,age50to59,1787.0,76660,437.0,20013,,0,,76660,,20013
2021-01-31 15:00:00,age50to59,539.0,77199,232.0,20245,,0,,77199,,20245
2021-02-01 15:00:00,age50to59,715.0,77914,943.0,21188,,0,,77914,,21188
2021-02-02 15:00:00,age50to59,1288.0,79202,2680.0,23868,,0,,79202,,23868
2021-02-03 15:00:00,age50to59,2019.0,81221,3807.0,27675,,0,,81221,,27675
2021-02-04 15:00:00,age50to59,2545.0,83766,3249.0,30924,,0,,83766,,30924
2021-02-05 15:00:00,age50to59,2313.0,86079,3483.0,34407,,0,,86079,,34407
2021-02-06 15:00:00,age50to59,1251.0,87330,1201.0,35608,,0,,87330,,35608
2021-02-07 15:00:00,age50to59,680.0,88010,262.0,35870,,0,,88010,,35870
2021-02-08 15:00:00,age50to59,1327.0,89337,2299.0,38169,,0,,89337,,38169
2021-02-09 15:00:00,age50to59,1690.0,91027,2283.0,40452,,0,,91027,,40452
2021-02-10 15:00:00,age50to59,1960.0,92987,3642.0,44094,,0,,92987,,44094
2021-02-11 15:00:00,age50to59,2553.0,95540,2793.0,46887,,0,,95540,,46887
2021-02-12 15:00:00,age50to59,2589.0,98129,3308.0,50195,,0,,98129,,50195
2021-02-13 15:00:00,age50to59,1228.0,99357,678.0,50873,,0,,99357,,50873
2021-02-14 15:00:00,age50to59,917.0,100274,287.0,51160,,0,,100274,,51160
2021-02-15 15:00:00,age50to59,1162.0,101436,1455.0,52615,,0,,101436,,52615
2021-02-16 15:00:00,age50to59,2117.0,103553,2482.0,55097,,0,,103553,,55097
2021-02-17 15:00:00,age50to59,2881.0,106434,3309.0,58406,,0,,106434,,58406
2021-02-18 15:00:00,age50to59,451.0,106885,663.0,59069,,0,,106885,,59069
2021-02-19 15:00:00,age50to59,1292.0,108177,2707.0,61776,,0,,108177,,61776
2021-02-20 15:00:00,age50to59,1309.0,109486,2366.0,64142,,0,,109486,,64142
2021-02-21 15:00:00,age50to59,644.0,110130,680.0,64822,,0,,110130,,64822
2021-02-22 15:00:00,age50to59,940.0,111070,1905.0,66727,,0,,111070,,66727
2021-02-23 15:00:00,age50to59,1850.0,112920,1437.0,68164,,0,,112920,,68164
2021-02-24 15:00:00,age50to59,2386.0,115306,2430.0,70594,,0,,115306,,70594
2021-02-25 15:00:00,age50to59,2298.0,117604,2771.0,73365,,0,,117604,,73365
2021-02-26 15:00:00,age50to59,2845.0,120449,3102.0,76467,,0,,120449,,76467
2021-02-27 15:00:00,age50to59,2053.0,122502,1197.0,77664,,0,,122502,,77664
2021-02-28 15:00:00,age50to59,2115.0,124617,504.0,78168,,0,,124617,,78168
2021-03-01 15:00:00,age50to59,3355.0,127972,1028.0,79196,,0,,127972,,79196
2021-03-02 15:00:00,age50to59,3039.0,131011,1255.0,80451,1.0,1,3040.0,131012,1256.0,80452
2021-03-03 15:00:00,age50to59,4004.0,135015,2035.0,82486,41.0,42,4045.0,135057,2076.0,82528
2021-03-04 15:00:00,age50to59,3949.0,138964,1898.0,84384,661.0,703,4610.0,139667,2559.0,85087
2021-03-05 15:00:00,age50to59,3727.0,142691,2268.0,86652,605.0,1308,4332.0,143999,2873.0,87960
2021-04-16 15:00:00,age20to29,6450.0,238034,3867.0,119124,1.0,21100,6451.0,259134,3868.0,140224
2021-04-17 15:00:00,age20to29,5953.0,243987,2324.0,121448,,21100,,265087,,142548
2021-04-18 15:00:00,age20to29,3515.0,247502,1808.0,123256,,21100,,268602,,144356
2021-04-19 15:00:00,age20to29,4990.0,252492,3574.0,126830,6.0,21106,4996.0,273598,3580.0,147936
2021-04-20 15:00:00,age20to29,5068.0,257560,4239.0,131069,,21106,,278666,,152175
2021-04-21 15:00:00,age20to29,6384.0,263944,4754.0,135823,,21106,,285050,,156929
2021-04-22 15:00:00,age20to29,6122.0,270066,4708.0,140531,4.0,21110,6126.0,291176,4712.0,161641
2021-04-23 15:00:00,age20to29,5357.0,275423,4388.0,144919,1.0,21111,5358.0,296534,4389.0,166030
2021-04-24 15:00:00,age20to29,4766.0,280189,4158.0,149077,11.0,21122,4777.0,301311,4169.0,170199
2021-04-25 15:00:00,age20to29,3445.0,283634,1147.0,150224,2.0,21124,3447.0,304758,1149.0,171348
2021-04-26 15:00:00,age20to29,4937.0,288571,3746.0,153970,31.0,21155,4968.0,309726,3777.0,175125
2021-04-27 15:00:00,age20to29,4921.0,293492,4527.0,158497,167.0,21322,5088.0,314814,4694.0,179819
2021-04-28 15:00:00,age20to29,4925.0,298417,5143.0,163640,216.0,21538,5141.0,319955,5359.0,185178
2021-04-29 15:00:00,age20to29,4574.0,302991,5210.0,168850,190.0,21728,4764.0,324719,5400.0,190578
2021-04-30 15:00:00,age20to29,5005.0,307996,4866.0,173716,213.0,21941,5218.0,329937,5079.0,195657
2021-05-01 15:00:00,age20to29,3236.0,311232,3640.0,177356,149.0,22090,3385.0,333322,3789.0,199446
2021-05-02 15:00:00,age20to29,1717.0,312949,2572.0,179928,120.0,22210,1837.0,335159,2692.0,202138
2021-05-03 15:00:00,age20to29,2225.0,315174,4487.0,184415,263.0,22473,2488.0,337647,4750.0,206888
2021-05-04 15:00:00,age20to29,2329.0,317503,6144.0,190559,257.0,22730,2586.0,340233,6401.0,213289
2021-05-05 15:00:00,age20to29,3077.0,320580,5724.0,196283,266.0,22996,3343.0,343576,5990.0,219279
2021-05-06 15:00:00,age20to29,3096.0,323676,6384.0,202667,252.0,23248,3348.0,346924,6636.0,225915
2021-05-07 15:00:00,age20to29,3221.0,326897,5906.0,208573,284.0,23532,3505.0,350429,6190.0,232105
2021-05-08 15:00:00,age20to29,2081.0,328978,5012.0,213585,187.0,23719,2268.0,352697,5199.0,237304
2021-05-09 15:00:00,age20to29,1100.0,330078,2088.0,215673,127.0,23846,1227.0,353924,2215.0,239519
2021-05-10 15:00:00,age20to29,1742.0,331820,5095.0,220768,209.0,24055,1951.0,355875,5304.0,244823
2021-05-11 15:00:00,age20to29,2547.0,334367,5048.0,225816,206.0,24261,2753.0,358628,5254.0,250077
2021-05-12 15:00:00,age20to29,2495.0,336862,5923.0,231739,347.0,24608,2842.0,361470,6270.0,256347
2021-05-13 15:00:00,age20to29,2168.0,339030,5509.0,237248,182.0,24790,2350.0,363820,5691.0,262038
2021-05-14 15:00:00,age20to29,2640.0,341670,4650.0,241898,260.0,25050,2900.0,366720,4910.0,266948
2021-05-15 15:00:00,age20to29,1907.0,343577,4026.0,245924,262.0,25312,2169.0,368889,4288.0,271236
2021-05-16 15:00:00,age20to29,1064.0,344641,3074.0,248998,207.0,25519,1271.0,370160,3281.0,274517
2021-05-17 15:00:00,age20to29,1995.0,346636,4310.0,253308,296.0,25815,2291.0,372451,4606.0,279123
2021-05-18 15:00:00,age20to29,2658.0,349294,5349.0,258657,339.0,26154,2997.0,375448,5688.0,284811
2021-05-19 15:00:00,age20to29,2709.0,352003,4857.0,263514,242.0,26396,2951.0,378399,5099.0,289910
2021-05-20 15:00:00,age20to29,2430.0,354433,4629.0,268143,270.0,26666,2700.0,381099,4899.0,294809
2021-05-21 15:00:00,age20to29,2099.0,356532,4193.0,272336,212.0,26878,2311.0,383410,4405.0,299214
2021-05-22 15:00:00,age20to29,1634.0,358166,2476.0,274812,181.0,27059,1815.0,385225,2657.0,301871
2021-05-23 15:00:00,age20to29,897.0,359063,1306.0,276118,151.0,27210,1048.0,386273,1457.0,303328
2021-05-24 15:00:00,age20to29,2003.0,361066,2800.0,278918,245.0,27455,2248.0,388521,3045.0,306373
2021-05-25 15:00:00,age20to29,1032.0,362098,1835.0,280753,118.0,27573,1150.0,389671,1953.0,308326
2021-03-07 15:00:00,age30to39,1277.0,125348,538.0,79628,883.0,2575,2160.0,127923,1421.0,82203
2021-03-08 15:00:00,age30to39,2378.0,127726,949.0,80577,951.0,3526,3329.0,131252,1900.0,84103
2021-03-09 15:00:00,age30to39,2586.0,130312,1314.0,81891,975.0,4501,3561.0,134813,2289.0,86392
2021-03-10 15:00:00,age30to39,2930.0,133242,1655.0,83546,1037.0,5538,3967.0,138780,2692.0,89084
2021-03-11 15:00:00,age30to39,3694.0,136936,1410.0,84956,377.0,5915,4071.0,142851,1787.0,90871
2021-03-12 15:00:00,age30to39,4109.0,141045,1932.0,86888,317.0,6232,4426.0,147277,2249.0,93120
2021-03-13 15:00:00,age30to39,2884.0,143929,999.0,87887,150.0,6382,3034.0,150311,1149.0,94269
2021-03-14 15:00:00,age30to39,2452.0,146381,651.0,88538,118.0,6500,2570.0,152881,769.0,95038
2021-03-15 15:00:00,age30to39,4062.0,150443,934.0,89472,67.0,6567,4129.0,157010,1001.0,96039
2021-03-16 15:00:00,age30to39,4274.0,154717,1202.0,90674,64.0,6631,4338.0,161348,1266.0,97305
2021-03-17 15:00:00,age30to39,4549.0,159266,1469.0,92143,158.0,6789,4707.0,166055,1627.0,98932
2021-03-18 15:00:00,age30to39,5595.0,164861,1300.0,93443,165.0,6954,5760.0,171815,1465.0,100397
2021-03-19 15:00:00,age30to39,4905.0,169766,1328.0,94771,125.0,7079,5030.0,176845,1453.0,101850
2021-03-20 15:00:00,age30to39,3697.0,173463,1109.0,95880,93.0,7172,3790.0,180635,1202.0,103052
2021-03-21 15:00:00,age30to39,2990.0,176453,801.0,96681,37.0,7209,3027.0,183662,838.0,103890
2021-03-22 15:00:00,age30to39,4746.0,181199,1081.0,97762,89.0,7298,4835.0,188497,1170.0,105060
2021-03-23 15:00:00,age30to39,5220.0,186419,1754.0,99516,112.0,7410,5332.0,193829,1866.0,106926
2021-03-24 15:00:00,age30to39,5681.0,192100,2127.0,101643,127.0,7537,5808.0,199637,2254.0,109180
2021-03-25 15:00:00,age30to39,6127.0,198227,1984.0,103627,307.0,7844,6434.0,206071,2291.0,111471
2021-03-26 15:00:00,age30to39,5194.0,203421,2318.0,105945,348.0,8192,5542.0,211613,2666.0,114137
2021-03-27 15:00:00,age30to39,3837.0,207258,1506.0,107451,190.0,8382,4027.0,215640,1696.0,115833
2021-03-28 15:00:00,age30to39,2489.0,209747,1193.0,108644,173.0,8555,2662.0,218302,1366.0,117199
2021-03-29 15:00:00,age30to39,4441.0,214188,2530.0,111174,128.0,8683,4569.0,222871,2658.0,119857
2021-03-30 15:00:00,age30to39,6029.0,220217,2794.0,113968,229.0,8912,6258.0,229129,3023.0,122880
2021-03-31 15:00:00,age30to39,6262.0,226479,3356.0,117324,910.0,9822,7172.0,236301,4266.0,127146
2021-04-01 15:00:00,age30to39,6386.0,232865,3878.0,121202,766.0,10588,7152.0,243453,4644.0,131790
2021-04-02 15:00:00,age30to39,5328.0,238193,3268.0,124470,906.0,11494,6234.0,249687,4174.0,135964
2021-04-03 15:00:00,age30to39,3924.0,242117,2213.0,126683,734.0,12228,4658.0,254345,2947.0,138911
2021-04-04 15:00:00,age30to39,1579.0,243696,1377.0,128060,168.0,12396,1747.0,256092,1545.0,140456
2021-04-05 15:00:00,age30to39,4934.0,248630,3109.0,131169,1012.0,13408,5946.0,262038,4121.0,144577
2021-04-06 15:00:00,age30to39,7077.0,255707,3514.0,134683,1843.0,15251,8920.0,270958,5357.0,149934
2021-04-07 15:00:00,age30to39,6566.0,262273,3836.0,138519,2366.0,17617,8932.0,279890,6202.0,156136
2021-04-08 15:00:00,age30to39,7500.0,269773,4502.0,143021,2266.0,19883,9766.0,289656,6768.0,162904
2021-04-09 15:00:00,age30to39,6432.0,276205,4226.0,147247,2290.0,22173,8722.0,298378,6516.0,169420
2021-04-10 15:00:00,age30to39,4345.0,280550,3254.0,150501,1369.0,23542,5714.0,304092,4623.0,174043
2021-04-11 15:00:00,age30to39,3595.0,284145,1856.0,152357,2152.0,25694,5747.0,309839,4008.0,178051
2021-04-12 15:00:00,age30to39,4826.0,288971,4786.0,157143,1921.0,27615,6747.0,316586,6707.0,184758
2021-04-13 15:00:00,age30to39,7896.0,296867,4935.0,162078,66.0,27681,7962.0,324548,5001.0,189759
2021-04-14 15:00:00,age30to39,7484.0,304351,4829.0,166907,31.0,27712,7515.0,332063,4860.0,194619
2021-04-15 15:00:00,age30to39,7930.0,312281,4864.0,171771,18.0,27730,7948.0,340011,4882.0,199501
2021-03-11 15:00:00,age10to19,381.0,6787,56.0,3118,33.0,370,414.0,7157,89.0,3488
2021-03-12 15:00:00,age10to19,401.0,7188,78.0,3196,21.0,391,422.0,7579,99.0,3587
2021-03-13 15:00:00,age10to19,425.0,7613,44.0,3240,15.0,406,440.0,8019,59.0,3646
2021-03-14 15:00:00,age10to19,370.0,7983,50.0,3290,22.0,428,392.0,8411,72.0,3718
2021-03-15 15:00:00,age10to19,502.0,8485,56.0,3346,5.0,433,507.0,8918,61.0,3779
2021-03-16 15:00:00,age10to19,558.0,9043,52.0,3398,2.0,435,560.0,9478,54.0,3833
2021-03-17 15:00:00,age10to19,694.0,9737,100.0,3498,16.0,451,710.0,10188,116.0,3949
2021-03-18 15:00:00,age10to19,745.0,10482,86.0,3584,17.0,468,762.0,10950,103.0,4052
2021-03-19 15:00:00,age10to19,678.0,11160,79.0,3663,11.0,479,689.0,11639,90.0,4142
2021-03-20 15:00:00,age10to19,630.0,11790,77.0,3740,10.0,489,640.0,12279,87.0,4229
2021-03-21 15:00:00,age10to19,551.0,12341,60.0,3800,7.0,496,558.0,12837,67.0,4296
2021-03-22 15:00:00,age10to19,749.0,13090,84.0,3884,11.0,507,760.0,13597,95.0,4391
2021-03-23 15:00:00,age10to19,959.0,14049,96.0,3980,8.0,515,967.0,14564,104.0,4495
2021-03-24 15:00:00,age10to19,1037.0,15086,121.0,4101,19.0,534,1056.0,15620,140.0,4635
2021-03-25 15:00:00,age10to19,1106.0,16192,110.0,4211,16.0,550,1122.0,16742,126.0,4761
2021-03-26 15:00:00,age10to19,931.0,17123,121.0,4332,30.0,580,961.0,17703,151.0,4912
2021-03-27 15:00:00,age10to19,858.0,17981,143.0,4475,20.0,600,878.0,18581,163.0,5075
2021-03-28 15:00:00,age10to19,572.0,18553,95.0,4570,17.0,617,589.0,19170,112.0,5187
2021-03-29 15:00:00,age10to19,887.0,19440,247.0,4817,15.0,632,902.0,20072,262.0,5449
2021-03-30 15:00:00,age10to19,1289.0,20729,229.0,5046,23.0,655,1312.0,21384,252.0,5701
2021-03-31 15:00:00,age10to19,1523.0,22252,258.0,5304,111.0,766,1634.0,23018,369.0,6070
2021-04-01 15:00:00,age10to19,1367.0,23619,331.0,5635,121.0,887,1488.0,24506,452.0,6522
2021-04-02 15:00:00,age10to19,1506.0,25125,331.0,5966,129.0,1016,1635.0,26141,460.0,6982
2021-04-03 15:00:00,age10to19,1241.0,26366,305.0,6271,112.0,1128,1353.0,27494,417.0,7399
2021-04-04 15:00:00,age10to19,454.0,26820,196.0,6467,34.0,1162,488.0,27982,230.0,7629
2021-04-05 15:00:00,age10to19,1675.0,28495,380.0,6847,162.0,1324,1837.0,29819,542.0,8171
2021-04-06 15:00:00,age10to19,2391.0,30886,379.0,7226,302.0,1626,2693.0,32512,681.0,8852
2021-04-07 15:00:00,age10to19,2247.0,33133,512.0,7738,406.0,2032,2653.0,35165,918.0,9770
2021-04-08 15:00:00,age10to19,2619.0,35752,562.0,8300,437.0,2469,3056.0,38221,999.0,10769
2021-04-09 15:00:00,age10to19,2269.0,38021,517.0,8817,471.0,2940,2740.0,40961,988.0,11757
2021-04-10 15:00:00,age10to19,2302.0,40323,554.0,9371,263.0,3203,2565.0,43526,817.0,12574
2021-04-11 15:00:00,age10to19,1723.0,42046,362.0,9733,414.0,3617,2137.0,45663,776.0,13350
2021-04-12 15:00:00,age10to19,1917.0,43963,699.0,10432,362.0,3979,2279.0,47942,1061.0,14411
2021-04-13 15:00:00,age10to19,3781.0,47744,801.0,11233,8.0,3987,3789.0,51731,809.0,15220
2021-04-14 15:00:00,age10to19,4306.0,52050,852.0,12085,6.0,3993,4312.0,56043,858.0,16078
2021-04-15 15:00:00,age10to19,3474.0,55524,830.0,12915,5.0,3998,3479.0,59522,835.0,16913
2021-04-16 15:00:00,age10to19,3429.0,58953,865.0,13780,,3998,,62951,,17778
2021-04-17 15:00:00,age10to19,4065.0,63018,582.0,14362,,3998,,67016,,18360
2021-04-18 15:00:00,age10to19,3083.0,66101,527.0,14889,1.0,3999,3084.0,70100,528.0,18888
2021-04-19 15:00:00,age10to19,2483.0,68584,938.0,15827,,3999,,72583,,19826
2021-05-26 15:00:00,age20to29,428.0,362526,767.0,281520,72.0,27645,500.0,390171,839.0,309165
2020-12-14 15:00:00,age60to64,1.0,1,,0,,0,,1,,0
2020-12-15 15:00:00,age60to64,1.0,2,,0,,0,,2,,0
2020-12-16 15:00:00,age60to64,45.0,47,,0,,0,,47,,0
2020-12-17 15:00:00,age60to64,80.0,127,,0,,0,,127,,0
2020-12-18 15:00:00,age60to64,276.0,403,,0,,0,,403,,0
2020-12-19 15:00:00,age60to64,80.0,483,,0,,0,,483,,0
2020-12-20 15:00:00,age60to64,24.0,507,1.0,1,,0,,507,,1
2020-12-21 15:00:00,age60to64,309.0,816,,1,,0,,816,,1
2020-12-22 15:00:00,age60to64,541.0,1357,1.0,2,,0,,1357,,2
2020-12-23 15:00:00,age60to64,543.0,1900,1.0,3,,0,,1900,,3
2020-12-24 15:00:00,age60to64,275.0,2175,,3,,0,,2175,,3
2020-12-25 15:00:00,age60to64,114.0,2289,1.0,4,,0,,2289,,4
2020-12-26 15:00:00,age60to64,179.0,2468,,4,,0,,2468,,4
2020-12-27 15:00:00,age60to64,185.0,2653,1.0,5,,0,,2653,,5
2020-12-28 15:00:00,age60to64,845.0,3498,1.0,6,,0,,3498,,6
2020-12-29 15:00:00,age60to64,1133.0,4631,1.0,7,,0,,4631,,7
2020-12-30 15:00:00,age60to64,1213.0,5844,,7,,0,,5844,,7
2020-12-31 15:00:00,age60to64,733.0,6577,3.0,10,,0,,6577,,10
2021-01-01 15:00:00,age60to64,152.0,6729,2.0,12,,0,,6729,,12
2021-01-02 15:00:00,age60to64,243.0,6972,2.0,14,,0,,6972,,14
2021-01-03 15:00:00,age60to64,305.0,7277,3.0,17,,0,,7277,,17
2021-01-04 15:00:00,age60to64,1370.0,8647,20.0,37,,0,,8647,,37
2021-01-05 15:00:00,age60to64,1198.0,9845,33.0,70,,0,,9845,,70
2021-01-06 15:00:00,age60to64,1469.0,11314,72.0,142,,0,,11314,,142
2021-01-07 15:00:00,age60to64,1411.0,12725,133.0,275,,0,,12725,,275
2021-01-08 15:00:00,age60to64,1468.0,14193,261.0,536,,0,,14193,,536
2021-01-09 15:00:00,age60to64,443.0,14636,86.0,622,,0,,14636,,622
2021-01-10 15:00:00,age60to64,248.0,14884,30.0,652,,0,,14884,,652
2021-01-11 15:00:00,age60to64,1308.0,16192,263.0,915,,0,,16192,,915
2021-01-12 15:00:00,age60to64,1528.0,17720,476.0,1391,,0,,17720,,1391
2021-01-13 15:00:00,age60to64,1672.0,19392,365.0,1756,,0,,19392,,1756
2021-01-14 15:00:00,age60to64,1620.0,21012,185.0,1941,,0,,21012,,1941
2021-01-15 15:00:00,age60to64,1475.0,22487,183.0,2124,,0,,22487,,2124
2021-01-16 15:00:00,age60to64,330.0,22817,148.0,2272,,0,,22817,,2272
2021-01-17 15:00:00,age60to64,191.0,23008,114.0,2386,,0,,23008,,2386
2021-01-18 15:00:00,age60to64,469.0,23477,299.0,2685,,0,,23477,,2685
2021-01-19 15:00:00,age60to64,845.0,24322,474.0,3159,,0,,24322,,3159
2021-01-20 15:00:00,age60to64,1089.0,25411,485.0,3644,,0,,25411,,3644
2021-01-21 15:00:00,age60to64,1290.0,26701,308.0,3952,,0,,26701,,3952
2021-01-22 15:00:00,age60to64,1757.0,28458,305.0,4257,,0,,28458,,4257
2021-04-20 15:00:00,age10to19,2712.0,71296,1203.0,17030,,3999,,75295,,21029
2021-04-21 15:00:00,age10to19,4550.0,75846,1459.0,18489,,3999,,79845,,22488
2021-04-22 15:00:00,age10to19,3166.0,79012,1134.0,19623,1.0,4000,3167.0,83012,1135.0,23623
2021-04-23 15:00:00,age10to19,3203.0,82215,1351.0,20974,,4000,,86215,,24974
2021-04-24 15:00:00,age10to19,3488.0,85703,1343.0,22317,,4000,,89703,,26317
2021-04-25 15:00:00,age10to19,2816.0,88519,398.0,22715,,4000,,92519,,26715
2021-04-26 15:00:00,age10to19,2670.0,91189,1356.0,24071,5.0,4005,2675.0,95194,1361.0,28076
2021-04-27 15:00:00,age10to19,2782.0,93971,1764.0,25835,15.0,4020,2797.0,97991,1779.0,29855
2021-04-28 15:00:00,age10to19,4377.0,98348,2147.0,27982,42.0,4062,4419.0,102410,2189.0,32044
2021-04-29 15:00:00,age10to19,2733.0,101081,2140.0,30122,49.0,4111,2782.0,105192,2189.0,34233
2021-04-30 15:00:00,age10to19,2868.0,103949,1946.0,32068,53.0,4164,2921.0,108113,1999.0,36232
2021-05-01 15:00:00,age10to19,2346.0,106295,2054.0,34122,40.0,4204,2386.0,110499,2094.0,38326
2021-05-02 15:00:00,age10to19,1229.0,107524,1494.0,35616,25.0,4229,1254.0,111753,1519.0,39845
2021-05-03 15:00:00,age10to19,1404.0,108928,1979.0,37595,65.0,4294,1469.0,113222,2044.0,41889
2021-05-04 15:00:00,age10to19,1736.0,110664,3277.0,40872,48.0,4342,1784.0,115006,3325.0,45214
2021-05-05 15:00:00,age10to19,2952.0,113616,3779.0,44651,67.0,4409,3019.0,118025,3846.0,49060
2021-05-06 15:00:00,age10to19,1707.0,115323,3022.0,47673,48.0,4457,1755.0,119780,3070.0,52130
2021-05-07 15:00:00,age10to19,1830.0,117153,3287.0,50960,70.0,4527,1900.0,121680,3357.0,55487
2021-05-08 15:00:00,age10to19,1369.0,118522,3746.0,54706,52.0,4579,1421.0,123101,3798.0,59285
2021-05-09 15:00:00,age10to19,781.0,119303,1712.0,56418,26.0,4605,807.0,123908,1738.0,61023
2021-05-10 15:00:00,age10to19,1008.0,120311,2733.0,59151,51.0,4656,1059.0,124967,2784.0,63807
2021-05-11 15:00:00,age10to19,1560.0,121871,2730.0,61881,63.0,4719,1623.0,126590,2793.0,66600
2021-05-12 15:00:00,age10to19,2763.0,124634,4340.0,66221,90.0,4809,2853.0,129443,4430.0,71030
2021-05-13 15:00:00,age10to19,11344.0,135978,3185.0,69406,61.0,4870,11405.0,140848,3246.0,74276
2021-05-14 15:00:00,age10to19,10858.0,146836,2625.0,72031,63.0,4933,10921.0,151769,2688.0,76964
2021-05-15 15:00:00,age10to19,12075.0,158911,2907.0,74938,45.0,4978,12120.0,163889,2952.0,79916
2021-05-16 15:00:00,age10to19,4404.0,163315,2482.0,77420,42.0,5020,4446.0,168335,2524.0,82440
2021-05-17 15:00:00,age10to19,7506.0,170821,2561.0,79981,63.0,5083,7569.0,175904,2624.0,85064
2021-05-18 15:00:00,age10to19,9153.0,179974,3042.0,83023,78.0,5161,9231.0,185135,3120.0,88184
2021-05-19 15:00:00,age10to19,13946.0,193920,3742.0,86765,49.0,5210,13995.0,199130,3791.0,91975
2021-05-20 15:00:00,age10to19,6356.0,200276,2339.0,89104,44.0,5254,6400.0,205530,2383.0,94358
2021-05-21 15:00:00,age10to19,5826.0,206102,2487.0,91591,43.0,5297,5869.0,211399,2530.0,96888
2021-05-22 15:00:00,age10to19,5917.0,212019,1539.0,93130,40.0,5337,5957.0,217356,1579.0,98467
2021-05-23 15:00:00,age10to19,2582.0,214601,904.0,94034,18.0,5355,2600.0,219956,922.0,99389
2021-05-24 15:00:00,age10to19,4344.0,218945,1545.0,95579,44.0,5399,4388.0,224344,1589.0,100978
2021-05-25 15:00:00,age10to19,2015.0,220960,1390.0,96969,32.0,5431,2047.0,226391,1422.0,102400
2021-05-26 15:00:00,age10to19,2664.0,223624,1069.0,98038,11.0,5442,2675.0,229066,1080.0,103480
2021-03-06 15:00:00,age50to59,2642.0,145333,1064.0,87716,1041.0,2349,3683.0,147682,2105.0,90065
2021-03-07 15:00:00,age50to59,1670.0,147003,530.0,88246,1155.0,3504,2825.0,150507,1685.0,91750
2021-03-08 15:00:00,age50to59,3384.0,150387,986.0,89232,1306.0,4810,4690.0,155197,2292.0,94042
2021-03-09 15:00:00,age50to59,3646.0,154033,1727.0,90959,1234.0,6044,4880.0,160077,2961.0,97003
2021-03-10 15:00:00,age50to59,4343.0,158376,1963.0,92922,1448.0,7492,5791.0,165868,3411.0,100414
2021-03-11 15:00:00,age50to59,5334.0,163710,1803.0,94725,574.0,8066,5908.0,171776,2377.0,102791
2021-03-12 15:00:00,age50to59,5954.0,169664,2091.0,96816,508.0,8574,6462.0,178238,2599.0,105390
2021-03-13 15:00:00,age50to59,4095.0,173759,1247.0,98063,358.0,8932,4453.0,182691,1605.0,106995
2021-03-14 15:00:00,age50to59,3438.0,177197,771.0,98834,214.0,9146,3652.0,186343,985.0,107980
2021-03-15 15:00:00,age50to59,5543.0,182740,1191.0,100025,107.0,9253,5650.0,191993,1298.0,109278
2021-03-16 15:00:00,age50to59,6047.0,188787,1580.0,101605,122.0,9375,6169.0,198162,1702.0,110980
2021-03-17 15:00:00,age50to59,6683.0,195470,1944.0,103549,227.0,9602,6910.0,205072,2171.0,113151
2021-03-18 15:00:00,age50to59,7860.0,203330,1484.0,105033,264.0,9866,8124.0,213196,1748.0,114899
2021-03-19 15:00:00,age50to59,7319.0,210649,1501.0,106534,233.0,10099,7552.0,220748,1734.0,116633
2021-03-20 15:00:00,age50to59,5090.0,215739,1299.0,107833,152.0,10251,5242.0,225990,1451.0,118084
2021-03-21 15:00:00,age50to59,4132.0,219871,960.0,108793,64.0,10315,4196.0,230186,1024.0,119108
2021-03-22 15:00:00,age50to59,6696.0,226567,1408.0,110201,200.0,10515,6896.0,237082,1608.0,120716
2021-03-23 15:00:00,age50to59,7264.0,233831,2084.0,112285,300.0,10815,7564.0,244646,2384.0,123100
2021-03-24 15:00:00,age50to59,7644.0,241475,2743.0,115028,251.0,11066,7895.0,252541,2994.0,126094
2021-03-25 15:00:00,age50to59,8500.0,249975,2511.0,117539,502.0,11568,9002.0,261543,3013.0,129107
2021-03-26 15:00:00,age50to59,7274.0,257249,3165.0,120704,559.0,12127,7833.0,269376,3724.0,132831
2021-03-27 15:00:00,age50to59,5110.0,262359,1962.0,122666,402.0,12529,5512.0,274888,2364.0,135195
2021-03-28 15:00:00,age50to59,3062.0,265421,1477.0,124143,294.0,12823,3356.0,278244,1771.0,136966
2021-03-29 15:00:00,age50to59,6531.0,271952,3582.0,127725,250.0,13073,6781.0,285025,3832.0,140798
2021-03-30 15:00:00,age50to59,9135.0,281087,3624.0,131349,430.0,13503,9565.0,294590,4054.0,144852
2021-03-31 15:00:00,age50to59,9045.0,290132,4507.0,135856,1439.0,14942,10484.0,305074,5946.0,150798
2021-04-01 15:00:00,age50to59,9279.0,299411,5151.0,141007,1404.0,16346,10683.0,315757,6555.0,157353
2021-04-02 15:00:00,age50to59,7718.0,307129,4503.0,145510,1559.0,17905,9277.0,325034,6062.0,163415
2021-04-03 15:00:00,age50to59,4787.0,311916,2762.0,148272,1230.0,19135,6017.0,331051,3992.0,167407
2021-04-04 15:00:00,age50to59,1899.0,313815,1870.0,150142,211.0,19346,2110.0,333161,2081.0,169488
2021-04-05 15:00:00,age50to59,6476.0,320291,4762.0,154904,1732.0,21078,8208.0,341369,6494.0,175982
2021-04-06 15:00:00,age50to59,9449.0,329740,5346.0,160250,2604.0,23682,12053.0,353422,7950.0,183932
2021-04-07 15:00:00,age50to59,8558.0,338298,5915.0,166165,3313.0,26995,11871.0,365293,9228.0,193160
2021-04-08 15:00:00,age50to59,9978.0,348276,6315.0,172480,3429.0,30424,13407.0,378700,9744.0,202904
2021-04-09 15:00:00,age50to59,7427.0,355703,6280.0,178760,3681.0,34105,11108.0,389808,9961.0,212865
2021-04-10 15:00:00,age50to59,5459.0,361162,4794.0,183554,1957.0,36062,7416.0,397224,6751.0,219616
2021-04-11 15:00:00,age50to59,3818.0,364980,2879.0,186433,2271.0,38333,6089.0,403313,5150.0,224766
2021-04-12 15:00:00,age50to59,5127.0,370107,6624.0,193057,3016.0,41349,8143.0,411456,9640.0,234406
2021-04-13 15:00:00,age50to59,9889.0,379996,6495.0,199552,94.0,41443,9983.0,421439,6589.0,240995
2021-04-14 15:00:00,age50to59,8325.0,388321,6905.0,206457,53.0,41496,8378.0,429817,6958.0,247953
2021-04-16 15:00:00,age30to39,6872.0,319153,4935.0,176706,2.0,27732,6874.0,346885,4937.0,204438
2021-04-17 15:00:00,age30to39,6120.0,325273,2705.0,179411,1.0,27733,6121.0,353006,2706.0,207144
2021-04-18 15:00:00,age30to39,3643.0,328916,2288.0,181699,,27733,,356649,,209432
2021-04-19 15:00:00,age30to39,5631.0,334547,4901.0,186600,8.0,27741,5639.0,362288,4909.0,214341
2021-04-20 15:00:00,age30to39,5301.0,339848,5542.0,192142,2.0,27743,5303.0,367591,5544.0,219885
2021-04-21 15:00:00,age30to39,7398.0,347246,6160.0,198302,3.0,27746,7401.0,374992,6163.0,226048
2021-04-22 15:00:00,age30to39,6628.0,353874,5833.0,204135,4.0,27750,6632.0,381624,5837.0,231885
2021-04-23 15:00:00,age30to39,5903.0,359777,5628.0,209763,5.0,27755,5908.0,387532,5633.0,237518
2021-04-24 15:00:00,age30to39,4979.0,364756,4709.0,214472,16.0,27771,4995.0,392527,4725.0,242243
2021-04-25 15:00:00,age30to39,3716.0,368472,1454.0,215926,5.0,27776,3721.0,396248,1459.0,243702
2021-04-26 15:00:00,age30to39,4646.0,373118,4810.0,220736,29.0,27805,4675.0,400923,4839.0,248541
2021-04-27 15:00:00,age30to39,4786.0,377904,5503.0,226239,185.0,27990,4971.0,405894,5688.0,254229
2021-04-28 15:00:00,age30to39,5014.0,382918,6526.0,232765,207.0,28197,5221.0,411115,6733.0,260962
2021-04-29 15:00:00,age30to39,4969.0,387887,6656.0,239421,214.0,28411,5183.0,416298,6870.0,267832
2021-04-30 15:00:00,age30to39,5278.0,393165,5553.0,244974,286.0,28697,5564.0,421862,5839.0,273671
2021-05-01 15:00:00,age30to39,3486.0,396651,4346.0,249320,160.0,28857,3646.0,425508,4506.0,278177
2021-05-02 15:00:00,age30to39,1787.0,398438,3063.0,252383,161.0,29018,1948.0,427456,3224.0,281401
2021-05-03 15:00:00,age30to39,2413.0,400851,5348.0,257731,335.0,29353,2748.0,430204,5683.0,287084
2021-05-04 15:00:00,age30to39,2478.0,403329,7124.0,264855,264.0,29617,2742.0,432946,7388.0,294472
2021-05-05 15:00:00,age30to39,3235.0,406564,6366.0,271221,321.0,29938,3556.0,436502,6687.0,301159
2021-05-06 15:00:00,age30to39,2996.0,409560,6807.0,278028,265.0,30203,3261.0,439763,7072.0,308231
2021-05-07 15:00:00,age30to39,3487.0,413047,6204.0,284232,284.0,30487,3771.0,443534,6488.0,314719
2021-05-08 15:00:00,age30to39,2000.0,415047,5332.0,289564,236.0,30723,2236.0,445770,5568.0,320287
2021-05-09 15:00:00,age30to39,1008.0,416055,2077.0,291641,127.0,30850,1135.0,446905,2204.0,322491
2021-05-10 15:00:00,age30to39,1528.0,417583,5376.0,297017,222.0,31072,1750.0,448655,5598.0,328089
2021-05-11 15:00:00,age30to39,2145.0,419728,5336.0,302353,242.0,31314,2387.0,451042,5578.0,333667
2021-05-12 15:00:00,age30to39,2407.0,422135,6968.0,309321,331.0,31645,2738.0,453780,7299.0,340966
2021-05-13 15:00:00,age30to39,2211.0,424346,6253.0,315574,208.0,31853,2419.0,456199,6461.0,347427
2021-05-14 15:00:00,age30to39,2855.0,427201,5384.0,320958,284.0,32137,3139.0,459338,5668.0,353095
2021-05-15 15:00:00,age30to39,2075.0,429276,4350.0,325308,304.0,32441,2379.0,461717,4654.0,357749
2021-05-16 15:00:00,age30to39,977.0,430253,3299.0,328607,229.0,32670,1206.0,462923,3528.0,361277
2021-05-17 15:00:00,age30to39,1898.0,432151,4763.0,333370,369.0,33039,2267.0,465190,5132.0,366409
2021-05-18 15:00:00,age30to39,2552.0,434703,5403.0,338773,370.0,33409,2922.0,468112,5773.0,372182
2021-05-19 15:00:00,age30to39,2720.0,437423,5173.0,343946,289.0,33698,3009.0,471121,5462.0,377644
2021-05-20 15:00:00,age30to39,2235.0,439658,4991.0,348937,313.0,34011,2548.0,473669,5304.0,382948
2021-05-21 15:00:00,age30to39,2169.0,441827,4541.0,353478,261.0,34272,2430.0,476099,4802.0,387750
2021-05-22 15:00:00,age30to39,1654.0,443481,2592.0,356070,232.0,34504,1886.0,477985,2824.0,390574
2021-05-23 15:00:00,age30to39,796.0,444277,1395.0,357465,167.0,34671,963.0,478948,1562.0,392136
2021-05-24 15:00:00,age30to39,1799.0,446076,2959.0,360424,280.0,34951,2079.0,481027,3239.0,395375
2021-05-25 15:00:00,age30to39,1092.0,447168,1967.0,362391,172.0,35123,1264.0,482291,2139.0,397514
2021-01-23 15:00:00,age60to64,533.0,28991,148.0,4405,,0,,28991,,4405
2021-01-24 15:00:00,age60to64,211.0,29202,177.0,4582,,0,,29202,,4582
2021-01-25 15:00:00,age60to64,833.0,30035,898.0,5480,,0,,30035,,5480
2021-01-26 15:00:00,age60to64,949.0,30984,930.0,6410,,0,,30984,,6410
2021-01-27 15:00:00,age60to64,1086.0,32070,1199.0,7609,,0,,32070,,7609
2021-01-28 15:00:00,age60to64,1091.0,33161,894.0,8503,,0,,33161,,8503
2021-01-29 15:00:00,age60to64,1159.0,34320,704.0,9207,,0,,34320,,9207
2021-01-30 15:00:00,age60to64,774.0,35094,212.0,9419,,0,,35094,,9419
2021-01-31 15:00:00,age60to64,229.0,35323,120.0,9539,,0,,35323,,9539
2021-02-01 15:00:00,age60to64,395.0,35718,414.0,9953,,0,,35718,,9953
2021-02-02 15:00:00,age60to64,705.0,36423,1289.0,11242,,0,,36423,,11242
2021-02-03 15:00:00,age60to64,1012.0,37435,1755.0,12997,,0,,37435,,12997
2021-02-04 15:00:00,age60to64,1392.0,38827,1482.0,14479,,0,,38827,,14479
2021-02-05 15:00:00,age60to64,1160.0,39987,1473.0,15952,,0,,39987,,15952
2021-02-06 15:00:00,age60to64,708.0,40695,491.0,16443,,0,,40695,,16443
2021-02-07 15:00:00,age60to64,361.0,41056,145.0,16588,,0,,41056,,16588
2021-02-08 15:00:00,age60to64,732.0,41788,1079.0,17667,,0,,41788,,17667
2021-02-09 15:00:00,age60to64,962.0,42750,1054.0,18721,,0,,42750,,18721
2021-02-10 15:00:00,age60to64,1116.0,43866,1574.0,20295,,0,,43866,,20295
2021-02-11 15:00:00,age60to64,1403.0,45269,1225.0,21520,,0,,45269,,21520
2021-02-12 15:00:00,age60to64,1415.0,46684,1404.0,22924,,0,,46684,,22924
2021-02-13 15:00:00,age60to64,769.0,47453,323.0,23247,,0,,47453,,23247
2021-02-14 15:00:00,age60to64,458.0,47911,144.0,23391,,0,,47911,,23391
2021-02-15 15:00:00,age60to64,670.0,48581,665.0,24056,,0,,48581,,24056
2021-02-16 15:00:00,age60to64,1108.0,49689,1115.0,25171,,0,,49689,,25171
2021-02-17 15:00:00,age60to64,1320.0,51009,1510.0,26681,,0,,51009,,26681
2021-02-18 15:00:00,age60to64,263.0,51272,316.0,26997,,0,,51272,,26997
2021-02-19 15:00:00,age60to64,669.0,51941,1192.0,28189,,0,,51941,,28189
2021-02-20 15:00:00,age60to64,634.0,52575,1104.0,29293,,0,,52575,,29293
2021-02-21 15:00:00,age60to64,337.0,52912,243.0,29536,,0,,52912,,29536
2021-02-22 15:00:00,age60to64,484.0,53396,883.0,30419,,0,,53396,,30419
2021-02-23 15:00:00,age60to64,1092.0,54488,750.0,31169,,0,,54488,,31169
2021-02-24 15:00:00,age60to64,1354.0,55842,1201.0,32370,,0,,55842,,32370
2021-02-25 15:00:00,age60to64,1315.0,57157,1418.0,33788,,0,,57157,,33788
2021-02-26 15:00:00,age60to64,1712.0,58869,1463.0,35251,,0,,58869,,35251
2021-02-27 15:00:00,age60to64,1262.0,60131,584.0,35835,,0,,60131,,35835
2021-02-28 15:00:00,age60to64,1153.0,61284,276.0,36111,,0,,61284,,36111
2021-03-01 15:00:00,age60to64,2083.0,63367,537.0,36648,,0,,63367,,36648
2021-03-02 15:00:00,age60to64,1816.0,65183,717.0,37365,6.0,6,1822.0,65189,723.0,37371
2021-03-03 15:00:00,age60to64,2376.0,67559,1078.0,38443,17.0,23,2393.0,67582,1095.0,38466
2021-03-04 15:00:00,age60to64,2426.0,69985,1051.0,39494,377.0,400,2803.0,70385,1428.0,39894
2021-03-05 15:00:00,age60to64,2292.0,72277,1207.0,40701,380.0,780,2672.0,73057,1587.0,41481
2021-03-06 15:00:00,age60to64,1564.0,73841,660.0,41361,594.0,1374,2158.0,75215,1254.0,42735
2021-03-07 15:00:00,age60to64,958.0,74799,276.0,41637,646.0,2020,1604.0,76819,922.0,43657
2021-03-08 15:00:00,age60to64,2159.0,76958,562.0,42199,752.0,2772,2911.0,79730,1314.0,44971
2021-03-09 15:00:00,age60to64,2278.0,79236,951.0,43150,737.0,3509,3015.0,82745,1688.0,46659
2021-03-10 15:00:00,age60to64,2717.0,81953,979.0,44129,843.0,4352,3560.0,86305,1822.0,48481
2021-03-11 15:00:00,age60to64,3393.0,85346,973.0,45102,410.0,4762,3803.0,90108,1383.0,49864
2021-03-12 15:00:00,age60to64,3494.0,88840,1129.0,46231,314.0,5076,3808.0,93916,1443.0,51307
2021-03-13 15:00:00,age60to64,2420.0,91260,629.0,46860,256.0,5332,2676.0,96592,885.0,52192
2021-03-14 15:00:00,age60to64,1934.0,93194,403.0,47263,127.0,5459,2061.0,98653,530.0,52722
2021-03-15 15:00:00,age60to64,3287.0,96481,643.0,47906,62.0,5521,3349.0,102002,705.0,53427
2021-03-16 15:00:00,age60to64,3548.0,100029,805.0,48711,106.0,5627,3654.0,105656,911.0,54338
2021-03-17 15:00:00,age60to64,3854.0,103883,1011.0,49722,157.0,5784,4011.0,109667,1168.0,55506
2021-03-18 15:00:00,age60to64,4685.0,108568,774.0,50496,163.0,5947,4848.0,114515,937.0,56443
2021-03-19 15:00:00,age60to64,4553.0,113121,834.0,51330,143.0,6090,4696.0,119211,977.0,57420
2021-03-20 15:00:00,age60to64,3191.0,116312,657.0,51987,109.0,6199,3300.0,122511,766.0,58186
2021-03-21 15:00:00,age60to64,2598.0,118910,488.0,52475,51.0,6250,2649.0,125160,539.0,58725
2021-03-22 15:00:00,age60to64,5176.0,124086,729.0,53204,119.0,6369,5295.0,130455,848.0,59573
2021-03-23 15:00:00,age60to64,7209.0,131295,1229.0,54433,360.0,6729,7569.0,138024,1589.0,61162
2021-03-24 15:00:00,age60to64,8648.0,139943,1656.0,56089,321.0,7050,8969.0,146993,1977.0,63139
2021-03-25 15:00:00,age60to64,8506.0,148449,1571.0,57660,549.0,7599,9055.0,156048,2120.0,65259
2021-03-26 15:00:00,age60to64,7978.0,156427,1873.0,59533,477.0,8076,8455.0,164503,2350.0,67609
2021-03-27 15:00:00,age60to64,5497.0,161924,1280.0,60813,1036.0,9112,6533.0,171036,2316.0,69925
2021-03-28 15:00:00,age60to64,4640.0,166564,950.0,61763,706.0,9818,5346.0,176382,1656.0,71581
2021-03-29 15:00:00,age60to64,6605.0,173169,2160.0,63923,224.0,10042,6829.0,183211,2384.0,73965
2021-03-30 15:00:00,age60to64,8094.0,181263,2250.0,66173,348.0,10390,8442.0,191653,2598.0,76563
2021-03-31 15:00:00,age60to64,6931.0,188194,2782.0,68955,1001.0,11391,7932.0,199585,3783.0,80346
2021-04-01 15:00:00,age60to64,7923.0,196117,3204.0,72159,921.0,12312,8844.0,208429,4125.0,84471
2021-04-02 15:00:00,age60to64,5799.0,201916,2745.0,74904,744.0,13056,6543.0,214972,3489.0,87960
2021-04-03 15:00:00,age60to64,2281.0,204197,1671.0,76575,477.0,13533,2758.0,217730,2148.0,90108
2021-04-04 15:00:00,age60to64,864.0,205061,1033.0,77608,96.0,13629,960.0,218690,1129.0,91237
2021-04-05 15:00:00,age60to64,2695.0,207756,2790.0,80398,828.0,14457,3523.0,222213,3618.0,94855
2021-04-06 15:00:00,age60to64,4026.0,211782,3123.0,83521,995.0,15452,5021.0,227234,4118.0,98973
2021-04-07 15:00:00,age60to64,3264.0,215046,3464.0,86985,1165.0,16617,4429.0,231663,4629.0,103602
2021-04-08 15:00:00,age60to64,3932.0,218978,3748.0,90733,1389.0,18006,5321.0,236984,5137.0,108739
2021-04-09 15:00:00,age60to64,2672.0,221650,3723.0,94456,1799.0,19805,4471.0,241455,5522.0,114261
2021-04-10 15:00:00,age60to64,1786.0,223436,2940.0,97396,673.0,20478,2459.0,243914,3613.0,117874
2021-04-11 15:00:00,age60to64,1147.0,224583,1826.0,99222,618.0,21096,1765.0,245679,2444.0,120318
2021-04-12 15:00:00,age60to64,1817.0,226400,4258.0,103480,774.0,21870,2591.0,248270,5032.0,125350
2021-04-13 15:00:00,age60to64,2875.0,229275,4837.0,108317,25.0,21895,2900.0,251170,4862.0,130212
2021-04-15 15:00:00,age50to59,8736.0,397057,7243.0,213700,30.0,41526,8766.0,438583,7273.0,255226
2021-04-16 15:00:00,age50to59,7683.0,404740,7097.0,220797,2.0,41528,7685.0,446268,7099.0,262325
2021-04-17 15:00:00,age50to59,6361.0,411101,3883.0,224680,1.0,41529,6362.0,452630,3884.0,266209
2021-04-18 15:00:00,age50to59,3916.0,415017,3090.0,227770,,41529,,456546,,269299
2021-04-19 15:00:00,age50to59,6104.0,421121,7503.0,235273,6.0,41535,6110.0,462656,7509.0,276808
2021-04-20 15:00:00,age50to59,6065.0,427186,8061.0,243334,1.0,41536,6066.0,468722,8062.0,284870
2021-04-21 15:00:00,age50to59,7212.0,434398,8528.0,251862,5.0,41541,7217.0,475939,8533.0,293403
2021-04-22 15:00:00,age50to59,7288.0,441686,7778.0,259640,4.0,41545,7292.0,483231,7782.0,301185
2021-04-23 15:00:00,age50to59,6412.0,448098,7586.0,267226,1.0,41546,6413.0,489644,7587.0,308772
2021-04-24 15:00:00,age50to59,5027.0,453125,6019.0,273245,16.0,41562,5043.0,494687,6035.0,314807
2021-04-25 15:00:00,age50to59,3547.0,456672,1757.0,275002,5.0,41567,3552.0,498239,1762.0,316569
2021-04-26 15:00:00,age50to59,4875.0,461547,7345.0,282347,55.0,41622,4930.0,503169,7400.0,323969
2021-04-27 15:00:00,age50to59,5142.0,466689,7697.0,290044,249.0,41871,5391.0,508560,7946.0,331915
2021-04-28 15:00:00,age50to59,5127.0,471816,8803.0,298847,352.0,42223,5479.0,514039,9155.0,341070
2021-04-29 15:00:00,age50to59,5171.0,476987,8569.0,307416,332.0,42555,5503.0,519542,8901.0,349971
2021-04-30 15:00:00,age50to59,5232.0,482219,7100.0,314516,378.0,42933,5610.0,525152,7478.0,357449
2021-05-01 15:00:00,age50to59,3250.0,485469,5366.0,319882,237.0,43170,3487.0,528639,5603.0,363052
2021-05-02 15:00:00,age50to59,1611.0,487080,3219.0,323101,176.0,43346,1787.0,530426,3395.0,366447
2021-05-03 15:00:00,age50to59,2267.0,489347,5851.0,328952,464.0,43810,2731.0,533157,6315.0,372762
2021-05-04 15:00:00,age50to59,2547.0,491894,8758.0,337710,405.0,44215,2952.0,536109,9163.0,381925
2021-05-05 15:00:00,age50to59,3379.0,495273,7807.0,345517,429.0,44644,3808.0,539917,8236.0,390161
2021-05-06 15:00:00,age50to59,3072.0,498345,8524.0,354041,439.0,45083,3511.0,543428,8963.0,399124
2021-05-07 15:00:00,age50to59,2966.0,501311,6964.0,361005,411.0,45494,3377.0,546805,7375.0,406499
2021-05-08 15:00:00,age50to59,1689.0,503000,6176.0,367181,295.0,45789,1984.0,548789,6471.0,412970
2021-05-09 15:00:00,age50to59,784.0,503784,2302.0,369483,153.0,45942,937.0,549726,2455.0,415425
2021-05-10 15:00:00,age50to59,1535.0,505319,6289.0,375772,324.0,46266,1859.0,551585,6613.0,422038
2021-05-11 15:00:00,age50to59,1909.0,507228,6359.0,382131,330.0,46596,2239.0,553824,6689.0,428727
2021-05-12 15:00:00,age50to59,2182.0,509410,7264.0,389395,388.0,46984,2570.0,556394,7652.0,436379
2021-05-13 15:00:00,age50to59,1981.0,511391,6813.0,396208,292.0,47276,2273.0,558667,7105.0,443484
2021-05-14 15:00:00,age50to59,2451.0,513842,5724.0,401932,371.0,47647,2822.0,561489,6095.0,449579
2021-05-15 15:00:00,age50to59,1612.0,515454,4566.0,406498,303.0,47950,1915.0,563404,4869.0,454448
2021-05-16 15:00:00,age50to59,776.0,516230,3159.0,409657,221.0,48171,997.0,564401,3380.0,457828
2021-05-17 15:00:00,age50to59,1705.0,517935,5043.0,414700,376.0,48547,2081.0,566482,5419.0,463247
2021-05-18 15:00:00,age50to59,2095.0,520030,5764.0,420464,405.0,48952,2500.0,568982,6169.0,469416
2021-05-19 15:00:00,age50to59,2108.0,522138,5725.0,426189,339.0,49291,2447.0,571429,6064.0,475480
2021-05-20 15:00:00,age50to59,1883.0,524021,5607.0,431796,327.0,49618,2210.0,573639,5934.0,481414
2021-05-21 15:00:00,age50to59,1811.0,525832,4961.0,436757,301.0,49919,2112.0,575751,5262.0,486676
2021-05-22 15:00:00,age50to59,1226.0,527058,2683.0,439440,193.0,50112,1419.0,577170,2876.0,489552
2021-05-23 15:00:00,age50to59,535.0,527593,1561.0,441001,151.0,50263,686.0,577856,1712.0,491264
2021-05-24 15:00:00,age50to59,1454.0,529047,3136.0,444137,282.0,50545,1736.0,579592,3418.0,494682
2021-05-25 15:00:00,age50to59,928.0,529975,2238.0,446375,144.0,50689,1072.0,580664,2382.0,497064
2021-05-26 15:00:00,age50to59,418.0,530393,1069.0,447444,98.0,50787,516.0,581180,1167.0,498231
2021-04-14 15:00:00,age60to64,2611.0,231886,5278.0,113595,21.0,21916,2632.0,253802,5299.0,135511
2021-04-15 15:00:00,age60to64,2671.0,234557,5790.0,119385,16.0,21932,2687.0,256489,5806.0,141317
2021-04-16 15:00:00,age60to64,2351.0,236908,6076.0,125461,1.0,21933,2352.0,258841,6077.0,147394
2021-04-17 15:00:00,age60to64,1701.0,238609,3969.0,129430,2.0,21935,1703.0,260544,3971.0,151365
2021-04-18 15:00:00,age60to64,919.0,239528,4159.0,133589,,21935,,261463,,155524
2021-04-19 15:00:00,age60to64,1760.0,241288,7189.0,140778,6.0,21941,1766.0,263229,7195.0,162719
2021-04-20 15:00:00,age60to64,2052.0,243340,9364.0,150142,9.0,21950,2061.0,265290,9373.0,172092
2021-04-21 15:00:00,age60to64,2186.0,245526,8567.0,158709,,21950,,267476,,180659
2021-04-22 15:00:00,age60to64,2314.0,247840,8331.0,167040,,21950,,269790,,188990
2021-04-23 15:00:00,age60to64,2129.0,249969,7256.0,174296,,21950,,271919,,196246
2021-04-24 15:00:00,age60to64,1557.0,251526,4089.0,178385,7.0,21957,1564.0,273483,4096.0,200342
2021-04-25 15:00:00,age60to64,1091.0,252617,1223.0,179608,2.0,21959,1093.0,274576,1225.0,201567
2021-04-26 15:00:00,age60to64,1689.0,254306,4714.0,184322,17.0,21976,1706.0,276282,4731.0,206298
2021-04-27 15:00:00,age60to64,1825.0,256131,3938.0,188260,116.0,22092,1941.0,278223,4054.0,210352
2021-04-28 15:00:00,age60to64,1712.0,257843,4594.0,192854,113.0,22205,1825.0,280048,4707.0,215059
2021-04-29 15:00:00,age60to64,2084.0,259927,4246.0,197100,149.0,22354,2233.0,282281,4395.0,219454
2021-04-30 15:00:00,age60to64,1811.0,261738,3052.0,200152,162.0,22516,1973.0,284254,3214.0,222668
2021-05-01 15:00:00,age60to64,1157.0,262895,1847.0,201999,92.0,22608,1249.0,285503,1939.0,224607
2021-05-02 15:00:00,age60to64,499.0,263394,1006.0,203005,73.0,22681,572.0,286075,1079.0,225686
2021-05-03 15:00:00,age60to64,863.0,264257,2207.0,205212,159.0,22840,1022.0,287097,2366.0,228052
2021-05-04 15:00:00,age60to64,1030.0,265287,2979.0,208191,181.0,23021,1211.0,288308,3160.0,231212
2021-05-05 15:00:00,age60to64,1191.0,266478,2691.0,210882,202.0,23223,1393.0,289701,2893.0,234105
2021-05-06 15:00:00,age60to64,1154.0,267632,3194.0,214076,163.0,23386,1317.0,291018,3357.0,237462
2021-05-07 15:00:00,age60to64,1005.0,268637,2431.0,216507,191.0,23577,1196.0,292214,2622.0,240084
2021-05-08 15:00:00,age60to64,604.0,269241,1922.0,218429,131.0,23708,735.0,292949,2053.0,242137
2021-05-09 15:00:00,age60to64,251.0,269492,649.0,219078,62.0,23770,313.0,293262,711.0,242848
2021-05-10 15:00:00,age60to64,577.0,270069,1851.0,220929,129.0,23899,706.0,293968,1980.0,244828
2021-05-11 15:00:00,age60to64,713.0,270782,1867.0,222796,129.0,24028,842.0,294810,1996.0,246824
2021-05-12 15:00:00,age60to64,786.0,271568,2259.0,225055,159.0,24187,945.0,295755,2418.0,249242
2021-05-13 15:00:00,age60to64,723.0,272291,2045.0,227100,133.0,24320,856.0,296611,2178.0,251420
2021-05-14 15:00:00,age60to64,858.0,273149,1854.0,228954,176.0,24496,1034.0,297645,2030.0,253450
2021-05-15 15:00:00,age60to64,554.0,273703,1291.0,230245,95.0,24591,649.0,298294,1386.0,254836
2021-05-16 15:00:00,age60to64,271.0,273974,944.0,231189,89.0,24680,360.0,298654,1033.0,255869
2021-05-17 15:00:00,age60to64,631.0,274605,1539.0,232728,160.0,24840,791.0,299445,1699.0,257568
2021-05-18 15:00:00,age60to64,803.0,275408,1927.0,234655,146.0,24986,949.0,300394,2073.0,259641
2021-05-19 15:00:00,age60to64,716.0,276124,1804.0,236459,113.0,25099,829.0,301223,1917.0,261558
2021-05-20 15:00:00,age60to64,643.0,276767,1898.0,238357,151.0,25250,794.0,302017,2049.0,263607
2021-05-21 15:00:00,age60to64,767.0,277534,1701.0,240058,111.0,25361,878.0,302895,1812.0,265419
2021-05-22 15:00:00,age60to64,396.0,277930,1002.0,241060,78.0,25439,474.0,303369,1080.0,266499
2021-05-23 15:00:00,age60to64,164.0,278094,462.0,241522,59.0,25498,223.0,303592,521.0,267020
2021-05-24 15:00:00,age60to64,570.0,278664,1136.0,242658,108.0,25606,678.0,304270,1244.0,268264
2021-05-25 15:00:00,age60to64,352.0,279016,884.0,243542,57.0,25663,409.0,304679,941.0,269205
2021-05-26 15:00:00,age60to64,147.0,279163,397.0,243939,46.0,25709,193.0,304872,443.0,269648
2021-01-08 15:00:00,Unknown,8000.0,8000,,0,,0,,8000,,0
2021-02-06 15:00:00,Unknown,,8000,8000.0,8000,,0,,8000,,8000
2021-04-13 15:00:00,Unknown,84295.0,92295,54201.0,62201,2952.0,2952,87247.0,95247,57153.0,65153
2021-04-14 15:00:00,Unknown,557.0,92852,11.0,62212,1.0,2953,558.0,95805,12.0,65165
2021-04-15 15:00:00,Unknown,623.0,93475,823.0,63035,19.0,2972,642.0,96447,842.0,66007
2021-04-16 15:00:00,Unknown,782.0,94257,1016.0,64051,8.0,2980,790.0,97237,1024.0,67031
2021-04-17 15:00:00,Unknown,1136.0,95393,1177.0,65228,6.0,2986,1142.0,98379,1183.0,68214
2021-04-19 15:00:00,Unknown,1369.0,96762,2003.0,67231,9.0,2995,1378.0,99757,2012.0,70226
2021-04-20 15:00:00,Unknown,3243.0,100005,2158.0,69389,19.0,3014,3262.0,103019,2177.0,72403
2021-04-21 15:00:00,Unknown,906.0,100911,1206.0,70595,4.0,3018,910.0,103929,1210.0,73613
2021-04-22 15:00:00,Unknown,1018.0,101929,458.0,71053,,3018,,104947,,74071
2021-04-23 15:00:00,Unknown,759.0,102688,632.0,71685,1.0,3019,760.0,105707,633.0,74704
2021-04-25 15:00:00,Unknown,992.0,103680,2492.0,74177,5.0,3024,997.0,106704,2497.0,77201
2021-04-26 15:00:00,Unknown,1483.0,105163,1672.0,75849,1.0,3025,1484.0,108188,1673.0,78874
2021-04-29 15:00:00,Unknown,223.0,105386,865.0,76714,2.0,3027,225.0,108413,867.0,79741
2021-05-01 15:00:00,Unknown,1556.0,106942,1974.0,78688,14.0,3041,1570.0,109983,1988.0,81729
2021-05-02 15:00:00,Unknown,1071.0,108013,1875.0,80563,4.0,3045,1075.0,111058,1879.0,83608
2021-05-03 15:00:00,Unknown,403.0,108416,2165.0,82728,4.0,3049,407.0,111465,2169.0,85777
2021-05-04 15:00:00,Unknown,28.0,108444,25.0,82753,,3049,,111493,,85802
2021-05-05 15:00:00,Unknown,365.0,108809,814.0,83567,,3049,,111858,,86616
2021-05-06 15:00:00,Unknown,275.0,109084,880.0,84447,3.0,3052,278.0,112136,883.0,87499
2021-05-07 15:00:00,Unknown,274.0,109358,966.0,85413,8.0,3060,282.0,112418,974.0,88473
2021-05-08 15:00:00,Unknown,297.0,109655,1312.0,86725,6.0,3066,303.0,112721,1318.0,89791
2021-05-10 15:00:00,Unknown,338.0,109993,1712.0,88437,1.0,3067,339.0,113060,1713.0,91504
2021-05-11 15:00:00,Unknown,18.0,110011,13.0,88450,,3067,,113078,,91517
2021-05-12 15:00:00,Unknown,243.0,110254,1124.0,89574,,3067,,113321,,92641
2021-05-14 15:00:00,Unknown,290.0,110544,1022.0,90596,2.0,3069,292.0,113613,1024.0,93665
2021-05-15 15:00:00,Unknown,611.0,111155,1701.0,92297,4.0,3073,615.0,114228,1705.0,95370
2021-05-17 15:00:00,Unknown,565.0,111720,2505.0,94802,11.0,3084,576.0,114804,2516.0,97886
2021-05-18 15:00:00,Unknown,164.0,111884,61.0,94863,2.0,3086,166.0,114970,63.0,97949
2021-05-20 15:00:00,Unknown,885.0,112769,1024.0,95887,,3086,,115855,,98973
2021-05-22 15:00:00,Unknown,911.0,113680,1359.0,97246,9.0,3095,920.0,116775,1368.0,100341
2021-05-24 15:00:00,Unknown,514.0,114194,1032.0,98278,8.0,3103,522.0,117297,1040.0,101381
2021-05-25 15:00:00,Unknown,5.0,114199,1.0,98279,2.0,3105,7.0,117304,3.0,101384
2021-05-26 15:00:00,age30to39,472.0,447640,814.0,363205,71.0,35194,543.0,482834,885.0,398399
2020-12-14 15:00:00,age40to49,1.0,1,,0,,0,,1,,0
2020-12-15 15:00:00,age40to49,1.0,2,,0,,0,,2,,0
2020-12-16 15:00:00,age40to49,124.0,126,,0,,0,,126,,0
2020-12-17 15:00:00,age40to49,236.0,362,,0,,0,,362,,0
2020-12-18 15:00:00,age40to49,679.0,1041,,0,,0,,1041,,0
2020-12-19 15:00:00,age40to49,207.0,1248,1.0,1,,0,,1248,,1
2020-12-20 15:00:00,age40to49,74.0,1322,,1,,0,,1322,,1
2020-12-21 15:00:00,age40to49,881.0,2203,,1,,0,,2203,,1
2020-12-22 15:00:00,age40to49,1192.0,3395,,1,,0,,3395,,1
2020-12-23 15:00:00,age40to49,1187.0,4582,3.0,4,,0,,4582,,4
2020-12-24 15:00:00,age40to49,579.0,5161,,4,,0,,5161,,4
2020-12-25 15:00:00,age40to49,127.0,5288,,4,,0,,5288,,4
2020-12-26 15:00:00,age40to49,264.0,5552,,4,,0,,5552,,4
2020-12-27 15:00:00,age40to49,313.0,5865,1.0,5,,0,,5865,,5
2020-12-28 15:00:00,age40to49,1725.0,7590,2.0,7,,0,,7590,,7
2020-12-29 15:00:00,age40to49,2024.0,9614,1.0,8,,0,,9614,,8
2020-12-30 15:00:00,age40to49,2541.0,12155,4.0,12,,0,,12155,,12
2020-12-31 15:00:00,age40to49,1483.0,13638,2.0,14,,0,,13638,,14
2021-01-01 15:00:00,age40to49,241.0,13879,5.0,19,,0,,13879,,19
2021-01-02 15:00:00,age40to49,400.0,14279,5.0,24,,0,,14279,,24
2021-01-03 15:00:00,age40to49,507.0,14786,8.0,32,,0,,14786,,32
2021-01-04 15:00:00,age40to49,2422.0,17208,54.0,86,,0,,17208,,86
2021-01-05 15:00:00,age40to49,2213.0,19421,109.0,195,,0,,19421,,195
2021-01-06 15:00:00,age40to49,2819.0,22240,174.0,369,,0,,22240,,369
2021-01-07 15:00:00,age40to49,2861.0,25101,386.0,755,,0,,25101,,755
2021-01-08 15:00:00,age40to49,2926.0,28027,628.0,1383,,0,,28027,,1383
2021-01-09 15:00:00,age40to49,832.0,28859,171.0,1554,,0,,28859,,1554
2021-01-10 15:00:00,age40to49,474.0,29333,75.0,1629,,0,,29333,,1629
2021-01-11 15:00:00,age40to49,2429.0,31762,752.0,2381,,0,,31762,,2381
2021-01-12 15:00:00,age40to49,2999.0,34761,1046.0,3427,,0,,34761,,3427
2021-01-13 15:00:00,age40to49,3511.0,38272,768.0,4195,,0,,38272,,4195
2021-01-14 15:00:00,age40to49,3262.0,41534,356.0,4551,,0,,41534,,4551
2021-01-15 15:00:00,age40to49,3495.0,45029,304.0,4855,,0,,45029,,4855
2021-01-16 15:00:00,age40to49,869.0,45898,224.0,5079,,0,,45898,,5079
2021-01-17 15:00:00,age40to49,282.0,46180,196.0,5275,,0,,46180,,5275
2021-01-18 15:00:00,age40to49,874.0,47054,544.0,5819,,0,,47054,,5819
2021-01-19 15:00:00,age40to49,1743.0,48797,869.0,6688,,0,,48797,,6688
2021-01-20 15:00:00,age40to49,2036.0,50833,967.0,7655,,0,,50833,,7655
2021-01-21 15:00:00,age40to49,2546.0,53379,641.0,8296,,0,,53379,,8296
2021-01-22 15:00:00,age40to49,3764.0,57143,566.0,8862,,0,,57143,,8862
2021-01-23 15:00:00,age40to49,1081.0,58224,230.0,9092,,0,,58224,,9092
2021-01-24 15:00:00,age40to49,282.0,58506,247.0,9339,,0,,58506,,9339
2021-01-25 15:00:00,age40to49,1679.0,60185,1574.0,10913,,0,,60185,,10913
2021-01-26 15:00:00,age40to49,1794.0,61979,1617.0,12530,,0,,61979,,12530
2021-01-27 15:00:00,age40to49,2286.0,64265,2440.0,14970,,0,,64265,,14970
2021-01-28 15:00:00,age40to49,2329.0,66594,1659.0,16629,,0,,66594,,16629
2021-01-29 15:00:00,age40to49,2238.0,68832,1378.0,18007,,0,,68832,,18007
2021-01-30 15:00:00,age40to49,1740.0,70572,387.0,18394,,0,,70572,,18394
2021-01-31 15:00:00,age40to49,524.0,71096,185.0,18579,,0,,71096,,18579
2021-02-01 15:00:00,age40to49,572.0,71668,790.0,19369,,0,,71668,,19369
2021-02-02 15:00:00,age40to49,1105.0,72773,2375.0,21744,,0,,72773,,21744
2021-02-03 15:00:00,age40to49,1750.0,74523,3526.0,25270,,0,,74523,,25270
2021-02-04 15:00:00,age40to49,1990.0,76513,2964.0,28234,,0,,76513,,28234
2021-02-05 15:00:00,age40to49,1932.0,78445,2932.0,31166,,0,,78445,,31166
2021-02-06 15:00:00,age40to49,1273.0,79718,1138.0,32304,,0,,79718,,32304
2021-02-07 15:00:00,age40to49,588.0,80306,207.0,32511,,0,,80306,,32511
2021-02-08 15:00:00,age40to49,1173.0,81479,2134.0,34645,,0,,81479,,34645
2021-02-09 15:00:00,age40to49,1552.0,83031,2078.0,36723,,0,,83031,,36723
2021-02-10 15:00:00,age40to49,1643.0,84674,3395.0,40118,,0,,84674,,40118
2021-02-11 15:00:00,age40to49,2259.0,86933,2756.0,42874,,0,,86933,,42874
2021-02-12 15:00:00,age40to49,2261.0,89194,3043.0,45917,,0,,89194,,45917
2021-02-13 15:00:00,age40to49,1104.0,90298,694.0,46611,,0,,90298,,46611
2021-02-14 15:00:00,age40to49,860.0,91158,217.0,46828,,0,,91158,,46828
2021-02-15 15:00:00,age40to49,1027.0,92185,1512.0,48340,,0,,92185,,48340
2021-02-16 15:00:00,age40to49,1672.0,93857,2249.0,50589,,0,,93857,,50589
2021-02-17 15:00:00,age40to49,2567.0,96424,2941.0,53530,,0,,96424,,53530
2021-02-18 15:00:00,age40to49,395.0,96819,566.0,54096,,0,,96819,,54096
2021-02-19 15:00:00,age40to49,1107.0,97926,2428.0,56524,,0,,97926,,56524
2021-02-20 15:00:00,age40to49,1144.0,99070,2344.0,58868,,0,,99070,,58868
2021-02-21 15:00:00,age40to49,552.0,99622,653.0,59521,,0,,99622,,59521
2021-02-22 15:00:00,age40to49,741.0,100363,1743.0,61264,,0,,100363,,61264
2021-02-23 15:00:00,age40to49,1586.0,101949,1327.0,62591,,0,,101949,,62591
2021-02-24 15:00:00,age40to49,1900.0,103849,2326.0,64917,,0,,103849,,64917
2021-02-25 15:00:00,age40to49,1869.0,105718,2503.0,67420,,0,,105718,,67420
2021-02-26 15:00:00,age40to49,2430.0,108148,2814.0,70234,,0,,108148,,70234
2021-02-27 15:00:00,age40to49,1706.0,109854,1090.0,71324,,0,,109854,,71324
2021-02-28 15:00:00,age40to49,1713.0,111567,438.0,71762,,0,,111567,,71762
2021-03-01 15:00:00,age40to49,2706.0,114273,888.0,72650,,0,,114273,,72650
2021-03-02 15:00:00,age40to49,2418.0,116691,1146.0,73796,1.0,1,2419.0,116692,1147.0,73797
2021-03-03 15:00:00,age40to49,3357.0,120048,1856.0,75652,18.0,19,3375.0,120067,1874.0,75671
2021-03-04 15:00:00,age40to49,3133.0,123181,1571.0,77223,548.0,567,3681.0,123748,2119.0,77790
2021-03-05 15:00:00,age40to49,2759.0,125940,1880.0,79103,423.0,990,3182.0,126930,2303.0,80093
2021-03-06 15:00:00,age40to49,2014.0,127954,948.0,80051,800.0,1790,2814.0,129744,1748.0,81841
2021-03-07 15:00:00,age40to49,1340.0,129294,518.0,80569,1036.0,2826,2376.0,132120,1554.0,83395
2021-03-08 15:00:00,age40to49,2672.0,131966,848.0,81417,1025.0,3851,3697.0,135817,1873.0,85268
2021-03-09 15:00:00,age40to49,2628.0,134594,1415.0,82832,1022.0,4873,3650.0,139467,2437.0,87705
2021-03-10 15:00:00,age40to49,3209.0,137803,1793.0,84625,1146.0,6019,4355.0,143822,2939.0,90644
2021-03-11 15:00:00,age40to49,3887.0,141690,1545.0,86170,447.0,6466,4334.0,148156,1992.0,92636
2021-03-12 15:00:00,age40to49,4230.0,145920,1995.0,88165,315.0,6781,4545.0,152701,2310.0,94946
2021-03-13 15:00:00,age40to49,3124.0,149044,1125.0,89290,184.0,6965,3308.0,156009,1309.0,96255
2021-03-14 15:00:00,age40to49,2890.0,151934,722.0,90012,125.0,7090,3015.0,159024,847.0,97102
2021-03-15 15:00:00,age40to49,4467.0,156401,1061.0,91073,77.0,7167,4544.0,163568,1138.0,98240
2021-03-16 15:00:00,age40to49,4579.0,160980,1245.0,92318,74.0,7241,4653.0,168221,1319.0,99559
2021-03-17 15:00:00,age40to49,4978.0,165958,1624.0,93942,181.0,7422,5159.0,173380,1805.0,101364
2021-03-18 15:00:00,age40to49,5966.0,171924,1277.0,95219,195.0,7617,6161.0,179541,1472.0,102836
2021-03-19 15:00:00,age40to49,5346.0,177270,1360.0,96579,161.0,7778,5507.0,185048,1521.0,104357
2021-03-20 15:00:00,age40to49,3976.0,181246,1133.0,97712,94.0,7872,4070.0,189118,1227.0,105584
2021-03-21 15:00:00,age40to49,3190.0,184436,803.0,98515,61.0,7933,3251.0,192369,864.0,106448
2021-03-22 15:00:00,age40to49,4997.0,189433,1223.0,99738,111.0,8044,5108.0,197477,1334.0,107782
2021-03-23 15:00:00,age40to49,5593.0,195026,1837.0,101575,154.0,8198,5747.0,203224,1991.0,109773
2021-03-24 15:00:00,age40to49,6057.0,201083,2274.0,103849,178.0,8376,6235.0,209459,2452.0,112225
2021-03-25 15:00:00,age40to49,6555.0,207638,1966.0,105815,357.0,8733,6912.0,216371,2323.0,114548
2021-03-26 15:00:00,age40to49,5450.0,213088,2339.0,108154,444.0,9177,5894.0,222265,2783.0,117331
2021-03-27 15:00:00,age40to49,4009.0,217097,1519.0,109673,268.0,9445,4277.0,226542,1787.0,119118
2021-03-28 15:00:00,age40to49,2406.0,219503,1198.0,110871,217.0,9662,2623.0,229165,1415.0,120533
2021-03-29 15:00:00,age40to49,4503.0,224006,2894.0,113765,155.0,9817,4658.0,233823,3049.0,123582
2021-03-30 15:00:00,age40to49,6559.0,230565,2914.0,116679,244.0,10061,6803.0,240626,3158.0,126740
2021-03-31 15:00:00,age40to49,6975.0,237540,3575.0,120254,972.0,11033,7947.0,248573,4547.0,131287
2021-04-01 15:00:00,age40to49,6866.0,244406,3897.0,124151,899.0,11932,7765.0,256338,4796.0,136083
2021-04-02 15:00:00,age40to49,5626.0,250032,3414.0,127565,1103.0,13035,6729.0,263067,4517.0,140600
2021-04-03 15:00:00,age40to49,3768.0,253800,2211.0,129776,875.0,13910,4643.0,267710,3086.0,143686
2021-04-04 15:00:00,age40to49,1605.0,255405,1556.0,131332,174.0,14084,1779.0,269489,1730.0,145416
2021-04-05 15:00:00,age40to49,5482.0,260887,3553.0,134885,1212.0,15296,6694.0,276183,4765.0,150181
2021-04-06 15:00:00,age40to49,7106.0,267993,3991.0,138876,2023.0,17319,9129.0,285312,6014.0,156195
2021-04-07 15:00:00,age40to49,6607.0,274600,4341.0,143217,2449.0,19768,9056.0,294368,6790.0,162985
2021-04-08 15:00:00,age40to49,7962.0,282562,4825.0,148042,2460.0,22228,10422.0,304790,7285.0,170270
2021-04-09 15:00:00,age40to49,6600.0,289162,4579.0,152621,2605.0,24833,9205.0,313995,7184.0,177454
2021-04-10 15:00:00,age40to49,4156.0,293318,3531.0,156152,1423.0,26256,5579.0,319574,4954.0,182408
2021-04-11 15:00:00,age40to49,3447.0,296765,2398.0,158550,2126.0,28382,5573.0,325147,4524.0,186932
2021-04-12 15:00:00,age40to49,4688.0,301453,4927.0,163477,2010.0,30392,6698.0,331845,6937.0,193869
2021-04-13 15:00:00,age40to49,7826.0,309279,5161.0,168638,78.0,30470,7904.0,339749,5239.0,199108
2021-04-14 15:00:00,age40to49,7409.0,316688,5340.0,173978,29.0,30499,7438.0,347187,5369.0,204477
2021-04-15 15:00:00,age40to49,7686.0,324374,5289.0,179267,34.0,30533,7720.0,354907,5323.0,209800
2021-04-16 15:00:00,age40to49,6728.0,331102,5283.0,184550,2.0,30535,6730.0,361637,5285.0,215085
2021-04-17 15:00:00,age40to49,5835.0,336937,2979.0,187529,1.0,30536,5836.0,367473,2980.0,218065
2021-04-18 15:00:00,age40to49,3649.0,340586,2319.0,189848,2.0,30538,3651.0,371124,2321.0,220386
2021-04-19 15:00:00,age40to49,5368.0,345954,5248.0,195096,11.0,30549,5379.0,376503,5259.0,225645
2021-04-20 15:00:00,age40to49,5565.0,351519,5913.0,201009,3.0,30552,5568.0,382071,5916.0,231561
2021-04-21 15:00:00,age40to49,7099.0,358618,6706.0,207715,2.0,30554,7101.0,389172,6708.0,238269
2021-04-22 15:00:00,age40to49,6681.0,365299,5986.0,213701,2.0,30556,6683.0,395855,5988.0,244257
2021-04-23 15:00:00,age40to49,6050.0,371349,6036.0,219737,7.0,30563,6057.0,401912,6043.0,250300
2021-04-24 15:00:00,age40to49,4908.0,376257,4590.0,224327,16.0,30579,4924.0,406836,4606.0,254906
2021-04-25 15:00:00,age40to49,3523.0,379780,1578.0,225905,4.0,30583,3527.0,410363,1582.0,256488
2021-04-26 15:00:00,age40to49,4577.0,384357,5278.0,231183,33.0,30616,4610.0,414973,5311.0,261799
2021-04-27 15:00:00,age40to49,4604.0,388961,5868.0,237051,212.0,30828,4816.0,419789,6080.0,267879
2021-04-28 15:00:00,age40to49,4825.0,393786,7023.0,244074,240.0,31068,5065.0,424854,7263.0,275142
2021-04-29 15:00:00,age40to49,4873.0,398659,6938.0,251012,276.0,31344,5149.0,430003,7214.0,282356
2021-04-30 15:00:00,age40to49,5038.0,403697,5700.0,256712,264.0,31608,5302.0,435305,5964.0,288320
2021-05-01 15:00:00,age40to49,3410.0,407107,4180.0,260892,163.0,31771,3573.0,438878,4343.0,292663
2021-05-02 15:00:00,age40to49,1721.0,408828,2935.0,263827,153.0,31924,1874.0,440752,3088.0,295751
2021-05-03 15:00:00,age40to49,2096.0,410924,4972.0,268799,364.0,32288,2460.0,443212,5336.0,301087
2021-05-04 15:00:00,age40to49,2247.0,413171,6947.0,275746,272.0,32560,2519.0,445731,7219.0,308306
2021-05-05 15:00:00,age40to49,3030.0,416201,6470.0,282216,325.0,32885,3355.0,449086,6795.0,315101
2021-05-06 15:00:00,age40to49,2873.0,419074,7269.0,289485,269.0,33154,3142.0,452228,7538.0,322639
2021-05-07 15:00:00,age40to49,3051.0,422125,6432.0,295917,333.0,33487,3384.0,455612,6765.0,329404
2021-05-08 15:00:00,age40to49,1788.0,423913,5289.0,301206,240.0,33727,2028.0,457640,5529.0,334933
2021-05-09 15:00:00,age40to49,905.0,424818,2079.0,303285,109.0,33836,1014.0,458654,2188.0,337121
2021-05-10 15:00:00,age40to49,1368.0,426186,5417.0,308702,218.0,34054,1586.0,460240,5635.0,342756
2021-05-11 15:00:00,age40to49,1761.0,427947,5435.0,314137,204.0,34258,1965.0,462205,5639.0,348395
2021-05-12 15:00:00,age40to49,2173.0,430120,6819.0,320956,311.0,34569,2484.0,464689,7130.0,355525
2021-05-13 15:00:00,age40to49,2017.0,432137,6427.0,327383,228.0,34797,2245.0,466934,6655.0,362180
2021-05-14 15:00:00,age40to49,2716.0,434853,5333.0,332716,334.0,35131,3050.0,469984,5667.0,367847
2021-05-15 15:00:00,age40to49,1761.0,436614,4242.0,336958,281.0,35412,2042.0,472026,4523.0,372370
2021-05-16 15:00:00,age40to49,892.0,437506,3237.0,340195,210.0,35622,1102.0,473128,3447.0,375817
2021-05-17 15:00:00,age40to49,1637.0,439143,4623.0,344818,343.0,35965,1980.0,475108,4966.0,380783
2021-05-18 15:00:00,age40to49,2241.0,441384,5413.0,350231,330.0,36295,2571.0,477679,5743.0,386526
2021-05-19 15:00:00,age40to49,2404.0,443788,5179.0,355410,260.0,36555,2664.0,480343,5439.0,391965
2021-05-20 15:00:00,age40to49,1891.0,445679,4991.0,360401,291.0,36846,2182.0,482525,5282.0,397247
2021-05-21 15:00:00,age40to49,1985.0,447664,4582.0,364983,235.0,37081,2220.0,484745,4817.0,402064
2021-05-22 15:00:00,age40to49,1474.0,449138,2604.0,367587,212.0,37293,1686.0,486431,2816.0,404880
2021-05-23 15:00:00,age40to49,743.0,449881,1447.0,369034,149.0,37442,892.0,487323,1596.0,406476
2021-05-24 15:00:00,age40to49,1572.0,451453,2771.0,371805,275.0,37717,1847.0,489170,3046.0,409522
2021-05-25 15:00:00,age40to49,947.0,452400,1874.0,373679,159.0,37876,1106.0,490276,2033.0,411555
2021-05-26 15:00:00,age40to49,471.0,452871,859.0,374538,69.0,37945,540.0,490816,928.0,412483
2020-12-16 15:00:00,age65plus,23.0,23,1.0,1,,0,,23,,1
2020-12-17 15:00:00,age65plus,54.0,77,,1,,0,,77,,1
2020-12-18 15:00:00,age65plus,177.0,254,,1,,0,,254,,1
2020-12-19 15:00:00,age65plus,57.0,311,,1,,0,,311,,1
2020-12-20 15:00:00,age65plus,18.0,329,,1,,0,,329,,1
2020-12-21 15:00:00,age65plus,208.0,537,,1,,0,,537,,1
2020-12-22 15:00:00,age65plus,1284.0,1821,,1,,0,,1821,,1
2020-12-23 15:00:00,age65plus,665.0,2486,1.0,2,,0,,2486,,2
2020-12-24 15:00:00,age65plus,227.0,2713,,2,,0,,2713,,2
2020-12-25 15:00:00,age65plus,392.0,3105,,2,,0,,3105,,2
2020-12-26 15:00:00,age65plus,458.0,3563,1.0,3,,0,,3563,,3
2020-12-27 15:00:00,age65plus,505.0,4068,,3,,0,,4068,,3
2020-12-28 15:00:00,age65plus,1100.0,5168,2.0,5,,0,,5168,,5
2020-12-29 15:00:00,age65plus,1533.0,6701,1.0,6,,0,,6701,,6
2020-12-30 15:00:00,age65plus,1252.0,7953,4.0,10,,0,,7953,,10
2020-12-31 15:00:00,age65plus,839.0,8792,3.0,13,,0,,8792,,13
2021-01-01 15:00:00,age65plus,697.0,9489,6.0,19,,0,,9489,,19
2021-01-02 15:00:00,age65plus,704.0,10193,2.0,21,,0,,10193,,21
2021-01-03 15:00:00,age65plus,729.0,10922,3.0,24,,0,,10922,,24
2021-01-04 15:00:00,age65plus,2253.0,13175,12.0,36,,0,,13175,,36
2021-01-05 15:00:00,age65plus,2255.0,15430,26.0,62,,0,,15430,,62
2021-01-06 15:00:00,age65plus,2572.0,18002,29.0,91,,0,,18002,,91
2021-01-07 15:00:00,age65plus,2185.0,20187,96.0,187,,0,,20187,,187
2021-01-08 15:00:00,age65plus,2643.0,22830,179.0,366,,0,,22830,,366
2021-01-09 15:00:00,age65plus,1134.0,23964,52.0,418,,0,,23964,,418
2021-01-10 15:00:00,age65plus,675.0,24639,13.0,431,,0,,24639,,431
2021-01-11 15:00:00,age65plus,2976.0,27615,232.0,663,,0,,27615,,663
2021-01-12 15:00:00,age65plus,4186.0,31801,1013.0,1676,,0,,31801,,1676
2021-01-13 15:00:00,age65plus,3306.0,35107,559.0,2235,,0,,35107,,2235
2021-01-14 15:00:00,age65plus,3556.0,38663,195.0,2430,,0,,38663,,2430
2021-01-15 15:00:00,age65plus,4424.0,43087,420.0,2850,,0,,43087,,2850
2021-01-16 15:00:00,age65plus,1947.0,45034,454.0,3304,,0,,45034,,3304
2021-01-17 15:00:00,age65plus,672.0,45706,366.0,3670,,0,,45706,,3670
2021-01-18 15:00:00,age65plus,3593.0,49299,710.0,4380,,0,,49299,,4380
2021-01-19 15:00:00,age65plus,9044.0,58343,737.0,5117,,0,,58343,,5117
2021-01-20 15:00:00,age65plus,11663.0,70006,568.0,5685,,0,,70006,,5685
2021-01-21 15:00:00,age65plus,11948.0,81954,376.0,6061,,0,,81954,,6061
2021-01-22 15:00:00,age65plus,13056.0,95010,822.0,6883,,0,,95010,,6883
2021-01-23 15:00:00,age65plus,4789.0,99799,435.0,7318,,0,,99799,,7318
2021-01-24 15:00:00,age65plus,1937.0,101736,416.0,7734,,0,,101736,,7734
2021-01-25 15:00:00,age65plus,9450.0,111186,1320.0,9054,,0,,111186,,9054
2021-01-26 15:00:00,age65plus,9906.0,121092,1582.0,10636,,0,,121092,,10636
2021-01-27 15:00:00,age65plus,14720.0,135812,1906.0,12542,,0,,135812,,12542
2021-01-28 15:00:00,age65plus,13114.0,148926,1382.0,13924,,0,,148926,,13924
2021-01-29 15:00:00,age65plus,14346.0,163272,1094.0,15018,,0,,163272,,15018
2021-01-30 15:00:00,age65plus,10607.0,173879,379.0,15397,,0,,173879,,15397
2021-01-31 15:00:00,age65plus,1588.0,175467,455.0,15852,,0,,175467,,15852
2021-02-01 15:00:00,age65plus,4045.0,179512,919.0,16771,,0,,179512,,16771
2021-02-02 15:00:00,age65plus,7145.0,186657,2955.0,19726,,0,,186657,,19726
2021-02-03 15:00:00,age65plus,10067.0,196724,2683.0,22409,,0,,196724,,22409
2021-02-04 15:00:00,age65plus,12737.0,209461,2757.0,25166,,0,,209461,,25166
2021-02-05 15:00:00,age65plus,11321.0,220782,3601.0,28767,,0,,220782,,28767
2021-02-06 15:00:00,age65plus,5747.0,226529,1516.0,30283,,0,,226529,,30283
2021-02-07 15:00:00,age65plus,3340.0,229869,588.0,30871,,0,,229869,,30871
2021-02-08 15:00:00,age65plus,7553.0,237422,3265.0,34136,,0,,237422,,34136
2021-02-09 15:00:00,age65plus,9721.0,247143,4344.0,38480,,0,,247143,,38480
2021-02-10 15:00:00,age65plus,11806.0,258949,6485.0,44965,,0,,258949,,44965
2021-02-11 15:00:00,age65plus,13059.0,272008,5328.0,50293,,0,,272008,,50293
2021-02-12 15:00:00,age65plus,10285.0,282293,5952.0,56245,,0,,282293,,56245
2021-02-13 15:00:00,age65plus,6436.0,288729,2822.0,59067,,0,,288729,,59067
2021-02-14 15:00:00,age65plus,3523.0,292252,880.0,59947,,0,,292252,,59947
2021-02-15 15:00:00,age65plus,6946.0,299198,6293.0,66240,,0,,299198,,66240
2021-02-16 15:00:00,age65plus,8932.0,308130,11022.0,77262,,0,,308130,,77262
2021-02-17 15:00:00,age65plus,10034.0,318164,13271.0,90533,,0,,318164,,90533
2021-02-18 15:00:00,age65plus,1499.0,319663,1893.0,92426,,0,,319663,,92426
2021-02-19 15:00:00,age65plus,5729.0,325392,9002.0,101428,,0,,325392,,101428
2021-02-20 15:00:00,age65plus,5464.0,330856,10357.0,111785,,0,,330856,,111785
2021-02-21 15:00:00,age65plus,3720.0,334576,4937.0,116722,,0,,334576,,116722
2021-02-22 15:00:00,age65plus,4497.0,339073,7732.0,124454,,0,,339073,,124454
2021-02-23 15:00:00,age65plus,8402.0,347475,9528.0,133982,,0,,347475,,133982
2021-02-24 15:00:00,age65plus,9180.0,356655,14711.0,148693,,0,,356655,,148693
2021-02-25 15:00:00,age65plus,11612.0,368267,15585.0,164278,,0,,368267,,164278
2021-02-26 15:00:00,age65plus,15352.0,383619,13907.0,178185,,0,,383619,,178185
2021-02-27 15:00:00,age65plus,7853.0,391472,6051.0,184236,,0,,391472,,184236
2021-02-28 15:00:00,age65plus,7826.0,399298,2672.0,186908,,0,,399298,,186908
2021-03-01 15:00:00,age65plus,12122.0,411420,7513.0,194421,,0,,411420,,194421
2021-03-02 15:00:00,age65plus,12394.0,423814,8044.0,202465,9.0,9,12403.0,423823,8053.0,202474
2021-03-03 15:00:00,age65plus,14472.0,438286,10173.0,212638,43.0,52,14515.0,438338,10216.0,212690
2021-03-04 15:00:00,age65plus,15673.0,453959,10800.0,223438,1707.0,1759,17380.0,455718,12507.0,225197
2021-03-05 15:00:00,age65plus,15213.0,469172,10343.0,233781,2689.0,4448,17902.0,473620,13032.0,238229
2021-03-06 15:00:00,age65plus,7950.0,477122,4450.0,238231,2148.0,6596,10098.0,483718,6598.0,244827
2021-03-07 15:00:00,age65plus,5754.0,482876,2426.0,240657,2144.0,8740,7898.0,491616,4570.0,249397
2021-03-08 15:00:00,age65plus,13042.0,495918,4481.0,245138,3469.0,12209,16511.0,508127,7950.0,257347
2021-03-09 15:00:00,age65plus,12383.0,508301,8618.0,253756,3582.0,15791,15965.0,524092,12200.0,269547
2021-03-10 15:00:00,age65plus,13690.0,521991,8091.0,261847,2549.0,18340,16239.0,540331,10640.0,280187
2021-03-11 15:00:00,age65plus,14136.0,536127,9477.0,271324,1816.0,20156,15952.0,556283,11293.0,291480
2021-03-12 15:00:00,age65plus,15203.0,551330,9155.0,280479,1209.0,21365,16412.0,572695,10364.0,301844
2021-03-13 15:00:00,age65plus,7222.0,558552,5389.0,285868,492.0,21857,7714.0,580409,5881.0,307725
2021-03-14 15:00:00,age65plus,4726.0,563278,3564.0,289432,251.0,22108,4977.0,585386,3815.0,311540
2021-03-15 15:00:00,age65plus,8367.0,571645,6435.0,295867,196.0,22304,8563.0,593949,6631.0,318171
2021-03-16 15:00:00,age65plus,10716.0,582361,7523.0,303390,360.0,22664,11076.0,605025,7883.0,326054
2021-03-17 15:00:00,age65plus,12913.0,595274,9386.0,312776,276.0,22940,13189.0,618214,9662.0,335716
2021-03-18 15:00:00,age65plus,11752.0,607026,6416.0,319192,357.0,23297,12109.0,630323,6773.0,342489
2021-03-19 15:00:00,age65plus,11033.0,618059,9005.0,328197,284.0,23581,11317.0,641640,9289.0,351778
2021-03-20 15:00:00,age65plus,4918.0,622977,4756.0,332953,152.0,23733,5070.0,646710,4908.0,356686
2021-03-21 15:00:00,age65plus,3169.0,626146,3913.0,336866,63.0,23796,3232.0,649942,3976.0,360662
2021-03-22 15:00:00,age65plus,6424.0,632570,5814.0,342680,218.0,24014,6642.0,656584,6032.0,366694
2021-03-23 15:00:00,age65plus,7227.0,639797,8644.0,351324,482.0,24496,7709.0,664293,9126.0,375820
2021-03-24 15:00:00,age65plus,7267.0,647064,10260.0,361584,395.0,24891,7662.0,671955,10655.0,386475
2021-03-25 15:00:00,age65plus,6141.0,653205,10952.0,372536,549.0,25440,6690.0,678645,11501.0,397976
2021-03-26 15:00:00,age65plus,5438.0,658643,13848.0,386384,446.0,25886,5884.0,684529,14294.0,412270
2021-03-27 15:00:00,age65plus,4049.0,662692,8922.0,395306,317.0,26203,4366.0,688895,9239.0,421509
2021-03-28 15:00:00,age65plus,1558.0,664250,6727.0,402033,76.0,26279,1634.0,690529,6803.0,428312
2021-03-29 15:00:00,age65plus,3200.0,667450,12567.0,414600,273.0,26552,3473.0,694002,12840.0,441152
2021-03-30 15:00:00,age65plus,4015.0,671465,14730.0,429330,432.0,26984,4447.0,698449,15162.0,456314
2021-03-31 15:00:00,age65plus,5042.0,676507,17122.0,446452,752.0,27736,5794.0,704243,17874.0,474188
2021-04-01 15:00:00,age65plus,4108.0,680615,17359.0,463811,802.0,28538,4910.0,709153,18161.0,492349
2021-04-02 15:00:00,age65plus,4154.0,684769,14898.0,478709,680.0,29218,4834.0,713987,15578.0,507927
2021-04-03 15:00:00,age65plus,2007.0,686776,7380.0,486089,420.0,29638,2427.0,716414,7800.0,515727
2021-04-04 15:00:00,age65plus,578.0,687354,3082.0,489171,101.0,29739,679.0,717093,3183.0,518910
2021-04-05 15:00:00,age65plus,2313.0,689667,11500.0,500671,907.0,30646,3220.0,720313,12407.0,531317
2021-04-06 15:00:00,age65plus,3319.0,692986,10783.0,511454,1382.0,32028,4701.0,725014,12165.0,543482
2021-04-07 15:00:00,age65plus,3159.0,696145,12616.0,524070,1461.0,33489,4620.0,729634,14077.0,557559
2021-04-08 15:00:00,age65plus,3577.0,699722,12164.0,536234,1841.0,35330,5418.0,735052,14005.0,571564
2021-04-09 15:00:00,age65plus,2791.0,702513,13116.0,549350,1575.0,36905,4366.0,739418,14691.0,586255
2021-04-10 15:00:00,age65plus,1360.0,703873,5069.0,554419,737.0,37642,2097.0,741515,5806.0,592061
2021-04-11 15:00:00,age65plus,852.0,704725,2463.0,556882,531.0,38173,1383.0,742898,2994.0,595055
2021-04-12 15:00:00,age65plus,1767.0,706492,7754.0,564636,1030.0,39203,2797.0,745695,8784.0,603839
2021-04-13 15:00:00,age65plus,2762.0,709254,9969.0,574605,15.0,39218,2777.0,748472,9984.0,613823
2021-04-14 15:00:00,age65plus,2587.0,711841,10152.0,584757,30.0,39248,2617.0,751089,10182.0,624005
2021-04-15 15:00:00,age65plus,2603.0,714444,9661.0,594418,16.0,39264,2619.0,753708,9677.0,633682
2021-04-16 15:00:00,age65plus,2574.0,717018,8861.0,603279,2.0,39266,2576.0,756284,8863.0,642545
2021-04-17 15:00:00,age65plus,1493.0,718511,3932.0,607211,,39266,,757777,,646477
2021-04-18 15:00:00,age65plus,913.0,719424,1680.0,608891,,39266,,758690,,648157
2021-04-19 15:00:00,age65plus,1853.0,721277,4500.0,613391,16.0,39282,1869.0,760559,4516.0,652673
2021-04-20 15:00:00,age65plus,2154.0,723431,6220.0,619611,17.0,39299,2171.0,762730,6237.0,658910
2021-04-21 15:00:00,age65plus,2295.0,725726,6208.0,625819,5.0,39304,2300.0,765030,6213.0,665123
2021-04-22 15:00:00,age65plus,2422.0,728148,5471.0,631290,1.0,39305,2423.0,767453,5472.0,670595
2021-04-23 15:00:00,age65plus,2160.0,730308,5636.0,636926,,39305,,769613,,676231
2021-04-24 15:00:00,age65plus,1535.0,731843,2513.0,639439,7.0,39312,1542.0,771155,2520.0,678751
2021-04-25 15:00:00,age65plus,1028.0,732871,632.0,640071,6.0,39318,1034.0,772189,638.0,679389
2021-04-26 15:00:00,age65plus,1906.0,734777,2799.0,642870,34.0,39352,1940.0,774129,2833.0,682222
2021-04-27 15:00:00,age65plus,2276.0,737053,2941.0,645811,148.0,39500,2424.0,776553,3089.0,685311
2021-04-28 15:00:00,age65plus,2220.0,739273,3858.0,649669,186.0,39686,2406.0,778959,4044.0,689355
2021-04-29 15:00:00,age65plus,2138.0,741411,3281.0,652950,224.0,39910,2362.0,781321,3505.0,692860
2021-04-30 15:00:00,age65plus,2062.0,743473,2615.0,655565,241.0,40151,2303.0,783624,2856.0,695716
2021-05-01 15:00:00,age65plus,1179.0,744652,1275.0,656840,112.0,40263,1291.0,784915,1387.0,697103
2021-05-02 15:00:00,age65plus,556.0,745208,674.0,657514,83.0,40346,639.0,785554,757.0,697860
2021-05-03 15:00:00,age65plus,1096.0,746304,1912.0,659426,242.0,40588,1338.0,786892,2154.0,700014
2021-05-04 15:00:00,age65plus,1316.0,747620,2572.0,661998,290.0,40878,1606.0,788498,2862.0,702876
2021-05-05 15:00:00,age65plus,1465.0,749085,2572.0,664570,281.0,41159,1746.0,790244,2853.0,705729
2021-05-06 15:00:00,age65plus,1621.0,750706,2815.0,667385,242.0,41401,1863.0,792107,3057.0,708786
2021-05-07 15:00:00,age65plus,1293.0,751999,2172.0,669557,332.0,41733,1625.0,793732,2504.0,711290
2021-05-08 15:00:00,age65plus,645.0,752644,1469.0,671026,132.0,41865,777.0,794509,1601.0,712891
2021-05-09 15:00:00,age65plus,285.0,752929,486.0,671512,85.0,41950,370.0,794879,571.0,713462
2021-05-10 15:00:00,age65plus,743.0,753672,1828.0,673340,176.0,42126,919.0,795798,2004.0,715466
2021-05-11 15:00:00,age65plus,998.0,754670,1838.0,675178,207.0,42333,1205.0,797003,2045.0,717511
2021-05-12 15:00:00,age65plus,1066.0,755736,2379.0,677557,242.0,42575,1308.0,798311,2621.0,720132
2021-05-13 15:00:00,age65plus,1015.0,756751,2172.0,679729,218.0,42793,1233.0,799544,2390.0,722522
2021-05-14 15:00:00,age65plus,1085.0,757836,1984.0,681713,258.0,43051,1343.0,800887,2242.0,724764
2021-05-15 15:00:00,age65plus,638.0,758474,1320.0,683033,145.0,43196,783.0,801670,1465.0,726229
2021-05-16 15:00:00,age65plus,302.0,758776,934.0,683967,95.0,43291,397.0,802067,1029.0,727258
2021-05-17 15:00:00,age65plus,834.0,759610,1737.0,685704,228.0,43519,1062.0,803129,1965.0,729223
2021-05-18 15:00:00,age65plus,1072.0,760682,2335.0,688039,232.0,43751,1304.0,804433,2567.0,731790
2021-05-19 15:00:00,age65plus,998.0,761680,2130.0,690169,171.0,43922,1169.0,805602,2301.0,734091
2021-05-20 15:00:00,age65plus,1001.0,762681,2091.0,692260,233.0,44155,1234.0,806836,2324.0,736415
2021-05-21 15:00:00,age65plus,878.0,763559,1872.0,694132,190.0,44345,1068.0,807904,2062.0,738477
2021-05-22 15:00:00,age65plus,458.0,764017,932.0,695064,97.0,44442,555.0,808459,1029.0,739506
2021-05-23 15:00:00,age65plus,187.0,764204,448.0,695512,59.0,44501,246.0,808705,507.0,740013
2021-05-24 15:00:00,age65plus,733.0,764937,1297.0,696809,158.0,44659,891.0,809596,1455.0,741468
2021-05-25 15:00:00,age65plus,515.0,765452,1168.0,697977,119.0,44778,634.0,810230,1287.0,742755
2021-05-26 15:00:00,age65plus,214.0,765666,562.0,698539,53.0,44831,267.0,810497,615.0,743370
