ReportDate,FirstDose_AdminDaily,FirstDose_AdminCum,FirstDose_AdminSevenDayAvg,SecDose_AdminDaily,SecDose_AdminCum,SecDose_AdminSevenDayAvg,SingleDose_AdminDaily,SingleDose_AdminCum,SingleDose_AdminSevenDayAvg,Total_AdminDaily,Total_AdminCum,Total_AdminSevenDayAvg
2022-02-18 15:00:00,17308.0,4694067.0,4212.0,13433.0,4129469.0,4238.0,486.0,334240.0,137.0,31227,9157776,8587
2022-02-17 15:00:00,2533.0,4676759.0,2096.0,3005.0,4116036.0,2839.0,49.0,333754.0,82.0,5587,9126549,5018
2022-02-16 15:00:00,2442.0,4674226.0,2044.0,2902.0,4113031.0,2861.0,91.0,333705.0,84.0,5435,9120962,4989
2022-02-15 15:00:00,2019.0,4671784.0,2087.0,3154.0,4110129.0,2977.0,57.0,333614.0,93.0,5230,9115527,5157
2022-02-14 15:00:00,1983.0,4669765.0,2160.0,2949.0,4106975.0,3021.0,68.0,333557.0,95.0,5000,9110297,5275
2022-02-13 15:00:00,1210.0,4667782.0,2228.0,1551.0,4104026.0,3172.0,29.0,333489.0,97.0,2790,9105297,5496
2022-02-12 15:00:00,1987.0,4666572.0,2266.0,2671.0,4102475.0,3200.0,180.0,333460.0,98.0,4838,9102507,5564
2022-02-11 15:00:00,2496.0,4664585.0,2307.0,3644.0,4099804.0,3289.0,103.0,333280.0,97.0,6243,9097669,5693
2022-02-10 15:00:00,2173.0,4662089.0,2378.0,3157.0,4096160.0,3391.0,58.0,333177.0,92.0,5388,9091426,5861
2022-02-09 15:00:00,2738.0,4659916.0,2540.0,3716.0,4093003.0,3535.0,158.0,333119.0,92.0,6612,9086038,6168
2022-02-08 15:00:00,2530.0,4657178.0,2624.0,3460.0,4089287.0,3582.0,66.0,332961.0,88.0,6056,9079426,6294
2022-02-07 15:00:00,2462.0,4654648.0,2756.0,4002.0,4085827.0,3623.0,83.0,332895.0,96.0,6547,9073370,6475
2022-02-06 15:00:00,1477.0,4652186.0,2837.0,1747.0,4081825.0,3513.0,38.0,332812.0,94.0,3262,9066823,6444
2022-02-05 15:00:00,2272.0,4650709.0,2890.0,3296.0,4080078.0,3479.0,175.0,332774.0,94.0,5743,9063561,6463
2022-02-04 15:00:00,2992.0,4648437.0,2961.0,4360.0,4076782.0,3405.0,64.0,332599.0,87.0,7416,9057818,6452
2022-02-03 15:00:00,3312.0,4645445.0,3136.0,4165.0,4072422.0,3336.0,60.0,332535.0,93.0,7537,9050402,6565
2022-02-02 15:00:00,3320.0,4642133.0,3311.0,4047.0,4068257.0,3402.0,132.0,332475.0,113.0,7499,9042865,6826
2022-02-01 15:00:00,3457.0,4638813.0,3531.0,3745.0,4064210.0,3507.0,118.0,332343.0,110.0,7320,9035366,7147
2022-01-31 15:00:00,3032.0,4635356.0,3687.0,3229.0,4060465.0,3505.0,69.0,332225.0,113.0,6330,9028046,7306
2022-01-30 15:00:00,1845.0,4632324.0,3827.0,1514.0,4057236.0,3487.0,37.0,332156.0,116.0,3396,9021716,7430
2022-01-29 15:00:00,2767.0,4630479.0,3925.0,2772.0,4055722.0,3467.0,130.0,332119.0,123.0,5669,9018320,7515
2022-01-28 15:00:00,4218.0,4627712.0,4084.0,3880.0,4052950.0,3383.0,107.0,331989.0,123.0,8205,9012651,7590
2022-01-27 15:00:00,4536.0,4623494.0,4338.0,4627.0,4049070.0,3405.0,199.0,331882.0,140.0,9362,9004446,7882
2022-01-26 15:00:00,4859.0,4618958.0,4493.0,4779.0,4044443.0,3445.0,110.0,331683.0,129.0,9748,8995084,8066
2022-01-25 15:00:00,4555.0,4614099.0,4667.0,3737.0,4039664.0,3448.0,139.0,331573.0,129.0,8431,8985336,8244
2022-01-24 15:00:00,4011.0,4609544.0,4803.0,3100.0,4035927.0,3511.0,89.0,331434.0,131.0,7200,8976905,8446
2022-01-23 15:00:00,2528.0,4605533.0,4742.0,1371.0,4032827.0,3409.0,88.0,331345.0,131.0,3987,8969705,8282
2022-01-22 15:00:00,3881.0,4603005.0,4849.0,2187.0,4031456.0,3433.0,129.0,331257.0,138.0,6197,8965718,8420
2022-01-21 15:00:00,5995.0,4599124.0,5047.0,4033.0,4029269.0,3445.0,224.0,331128.0,131.0,10252,8959521,8623
2022-01-20 15:00:00,5621.0,4593129.0,5228.0,4905.0,4025236.0,3463.0,124.0,330904.0,140.0,10650,8949269,8830
2022-01-19 15:00:00,6076.0,4587508.0,5687.0,4803.0,4020331.0,4945.0,111.0,330780.0,156.0,10990,8938619,10788
2022-01-18 15:00:00,5510.0,4581432.0,6634.0,4181.0,4015528.0,5868.0,155.0,330669.0,197.0,9846,8927629,12699
2022-01-17 15:00:00,3583.0,4575922.0,6903.0,2383.0,4011347.0,5962.0,88.0,330514.0,198.0,6054,8917783,13063
2022-01-16 15:00:00,3277.0,4572339.0,7198.0,1537.0,4008964.0,6181.0,136.0,330426.0,206.0,4950,8911729,13586
2022-01-15 15:00:00,5266.0,4569062.0,7204.0,2273.0,4007427.0,6309.0,77.0,330290.0,212.0,7616,8906779,13726
2022-01-14 15:00:00,7262.0,4563796.0,7173.0,4156.0,4005154.0,6561.0,289.0,330213.0,214.0,11707,8899163,13947
2022-01-13 15:00:00,8835.0,4556534.0,7053.0,15283.0,4000998.0,6572.0,237.0,329924.0,197.0,24355,8887456,13822
2022-01-12 15:00:00,12706.0,4547699.0,6701.0,11265.0,3985715.0,5040.0,394.0,329687.0,201.0,24365,8863101,11941
2022-01-11 15:00:00,7389.0,4534993.0,5813.0,4839.0,3974450.0,4039.0,167.0,329293.0,167.0,12395,8838736,10019
2022-01-10 15:00:00,5651.0,4527604.0,5467.0,3916.0,3969611.0,3798.0,145.0,329126.0,167.0,9712,8826341,9432
2022-01-09 15:00:00,3322.0,4521953.0,5113.0,2433.0,3965695.0,3551.0,174.0,328981.0,179.0,5929,8816629,8843
2022-01-08 15:00:00,5043.0,4518631.0,4873.0,4032.0,3963262.0,3360.0,93.0,328807.0,160.0,9168,8810700,8394
2022-01-07 15:00:00,6427.0,4513588.0,4381.0,4235.0,3959230.0,2943.0,171.0,328714.0,154.0,10833,8801532,7478
2022-01-06 15:00:00,6368.0,4507161.0,4096.0,4557.0,3954995.0,2668.0,263.0,328543.0,146.0,11188,8790699,6910
2022-01-05 15:00:00,6489.0,4500793.0,4272.0,4263.0,3950438.0,2559.0,155.0,328280.0,149.0,10907,8779511,6980
2022-01-04 15:00:00,4968.0,4494304.0,4511.0,3151.0,3946175.0,2526.0,166.0,328125.0,152.0,8285,8768604,7189
2022-01-03 15:00:00,3174.0,4489336.0,4861.0,2185.0,3943024.0,2654.0,234.0,327959.0,150.0,5593,8760319,7665
2022-01-02 15:00:00,1644.0,4486162.0,5169.0,1098.0,3940839.0,2842.0,40.0,327725.0,158.0,2782,8754726,8169
2022-01-01 15:00:00,1597.0,4484518.0,5144.0,1115.0,3939741.0,2807.0,48.0,327685.0,156.0,2760,8751944,8107
2021-12-31 15:00:00,4430.0,4482921.0,5002.0,2309.0,3938626.0,2706.0,113.0,327637.0,151.0,6852,8749184,7859
2021-12-30 15:00:00,7603.0,4478491.0,5028.0,3789.0,3936317.0,2680.0,289.0,327524.0,146.0,11681,8742332,7854
2021-12-29 15:00:00,8163.0,4470888.0,5141.0,4036.0,3932528.0,2690.0,173.0,327235.0,159.0,12372,8730651,7989
2021-12-28 15:00:00,7416.0,4462725.0,5199.0,4046.0,3928492.0,2721.0,156.0,327062.0,164.0,11618,8718279,8084
2021-12-27 15:00:00,5330.0,4455309.0,5322.0,3502.0,3924446.0,2694.0,284.0,326906.0,165.0,9116,8706661,8181
2021-12-26 15:00:00,1469.0,4449979.0,6009.0,855.0,3920944.0,3260.0,29.0,326622.0,145.0,2353,8697545,9414
2021-12-25 15:00:00,602.0,4448510.0,6318.0,402.0,3920089.0,3388.0,15.0,326593.0,149.0,1019,8695192,9855
2021-12-24 15:00:00,4614.0,4447908.0,7057.0,2132.0,3919687.0,3797.0,74.0,326578.0,191.0,6820,8694173,11045
2021-12-23 15:00:00,8391.0,4443294.0,7500.0,3854.0,3917555.0,3975.0,380.0,326504.0,210.0,12625,8687353,11686
2021-12-22 15:00:00,8573.0,4434903.0,7370.0,4255.0,3913701.0,4097.0,207.0,326124.0,219.0,13035,8674728,11686
2021-12-21 15:00:00,8276.0,4426330.0,7025.0,3861.0,3909446.0,4233.0,165.0,325917.0,226.0,12302,8661693,11484
2021-12-20 15:00:00,10138.0,4418054.0,6778.0,7461.0,3905585.0,4532.0,148.0,325752.0,229.0,17747,8649391,11540
2021-12-19 15:00:00,3632.0,4407916.0,6079.0,1753.0,3898124.0,4347.0,52.0,325604.0,235.0,5437,8631644,10662
2021-12-18 15:00:00,5774.0,4404284.0,6105.0,3260.0,3896371.0,4608.0,314.0,325552.0,240.0,9348,8626207,10952
2021-12-17 15:00:00,7719.0,4398510.0,6041.0,3381.0,3893111.0,5104.0,206.0,325238.0,246.0,11306,8616859,11390
2021-12-16 15:00:00,7480.0,4390791.0,6017.0,4709.0,3889730.0,5630.0,441.0,325032.0,254.0,12630,8605553,11901
2021-12-15 15:00:00,6155.0,4383311.0,5901.0,5207.0,3885021.0,6023.0,257.0,324591.0,260.0,11619,8592923,12184
2021-12-14 15:00:00,6549.0,4377156.0,5983.0,5956.0,3879814.0,6284.0,186.0,324334.0,268.0,12691,8581304,12534
2021-12-13 15:00:00,5246.0,4370607.0,6102.0,6165.0,3873858.0,6569.0,192.0,324148.0,277.0,11603,8568613,12948
2021-12-12 15:00:00,3812.0,4365361.0,6137.0,3577.0,3867693.0,6585.0,81.0,323956.0,283.0,7470,8557010,13005
2021-12-11 15:00:00,5323.0,4361549.0,6062.0,6733.0,3864116.0,6567.0,357.0,323875.0,282.0,12413,8549540,12912
2021-12-10 15:00:00,7557.0,4356226.0,6241.0,7065.0,3857383.0,7020.0,262.0,323518.0,303.0,14884,8537127,13564
2021-12-09 15:00:00,6666.0,4348669.0,6353.0,7457.0,3850318.0,7548.0,485.0,323256.0,301.0,14608,8522243,14202
2021-12-08 15:00:00,6726.0,4342003.0,6484.0,7032.0,3842861.0,7837.0,313.0,322771.0,302.0,14071,8507635,14623
2021-12-07 15:00:00,7382.0,4335277.0,6355.0,7952.0,3835829.0,8065.0,251.0,322458.0,299.0,15585,8493564,14720
2021-12-06 15:00:00,5495.0,4327895.0,6264.0,6281.0,3827877.0,8228.0,230.0,322207.0,294.0,12006,8477979,14786
2021-12-05 15:00:00,3284.0,4322400.0,6317.0,3451.0,3821596.0,8107.0,79.0,321977.0,324.0,6814,8465973,14747
2021-12-04 15:00:00,6579.0,4319116.0,6174.0,9905.0,3818145.0,8612.0,499.0,321898.0,324.0,16983,8459159,15110
2021-12-03 15:00:00,8340.0,4312537.0,5792.0,10756.0,3808240.0,7669.0,253.0,321399.0,272.0,19349,8442176,13733
2021-12-02 15:00:00,7579.0,4304197.0,5111.0,9484.0,3797484.0,6483.0,492.0,321146.0,258.0,17555,8422827,11852
2021-12-01 15:00:00,5827.0,4296618.0,4584.0,8626.0,3788000.0,5280.0,292.0,320654.0,197.0,14745,8405272,10060
2021-11-30 15:00:00,6745.0,4290791.0,5021.0,9091.0,3779374.0,4469.0,215.0,320362.0,190.0,16051,8390527,9680
2021-11-29 15:00:00,5862.0,4284046.0,5526.0,5438.0,3770283.0,3622.0,435.0,320147.0,203.0,11735,8374476,9351
2021-11-28 15:00:00,2286.0,4278184.0,6007.0,6983.0,3764845.0,3182.0,81.0,319712.0,185.0,9350,8362741,9374
2021-11-27 15:00:00,3904.0,4275898.0,6452.0,3308.0,3757862.0,2397.0,135.0,319631.0,195.0,7347,8353391,9045
2021-11-26 15:00:00,3573.0,4271994.0,7474.0,2450.0,3754554.0,2261.0,157.0,319496.0,245.0,6180,8346044,9979
2021-11-25 15:00:00,3889.0,4268421.0,8363.0,1061.0,3752104.0,2378.0,64.0,319339.0,278.0,5014,8339864,11019
2021-11-24 15:00:00,8885.0,4264532.0,9197.0,2955.0,3751043.0,2691.0,242.0,319275.0,347.0,12082,8334850,12236
2021-11-23 15:00:00,10280.0,4255647.0,9279.0,3157.0,3748088.0,2734.0,310.0,319033.0,352.0,13747,8322768,12365
2021-11-22 15:00:00,9230.0,4245367.0,9091.0,2361.0,3744931.0,2724.0,308.0,318723.0,340.0,11899,8309021,12155
2021-11-21 15:00:00,5404.0,4236137.0,8935.0,1488.0,3742570.0,2717.0,151.0,318415.0,327.0,7043,8297122,11979
2021-11-20 15:00:00,11054.0,4230733.0,8805.0,2355.0,3741082.0,2709.0,480.0,318264.0,325.0,13889,8290079,11838
2021-11-19 15:00:00,9799.0,4219679.0,8701.0,3268.0,3738727.0,2728.0,392.0,317784.0,313.0,13459,8276190,11742
2021-11-18 15:00:00,9727.0,4209880.0,9234.0,3255.0,3735459.0,2981.0,548.0,317392.0,338.0,13530,8262731,12553
2021-11-17 15:00:00,9457.0,4200153.0,9246.0,3257.0,3732204.0,2919.0,277.0,316844.0,305.0,12991,8249201,12470
2021-11-16 15:00:00,8964.0,4190696.0,9718.0,3087.0,3728947.0,3186.0,226.0,316567.0,312.0,12277,8236210,13216
2021-11-15 15:00:00,8138.0,4181732.0,10555.0,2311.0,3725860.0,3722.0,213.0,316341.0,314.0,10662,8223933,14591
2021-11-14 15:00:00,4494.0,4173594.0,12415.0,1429.0,3723549.0,3843.0,136.0,316128.0,342.0,6059,8213271,16600
2021-11-13 15:00:00,10331.0,4169100.0,11995.0,2489.0,3722120.0,3884.0,399.0,315992.0,342.0,13219,8207212,16220
2021-11-12 15:00:00,13529.0,4158769.0,11255.0,5042.0,3719631.0,4436.0,564.0,315593.0,346.0,19135,8193993,16036
2021-11-11 15:00:00,9809.0,4145240.0,10072.0,2819.0,3714589.0,4703.0,318.0,315029.0,316.0,12946,8174858,9445
2021-11-10 15:00:00,12759.0,4135431.0,9232.0,5128.0,3751296.0,4768.0,327.0,314711.0,357.0,18214,8201438,14356
2021-11-09 15:00:00,14826.0,4122672.0,5006.0,6837.0,3746168.0,1848.0,242.0,314384.0,137.0,21905,8183224,6991
2021-11-08 15:00:00,21155.0,4107846.0,3638.0,3157.0,3739331.0,1824.0,410.0,314142.0,159.0,24722,8161319,5621
2021-11-07 15:00:00,1554.0,4086691.0,1174.0,1714.0,3736174.0,2060.0,132.0,313732.0,143.0,3400,8136597,3376
2021-11-06 15:00:00,5151.0,4085137.0,1324.0,6354.0,3734460.0,2290.0,428.0,313600.0,150.0,11933,8133197,3763
2021-11-05 15:00:00,5251.0,4079986.0,1144.0,6914.0,3728106.0,2074.0,356.0,313172.0,151.0,12521,8121264,3369
2021-11-04 15:00:00,3925.0,4074735.0,1152.0,3270.0,3721192.0,2056.0,605.0,312816.0,165.0,7800,8108743,3374
2021-11-03 15:00:00,-16818.0,4070810.0,1277.0,-15313.0,3717922.0,2459.0,-1212.0,312211.0,151.0,-33343,8100943,3887
2021-11-02 15:00:00,5250.0,4087628.0,4420.0,6672.0,3733235.0,5138.0,394.0,313423.0,385.0,12316,8134286,9942
2021-11-01 15:00:00,3902.0,4082378.0,4551.0,4806.0,3726563.0,5266.0,300.0,313029.0,378.0,9008,8121970,10196
2021-10-31 15:00:00,2606.0,4078476.0,4516.0,3324.0,3721757.0,5214.0,178.0,312729.0,384.0,6108,8112962,10113
2021-10-30 15:00:00,3893.0,4075870.0,4512.0,4843.0,3718433.0,5154.0,439.0,312551.0,378.0,9175,8106854,10044
2021-10-29 15:00:00,5308.0,4071977.0,3197.0,6793.0,3713590.0,4881.0,453.0,312112.0,364.0,12554,8097679,9557
2021-10-28 15:00:00,4799.0,4066669.0,4185.0,6086.0,3706797.0,4602.0,508.0,311659.0,372.0,11393,8085125,9159
2021-10-27 15:00:00,5180.0,4061870.0,4032.0,3441.0,3700711.0,4259.0,421.0,311151.0,338.0,9042,8073732,8630
2021-10-26 15:00:00,6169.0,4056690.0,3941.0,7572.0,3697270.0,4376.0,348.0,310730.0,333.0,14089,8064690,8650
2021-10-25 15:00:00,3654.0,4050521.0,3806.0,4437.0,3689698.0,3978.0,342.0,310382.0,311.0,8433,8050601,8095
2021-10-24 15:00:00,2580.0,4046867.0,3864.0,2904.0,3685261.0,3882.0,137.0,310040.0,294.0,5621,8042168,8040
2021-10-23 15:00:00,2501.0,4044287.0,3776.0,2931.0,3682357.0,3748.0,337.0,309903.0,279.0,5769,8036547,7803
2021-10-22 15:00:00,4411.0,4041786.0,3671.0,4846.0,3679426.0,3781.0,511.0,309566.0,268.0,9768,8030778,7721
2021-10-21 15:00:00,3731.0,4037375.0,3767.0,3685.0,3674580.0,3800.0,269.0,309055.0,226.0,7685,8021010,7793
2021-10-20 15:00:00,4542.0,4033644.0,4030.0,4256.0,3670895.0,4109.0,386.0,308786.0,250.0,9184,8013325,8389
2021-10-19 15:00:00,5223.0,4029102.0,3943.0,4786.0,3666639.0,4034.0,196.0,308400.0,244.0,10205,8004141,8220
2021-10-18 15:00:00,4062.0,4023879.0,3922.0,3768.0,3661853.0,3934.0,220.0,308204.0,261.0,8050,7993936,8116
2021-10-17 15:00:00,1960.0,4019817.0,3738.0,1966.0,3658085.0,3727.0,31.0,307984.0,255.0,3957,7985886,7719
2021-10-16 15:00:00,1770.0,4017857.0,3643.0,3162.0,3656119.0,3640.0,263.0,307953.0,262.0,5195,7981929,7545
2021-10-15 15:00:00,5081.0,4016087.0,3899.0,4975.0,3652957.0,3658.0,218.0,307690.0,267.0,10274,7976734,7824
2021-10-14 15:00:00,5569.0,4011006.0,3791.0,5850.0,3647982.0,3467.0,439.0,307472.0,272.0,11858,7966460,7530
2021-10-13 15:00:00,3936.0,4005437.0,3637.0,3728.0,3642132.0,3158.0,339.0,307033.0,254.0,8003,7954602,7049
2021-10-12 15:00:00,5074.0,4001501.0,3887.0,4088.0,3638404.0,3384.0,316.0,306694.0,240.0,9478,7946599,7511
2021-10-11 15:00:00,2777.0,3996427.0,3628.0,2317.0,3634316.0,3174.0,177.0,306378.0,239.0,5271,7937121,7040
2021-10-10 15:00:00,1291.0,3993650.0,3835.0,1360.0,3631999.0,3388.0,82.0,306201.0,261.0,2733,7931850,7484
2021-10-09 15:00:00,3563.0,3992359.0,4010.0,3291.0,3630639.0,3555.0,299.0,306119.0,264.0,7153,7929117,7830
2021-10-08 15:00:00,4330.0,3988796.0,2883.0,3632.0,3627348.0,2566.0,252.0,305820.0,186.0,8214,7921964,5634
2021-10-07 15:00:00,4488.0,3984466.0,4869.0,3692.0,3623716.0,4457.0,311.0,305568.0,327.0,8491,7913750,9653
2021-10-06 15:00:00,5684.0,3979978.0,4572.0,5309.0,3620024.0,4290.0,246.0,305257.0,395.0,11239,7905259,9257
2021-10-05 15:00:00,3263.0,3974294.0,4296.0,2614.0,3614715.0,4084.0,304.0,305011.0,497.0,6181,7894020,8878
2021-10-04 15:00:00,4227.0,3971031.0,4362.0,3816.0,3612101.0,4151.0,336.0,304707.0,496.0,8379,7887839,9009
2021-10-03 15:00:00,2517.0,3966804.0,4310.0,2532.0,3608285.0,4101.0,102.0,304371.0,511.0,5151,7879460,8923
2021-10-02 15:00:00,7003.0,3964287.0,4336.0,6630.0,3605753.0,4157.0,250.0,304269.0,555.0,13883,7874309,9048
2021-10-01 15:00:00,6899.0,3957284.0,3880.0,6608.0,3599123.0,3808.0,742.0,304019.0,572.0,14249,7860426,8261
2021-09-30 15:00:00,2413.0,3950385.0,3688.0,2521.0,3592515.0,3741.0,782.0,303277.0,523.0,5716,7846177,7952
2021-09-29 15:00:00,3750.0,3947972.0,4014.0,3870.0,3589994.0,4141.0,964.0,302495.0,490.0,8584,7840461,8645
2021-09-28 15:00:00,3728.0,3944222.0,4009.0,3079.0,3586124.0,4209.0,294.0,301531.0,418.0,7101,7831877,8637
2021-09-27 15:00:00,3863.0,3940494.0,4109.0,3470.0,3583045.0,4583.0,445.0,301237.0,428.0,7778,7824776,9120
2021-09-26 15:00:00,2696.0,3936631.0,3983.0,2919.0,3579575.0,4631.0,408.0,300792.0,424.0,6023,7816998,9038
2021-09-25 15:00:00,3810.0,3933935.0,4111.0,4191.0,3576656.0,4843.0,372.0,300384.0,380.0,8373,7810975,9334
2021-09-24 15:00:00,5557.0,3930125.0,4147.0,6134.0,3572465.0,4982.0,399.0,300012.0,353.0,12090,7802602,9482
2021-09-23 15:00:00,4693.0,3924568.0,4077.0,5326.0,3566331.0,4946.0,550.0,299613.0,340.0,10569,7790512,9364
2021-09-22 15:00:00,3718.0,3919875.0,4045.0,4347.0,3561005.0,4941.0,461.0,299063.0,308.0,8526,7779943,9294
2021-09-21 15:00:00,4423.0,3916157.0,4264.0,5694.0,3556658.0,5192.0,362.0,298602.0,298.0,10479,7771417,9755
2021-09-20 15:00:00,2983.0,3911734.0,4353.0,3805.0,3550964.0,5196.0,418.0,298240.0,312.0,7206,7760938,9861
2021-09-19 15:00:00,3595.0,3908751.0,4487.0,4401.0,3547159.0,5231.0,98.0,297822.0,301.0,8094,7753732,10019
2021-09-18 15:00:00,4059.0,3905156.0,4489.0,5166.0,3542758.0,5153.0,186.0,297724.0,358.0,9411,7745638,10000
2021-09-17 15:00:00,5070.0,3901097.0,4785.0,5886.0,3537592.0,5285.0,308.0,297538.0,621.0,11264,7736227,10690
2021-09-16 15:00:00,4469.0,3896027.0,4799.0,5287.0,3531706.0,5257.0,324.0,297230.0,622.0,10080,7724963,10677
2021-09-15 15:00:00,5250.0,3891558.0,4955.0,6106.0,3526419.0,5422.0,393.0,296906.0,627.0,11749,7714883,11003
2021-09-14 15:00:00,5047.0,3886308.0,4938.0,5721.0,3520313.0,5501.0,458.0,296513.0,907.0,11226,7703134,11346
2021-09-13 15:00:00,3917.0,3881261.0,4644.0,4049.0,3514592.0,5242.0,342.0,296055.0,878.0,8308,7691908,10763
2021-09-12 15:00:00,3609.0,3877344.0,4444.0,3855.0,3510543.0,5022.0,498.0,295713.0,841.0,7962,7683600,10308
2021-09-11 15:00:00,6134.0,3873735.0,4331.0,6089.0,3506688.0,4969.0,2021.0,295215.0,787.0,14244,7675638,10087
2021-09-10 15:00:00,5165.0,3867601.0,4174.0,5690.0,3500599.0,4908.0,318.0,293194.0,628.0,11173,7661394,9710
2021-09-09 15:00:00,5564.0,3862436.0,4268.0,6442.0,3494909.0,5013.0,356.0,292876.0,725.0,12362,7650221,10006
2021-09-08 15:00:00,5129.0,3856872.0,4271.0,6659.0,3488467.0,4970.0,2356.0,292520.0,774.0,14144,7637859,10016
2021-09-07 15:00:00,2987.0,3851743.0,4463.0,3908.0,3481808.0,5025.0,252.0,290164.0,564.0,7147,7623715,10052
2021-09-06 15:00:00,2520.0,3848756.0,5010.0,2512.0,3477900.0,5434.0,89.0,289912.0,677.0,5121,7616568,11121
2021-09-05 15:00:00,2818.0,3846236.0,5448.0,3483.0,3475388.0,5826.0,115.0,289823.0,812.0,6416,7611447,12085
2021-09-04 15:00:00,5037.0,3843418.0,5609.0,5659.0,3471905.0,5907.0,911.0,289708.0,884.0,11607,7605031,12400
2021-09-03 15:00:00,5824.0,3838381.0,5995.0,6428.0,3466246.0,6175.0,993.0,288797.0,798.0,13245,7593424,12967
2021-09-02 15:00:00,5585.0,3832557.0,6144.0,6144.0,3459818.0,6184.0,700.0,287804.0,697.0,12429,7580179,13025
2021-09-01 15:00:00,6470.0,3826972.0,6341.0,7041.0,3453674.0,6192.0,888.0,287104.0,660.0,14399,7567750,13192
2021-08-31 15:00:00,6816.0,3820502.0,6408.0,6773.0,3446633.0,6109.0,1043.0,286216.0,606.0,14632,7553351,13122
2021-08-30 15:00:00,5583.0,3813686.0,6438.0,5252.0,3439860.0,6080.0,1035.0,285173.0,519.0,11870,7538719,13037
2021-08-29 15:00:00,3948.0,3808103.0,6391.0,4051.0,3434608.0,6083.0,619.0,284138.0,431.0,8618,7526849,12905
2021-08-28 15:00:00,7737.0,3804155.0,6250.0,7534.0,3430557.0,5999.0,308.0,283519.0,357.0,15579,7518231,12607
2021-08-27 15:00:00,6867.0,3796418.0,5896.0,6495.0,3423023.0,5599.0,283.0,283211.0,340.0,13645,7502652,11835
2021-08-26 15:00:00,6964.0,3789551.0,5827.0,6197.0,3416528.0,5506.0,442.0,282928.0,357.0,13603,7489007,11690
2021-08-25 15:00:00,6939.0,3782587.0,5759.0,6460.0,3410331.0,5408.0,510.0,282486.0,353.0,13909,7475404,11520
2021-08-24 15:00:00,7025.0,3775648.0,5895.0,6569.0,3403871.0,5392.0,439.0,281976.0,295.0,14033,7461495,11641
2021-08-23 15:00:00,5257.0,3768623.0,5793.0,5278.0,3397302.0,5259.0,413.0,281537.0,232.0,10948,7447462,11395
2021-08-22 15:00:00,2963.0,3763366.0,5814.0,3461.0,3392024.0,5181.0,106.0,281124.0,337.0,6530,7436514,11332
2021-08-21 15:00:00,5260.0,3760403.0,5914.0,4730.0,3388563.0,5163.0,185.0,281018.0,342.0,10175,7429984,11419
2021-08-20 15:00:00,6383.0,3755143.0,5721.0,5847.0,3383833.0,4935.0,405.0,280833.0,339.0,12635,7419809,10994
2021-08-19 15:00:00,6485.0,3748760.0,5774.0,5514.0,3377986.0,4833.0,414.0,280428.0,333.0,12413,7407174,10939
2021-08-18 15:00:00,7893.0,3742275.0,6294.0,6345.0,3372472.0,4888.0,515.0,280014.0,339.0,14753,7394761,11520
2021-08-17 15:00:00,6312.0,3734382.0,6289.0,5640.0,3366127.0,4725.0,359.0,279499.0,327.0,12311,7380008,11341
2021-08-16 15:00:00,5400.0,3728070.0,6245.0,4729.0,3360487.0,4514.0,377.0,279140.0,332.0,10506,7367697,11091
2021-08-15 15:00:00,3664.0,3722670.0,6288.0,3336.0,3355758.0,4352.0,138.0,278763.0,333.0,7138,7357191,10973
2021-08-14 15:00:00,3907.0,3719006.0,6352.0,3133.0,3352422.0,4223.0,162.0,278625.0,335.0,7202,7350053,10910
2021-08-13 15:00:00,6758.0,3715099.0,6765.0,5131.0,3349289.0,4318.0,364.0,278463.0,346.0,12253,7342851,11429
2021-08-12 15:00:00,10121.0,3708341.0,6850.0,5903.0,3344158.0,4217.0,455.0,278099.0,382.0,16479,7330598,11448
2021-08-11 15:00:00,7862.0,3698220.0,6438.0,5204.0,3338255.0,4012.0,434.0,277644.0,380.0,13500,7314119,10831
2021-08-10 15:00:00,6006.0,3690358.0,6722.0,4164.0,3333051.0,4082.0,391.0,277210.0,468.0,10561,7300619,11272
2021-08-09 15:00:00,5698.0,3684352.0,6890.0,3592.0,3328887.0,4125.0,386.0,276819.0,470.0,9676,7290058,11485
2021-08-08 15:00:00,4111.0,3678654.0,6905.0,2435.0,3325295.0,4134.0,154.0,276433.0,473.0,6700,7280382,11512
2021-08-07 15:00:00,6800.0,3674543.0,7000.0,3795.0,3322860.0,4256.0,239.0,276279.0,480.0,10834,7273682,11736
2021-08-06 15:00:00,7349.0,3667743.0,6471.0,4425.0,3319065.0,3978.0,615.0,276040.0,483.0,12389,7262848,10931
2021-08-05 15:00:00,7242.0,3660394.0,6457.0,4471.0,3314640.0,4359.0,442.0,275425.0,466.0,12155,7250459,11282
2021-08-04 15:00:00,9850.0,3653152.0,6450.0,5689.0,3310169.0,4365.0,1050.0,274983.0,469.0,16589,7238304,11284
2021-08-03 15:00:00,7179.0,3643302.0,6032.0,4471.0,3304480.0,4207.0,405.0,273933.0,391.0,12055,7221715,10629
2021-08-02 15:00:00,5807.0,3636123.0,5953.0,3650.0,3300009.0,4399.0,405.0,273528.0,409.0,9862,7209660,10761
2021-08-01 15:00:00,4775.0,3630316.0,5825.0,3291.0,3296359.0,4276.0,205.0,273123.0,402.0,8271,7199798,10503
2021-07-31 15:00:00,3096.0,3625541.0,5711.0,1847.0,3293068.0,4162.0,256.0,272918.0,396.0,5199,7191527,10269
2021-07-30 15:00:00,7253.0,3622445.0,6060.0,7091.0,3291221.0,4428.0,496.0,272662.0,396.0,14840,7186328,10884
2021-07-29 15:00:00,7188.0,3615192.0,5948.0,4515.0,3284130.0,4126.0,468.0,272166.0,386.0,12171,7171488,10460
2021-07-28 15:00:00,6923.0,3608004.0,5748.0,4581.0,3279615.0,4184.0,499.0,271698.0,372.0,12003,7159317,10303
2021-07-27 15:00:00,6630.0,3601081.0,5617.0,5818.0,3275034.0,4301.0,532.0,271199.0,361.0,12980,7147314,10279
2021-07-26 15:00:00,4912.0,3594451.0,5510.0,2786.0,3269216.0,4521.0,360.0,270667.0,334.0,8058,7134334,10365
2021-07-25 15:00:00,3972.0,3589539.0,5421.0,2496.0,3266430.0,4767.0,164.0,270307.0,334.0,6632,7126276,10521
2021-07-24 15:00:00,5544.0,3585567.0,5271.0,3710.0,3263934.0,4804.0,253.0,270143.0,333.0,9507,7119644,10407
2021-07-23 15:00:00,6464.0,3580023.0,5154.0,4975.0,3260224.0,4941.0,428.0,269890.0,350.0,11867,7110137,10445
2021-07-22 15:00:00,5788.0,3573559.0,5085.0,4919.0,3255249.0,5006.0,369.0,269462.0,323.0,11076,7098270,10414
2021-07-21 15:00:00,6008.0,3567771.0,5311.0,5405.0,3250330.0,5365.0,419.0,269093.0,363.0,11832,7087194,11039
2021-07-20 15:00:00,5881.0,3561763.0,5131.0,7356.0,3244925.0,5342.0,348.0,268674.0,374.0,13585,7075362,10847
2021-07-19 15:00:00,4287.0,3555882.0,5055.0,4505.0,3237569.0,5213.0,355.0,268326.0,368.0,9147,7061777,10636
2021-07-18 15:00:00,2923.0,3551595.0,5038.0,2755.0,3233064.0,5291.0,156.0,267971.0,392.0,5834,7052630,10721
2021-07-17 15:00:00,4727.0,3548672.0,5078.0,4672.0,3230309.0,5341.0,373.0,267815.0,400.0,9772,7046796,10819
2021-07-16 15:00:00,5978.0,3543945.0,5008.0,5433.0,3225637.0,5339.0,242.0,267442.0,395.0,11653,7037024,10743
2021-07-15 15:00:00,7374.0,3537967.0,4901.0,7432.0,3220204.0,5466.0,646.0,267200.0,421.0,15452,7025371,10787
2021-07-14 15:00:00,4746.0,3530593.0,4537.0,5243.0,3212772.0,5423.0,498.0,266554.0,393.0,10487,7009919,10353
2021-07-13 15:00:00,5350.0,3525847.0,4542.0,6451.0,3207529.0,5674.0,308.0,266056.0,400.0,12109,6999432,10615
2021-07-12 15:00:00,4167.0,3520497.0,4481.0,5054.0,3201078.0,5643.0,519.0,265748.0,423.0,9740,6987323,10547
2021-07-11 15:00:00,3203.0,3516330.0,4094.0,3105.0,3196024.0,5192.0,213.0,265229.0,368.0,6521,6977583,9654
2021-07-10 15:00:00,4238.0,3513127.0,3967.0,4658.0,3192919.0,5102.0,340.0,265016.0,356.0,9236,6971062,9425
2021-07-09 15:00:00,5227.0,3508889.0,3984.0,6316.0,3188261.0,5319.0,422.0,264676.0,377.0,11965,6961826,9680
2021-07-08 15:00:00,4826.0,3503662.0,3979.0,7134.0,3181945.0,5291.0,453.0,264254.0,376.0,12413,6949861,9646
2021-07-07 15:00:00,4780.0,3498836.0,4213.0,7000.0,3174811.0,5721.0,543.0,263801.0,412.0,12323,6937448,10346
2021-07-06 15:00:00,4929.0,3494056.0,4343.0,6232.0,3167811.0,5821.0,473.0,263258.0,434.0,11634,6925125,10599
2021-07-05 15:00:00,1458.0,3489127.0,4488.0,1898.0,3161579.0,5963.0,131.0,262785.0,404.0,3487,6913491,10855
2021-07-04 15:00:00,2313.0,3487669.0,4850.0,2476.0,3159681.0,6505.0,127.0,262654.0,479.0,4916,6910004,11834
2021-07-03 15:00:00,4352.0,3485356.0,5061.0,6179.0,3157205.0,7106.0,488.0,262527.0,506.0,11019,6905088,12673
2021-07-02 15:00:00,5193.0,3481004.0,7949.0,6120.0,3151026.0,11150.0,417.0,262039.0,716.0,11730,6894069,19815
2021-07-01 15:00:00,6465.0,3475811.0,9047.0,10139.0,3144906.0,14058.0,707.0,261622.0,809.0,17311,6882339,23915
2021-06-30 15:00:00,5690.0,3469346.0,9048.0,7706.0,3134767.0,14187.0,698.0,260915.0,798.0,14094,6865028,24033
2021-06-29 15:00:00,5948.0,3463656.0,9579.0,7221.0,3127061.0,15184.0,257.0,260217.0,832.0,13426,6850934,25595
2021-06-28 15:00:00,3991.0,3457708.0,9691.0,5695.0,3119840.0,15461.0,659.0,259960.0,951.0,10345,6837508,26103
2021-06-27 15:00:00,3787.0,3453717.0,10139.0,6683.0,3114145.0,16563.0,318.0,259301.0,1031.0,10788,6827163,27734
2021-06-26 15:00:00,24569.0,3449930.0,9621.0,34489.0,3107462.0,15649.0,1954.0,258983.0,985.0,61012,6816375,26256
2021-06-25 15:00:00,12880.0,3425361.0,6135.0,26476.0,3072973.0,10771.0,1073.0,257029.0,706.0,40429,6755363,17612
2021-06-24 15:00:00,6472.0,3412481.0,5245.0,11038.0,3046497.0,8748.0,625.0,255956.0,659.0,18135,6714934,14652
2021-06-23 15:00:00,9408.0,3406009.0,5623.0,14685.0,3035459.0,9534.0,940.0,255331.0,670.0,25033,6696799,15826
2021-06-22 15:00:00,6730.0,3396601.0,5572.0,9161.0,3020774.0,10255.0,1091.0,254391.0,656.0,16982,6671766,16483
2021-06-21 15:00:00,7130.0,3389871.0,5770.0,13412.0,3011613.0,11567.0,1214.0,253300.0,642.0,21756,6654784,17978
2021-06-20 15:00:00,161.0,3382741.0,6479.0,284.0,2998201.0,12902.0,1.0,252086.0,704.0,446,6633028,20084
2021-06-19 15:00:00,166.0,3382580.0,6742.0,338.0,2997917.0,13704.0,1.0,252085.0,754.0,505,6632582,21200
2021-06-18 15:00:00,6651.0,3382414.0,7187.0,12316.0,2997579.0,15202.0,739.0,252084.0,818.0,19706,6632077,23207
2021-06-17 15:00:00,9113.0,3375763.0,7587.0,16539.0,2985263.0,16132.0,705.0,251345.0,857.0,26357,6612371,24575
2021-06-16 15:00:00,9052.0,3366650.0,8158.0,19738.0,2968724.0,18041.0,838.0,250640.0,915.0,29628,6586014,27114
2021-06-15 15:00:00,8119.0,3357598.0,9092.0,18339.0,2948986.0,19229.0,993.0,249802.0,981.0,27451,6556386,29302
2021-06-14 15:00:00,12089.0,3349479.0,9223.0,22760.0,2930647.0,19566.0,1649.0,248809.0,969.0,36498,6528935,29757
2021-06-13 15:00:00,2002.0,3337390.0,8353.0,5900.0,2907887.0,18224.0,350.0,247160.0,830.0,8252,6492437,27407
2021-06-12 15:00:00,3281.0,3335388.0,8774.0,10822.0,2901987.0,18713.0,455.0,246810.0,843.0,14558,6484185,28330
2021-06-11 15:00:00,9452.0,3332107.0,9470.0,18824.0,2891165.0,19989.0,1008.0,246355.0,887.0,29284,6469627,30346
2021-06-10 15:00:00,13113.0,3322655.0,9435.0,29903.0,2872341.0,20848.0,1112.0,245347.0,910.0,44128,6440343,31194
2021-06-09 15:00:00,15591.0,3309542.0,9186.0,28054.0,2842438.0,19171.0,1297.0,244235.0,901.0,44942,6396215,29257
2021-06-08 15:00:00,9030.0,3293951.0,8328.0,20699.0,2814384.0,17129.0,909.0,242938.0,840.0,30638,6351273,26296
2021-06-07 15:00:00,6001.0,3284921.0,8036.0,13367.0,2793685.0,16339.0,678.0,242029.0,834.0,20046,6320635,25209
2021-06-06 15:00:00,4950.0,3278920.0,7780.0,9321.0,2780318.0,15088.0,442.0,241351.0,822.0,14713,6300589,23690
2021-06-05 15:00:00,8153.0,3273970.0,7820.0,19758.0,2770997.0,14744.0,761.0,240909.0,862.0,28672,6285876,23426
2021-06-04 15:00:00,9210.0,3265817.0,8474.0,24837.0,2751239.0,14112.0,1170.0,240148.0,941.0,35217,6257204,23527
2021-06-03 15:00:00,11365.0,3256607.0,9949.0,18158.0,2726402.0,14844.0,1049.0,238978.0,1055.0,30572,6221987,25847
2021-06-02 15:00:00,9587.0,3245242.0,9848.0,13760.0,2708244.0,14669.0,868.0,237929.0,1041.0,24215,6191415,25557
2021-06-01 15:00:00,6985.0,3235655.0,10517.0,15170.0,2694484.0,16238.0,870.0,237061.0,1052.0,23025,6167200,27808
2021-05-31 15:00:00,4208.0,3228670.0,11762.0,4613.0,2679314.0,16778.0,592.0,236191.0,1157.0,9413,6144175,29697
2021-05-30 15:00:00,5233.0,3224462.0,12431.0,6913.0,2674701.0,17942.0,722.0,235599.0,1297.0,12868,6134762,31671
2021-05-29 15:00:00,12729.0,3219229.0,12950.0,15333.0,2667788.0,18489.0,1319.0,234877.0,1307.0,29381,6121894,32746
2021-05-28 15:00:00,19533.0,3206500.0,13384.0,29962.0,2652455.0,19153.0,1963.0,233558.0,1300.0,51458,6092513,33837
2021-05-27 15:00:00,10659.0,3186967.0,13178.0,16931.0,2622493.0,18811.0,950.0,231595.0,1226.0,28540,6041055,33215
2021-05-26 15:00:00,14274.0,3176308.0,15616.0,24747.0,2605562.0,21615.0,950.0,230645.0,1401.0,39971,6012515,38632
2021-05-25 15:00:00,15701.0,3162034.0,17014.0,18944.0,2580815.0,22799.0,1606.0,229695.0,1523.0,36251,5972544,41336
2021-05-24 15:00:00,8889.0,3146333.0,19242.0,12767.0,2561871.0,26594.0,1571.0,228089.0,1728.0,23227,5936293,47564
2021-05-23 15:00:00,8868.0,3137444.0,19551.0,10739.0,2549104.0,27355.0,790.0,226518.0,1705.0,20397,5913066,48612
2021-05-22 15:00:00,15764.0,3128576.0,19585.0,19979.0,2538365.0,28033.0,1271.0,225728.0,1726.0,37014,5892669,49345
2021-05-21 15:00:00,18089.0,3112812.0,20341.0,27572.0,2518386.0,28269.0,1441.0,224457.0,1768.0,47102,5855655,50378
2021-05-20 15:00:00,27730.0,3094723.0,20994.0,36556.0,2490814.0,28493.0,2176.0,223016.0,1772.0,66462,5808553,51259
2021-05-19 15:00:00,24060.0,3066993.0,19697.0,33035.0,2454258.0,27956.0,1803.0,220840.0,1749.0,58898,5742091,49402
2021-05-18 15:00:00,31294.0,3042933.0,17795.0,45509.0,2421223.0,27958.0,3045.0,219037.0,1685.0,79848,5683193,47438
2021-05-17 15:00:00,11055.0,3011639.0,15291.0,18097.0,2375714.0,26583.0,1411.0,215992.0,1428.0,30563,5603345,43302
2021-05-16 15:00:00,9106.0,3000584.0,15212.0,15485.0,2357617.0,28564.0,938.0,214581.0,1391.0,25529,5572782,45166
2021-05-15 15:00:00,21054.0,2991478.0,16070.0,21627.0,2342132.0,30482.0,1562.0,213643.0,1612.0,44243,5547253,48164
2021-05-14 15:00:00,22656.0,2970424.0,15184.0,29142.0,2320505.0,32045.0,1471.0,212081.0,1728.0,53269,5503010,48956
2021-05-13 15:00:00,18653.0,2947768.0,14825.0,32796.0,2291363.0,33852.0,2014.0,210610.0,1794.0,53463,5449741,50471
2021-05-12 15:00:00,10746.0,2929115.0,14419.0,33049.0,2258567.0,33619.0,1353.0,208596.0,1796.0,45148,5396278,49835
2021-05-11 15:00:00,13768.0,2918369.0,15474.0,35883.0,2225518.0,33315.0,1250.0,207243.0,1916.0,50901,5351130,50704
2021-05-10 15:00:00,10499.0,2904601.0,16277.0,31967.0,2189635.0,33342.0,1146.0,205993.0,1999.0,43612,5300229,51618
2021-05-09 15:00:00,15112.0,2894102.0,16898.0,28912.0,2157668.0,33428.0,2489.0,204847.0,2174.0,46513,5256617,50585
2021-05-08 15:00:00,14851.0,2878990.0,16432.0,32566.0,2128756.0,32634.0,2371.0,202358.0,1986.0,49788,5210104,51052
2021-05-07 15:00:00,20143.0,2864139.0,15677.0,41793.0,2096190.0,27498.0,1938.0,199987.0,1409.0,63874,5160316,44584
2021-05-06 15:00:00,15817.0,2843996.0,29944.0,31161.0,2054397.0,36593.0,2028.0,198049.0,1762.0,49006,5096442,68299
2021-05-05 15:00:00,18129.0,2828179.0,31629.0,30921.0,2023236.0,37847.0,2187.0,196021.0,1827.0,51237,5047436,71303
2021-05-04 15:00:00,19386.0,2810050.0,32564.0,36075.0,1992315.0,38157.0,1837.0,193834.0,1750.0,57298,4996199,72471
2021-05-03 15:00:00,11850.0,2790664.0,33354.0,23356.0,1956240.0,37233.0,1170.0,191997.0,1578.0,36376,4938901,72164
2021-05-02 15:00:00,11408.0,2778814.0,36140.0,13748.0,1932884.0,38081.0,354.0,190827.0,1459.0,25510,4902525,75679
2021-05-01 15:00:00,13004.0,2767406.0,36862.0,15433.0,1919136.0,37683.0,350.0,190473.0,1413.0,28787,4877015,75957
2021-04-30 15:00:00,120013.0,2754402.0,39569.0,105456.0,1903703.0,40350.0,4409.0,190123.0,1374.0,229878,4848228,81293
2021-04-29 15:00:00,27612.0,2634389.0,26179.0,39937.0,1798247.0,29848.0,2483.0,185714.0,748.0,70032,4618350,56776
2021-04-28 15:00:00,24676.0,2606777.0,27290.0,33092.0,1758310.0,29989.0,1649.0,183231.0,426.0,59417,4548318,57706
2021-04-27 15:00:00,24913.0,2582101.0,28914.0,29610.0,1725218.0,30798.0,628.0,181582.0,225.0,55151,4488901,59937
2021-04-26 15:00:00,31356.0,2557188.0,30899.0,29288.0,1695608.0,32171.0,337.0,180954.0,171.0,60981,4433750,63240
2021-04-25 15:00:00,16460.0,2525832.0,30111.0,10962.0,1666320.0,32145.0,33.0,180617.0,126.0,27455,4372769,62382
2021-04-24 15:00:00,31955.0,2509372.0,31497.0,34105.0,1655358.0,33383.0,77.0,180584.0,133.0,66137,4345314,65013
2021-04-23 15:00:00,26284.0,2477417.0,31609.0,31944.0,1621253.0,31875.0,29.0,180507.0,154.0,58257,4279177,63637
2021-04-22 15:00:00,35388.0,2451133.0,32793.0,40921.0,1589309.0,33318.0,232.0,180478.0,207.0,76541,4220920,66318
2021-04-21 15:00:00,36043.0,2415745.0,33505.0,38755.0,1548388.0,33236.0,239.0,180246.0,251.0,75037,4144379,66991
2021-04-20 15:00:00,38805.0,2379702.0,33731.0,39219.0,1509633.0,32022.0,249.0,180007.0,549.0,78273,4069342,66303
2021-04-19 15:00:00,25841.0,2340897.0,33591.0,29111.0,1470414.0,31241.0,25.0,179758.0,889.0,54977,3991069,65722
2021-04-18 15:00:00,26163.0,2315056.0,32986.0,19628.0,1441303.0,30692.0,77.0,179733.0,2124.0,45868,3936092,65803
2021-04-17 15:00:00,32739.0,2288893.0,30766.0,23544.0,1421675.0,30161.0,224.0,179656.0,4208.0,56507,3890224,65135
2021-04-16 15:00:00,34573.0,2256154.0,30204.0,42050.0,1398131.0,30701.0,402.0,179432.0,5391.0,77025,3833717,66296
2021-04-15 15:00:00,40369.0,2221581.0,30853.0,40345.0,1356081.0,30778.0,538.0,179030.0,7200.0,81252,3756692,68831
2021-04-14 15:00:00,37628.0,2181212.0,30767.0,30258.0,1315736.0,29486.0,2331.0,178492.0,8695.0,70217,3675440,68948
2021-04-13 15:00:00,37827.0,2143584.0,30458.0,33751.0,1285478.0,29477.0,2627.0,176161.0,9937.0,74205,3605223,69872
2021-04-12 15:00:00,21606.0,2105757.0,30566.0,25266.0,1251727.0,28604.0,8672.0,173534.0,10723.0,55544,3531018,69892
2021-04-11 15:00:00,10620.0,2084151.0,30512.0,15916.0,1226461.0,28049.0,14659.0,164862.0,10246.0,41195,3475474,68807
2021-04-10 15:00:00,28805.0,2073531.0,30792.0,27318.0,1210545.0,27099.0,8510.0,150203.0,8304.0,64633,3434279,66195
2021-04-09 15:00:00,39116.0,2044726.0,30544.0,42591.0,1183227.0,26603.0,13066.0,141693.0,7728.0,94773,3369646,64875
2021-04-08 15:00:00,39766.0,2005610.0,30315.0,31305.0,1140636.0,25664.0,10997.0,128627.0,6607.0,82068,3274873,62587
2021-04-07 15:00:00,35468.0,1965844.0,30125.0,30191.0,1109331.0,25926.0,11026.0,117630.0,5753.0,76685,3192805,61804
2021-04-06 15:00:00,38580.0,1930376.0,29986.0,27638.0,1079140.0,26002.0,8130.0,106604.0,4897.0,74348,3116120,60885
2021-04-05 15:00:00,21226.0,1891796.0,30150.0,21386.0,1051502.0,26200.0,5333.0,98474.0,3968.0,47945,3041772,60317
2021-04-04 15:00:00,12586.0,1870570.0,31082.0,9261.0,1030116.0,26884.0,1066.0,93141.0,3365.0,22913,2993827,61331
2021-04-03 15:00:00,27069.0,1857984.0,32082.0,23848.0,1020855.0,27044.0,4475.0,92075.0,3453.0,55392,2970914,62579
2021-04-02 15:00:00,37509.0,1830915.0,32423.0,36022.0,997007.0,26387.0,5225.0,87600.0,3178.0,78756,2915522,61988
2021-04-01 15:00:00,38437.0,1793406.0,32134.0,33134.0,960985.0,24238.0,5019.0,82375.0,2743.0,76590,2836766,59115
2021-03-31 15:00:00,34496.0,1754969.0,32692.0,30722.0,927851.0,22273.0,5034.0,77356.0,2392.0,70252,2760176,57357
2021-03-30 15:00:00,39724.0,1720473.0,33174.0,29026.0,897129.0,20063.0,1623.0,72322.0,1837.0,70373,2689924,55074
2021-03-29 15:00:00,27750.0,1680749.0,32737.0,26178.0,868103.0,17747.0,1116.0,70699.0,1884.0,55044,2619551,52368
2021-03-28 15:00:00,19586.0,1652999.0,32462.0,10376.0,841925.0,15441.0,1682.0,69583.0,1830.0,31644,2564507,49732
2021-03-27 15:00:00,29457.0,1633413.0,32675.0,19252.0,831549.0,15356.0,2547.0,67901.0,1681.0,51256,2532863,49713
2021-03-26 15:00:00,35490.0,1603956.0,32095.0,20977.0,812297.0,14181.0,2177.0,65354.0,1484.0,58644,2481607,47760
2021-03-25 15:00:00,42340.0,1568466.0,32391.0,19378.0,791320.0,13072.0,2568.0,63177.0,1354.0,64286,2422963,46817
2021-03-24 15:00:00,37873.0,1526126.0,32760.0,15252.0,771942.0,11938.0,1144.0,60609.0,1157.0,54269,2358677,45855
2021-03-23 15:00:00,36664.0,1488253.0,31561.0,12814.0,756690.0,11967.0,1956.0,59465.0,1025.0,51434,2304408,44553
2021-03-22 15:00:00,25822.0,1451589.0,30834.0,10036.0,743876.0,12196.0,736.0,57509.0,852.0,36594,2252974,43882
2021-03-21 15:00:00,21082.0,1425767.0,31384.0,9785.0,733840.0,12297.0,638.0,56773.0,962.0,31505,2216380,44643
2021-03-20 15:00:00,25392.0,1404685.0,30755.0,11028.0,724055.0,12134.0,1166.0,56135.0,1035.0,37586,2184875,43924
2021-03-19 15:00:00,37565.0,1379293.0,30581.0,13210.0,713027.0,12594.0,1269.0,54969.0,1053.0,52044,2147289,44228
2021-03-18 15:00:00,44920.0,1341728.0,31035.0,11438.0,699817.0,12565.0,1192.0,53700.0,1239.0,57550,2095245,44839
2021-03-17 15:00:00,29482.0,1296808.0,28652.0,15457.0,688379.0,12819.0,220.0,52508.0,1563.0,45159,2037695,43034
2021-03-16 15:00:00,31576.0,1267326.0,28292.0,14415.0,672922.0,12647.0,746.0,52288.0,2547.0,46737,1992536,43487
2021-03-15 15:00:00,29672.0,1235750.0,27400.0,10748.0,658507.0,12270.0,1501.0,51542.0,3453.0,41921,1945799,43123
2021-03-14 15:00:00,16679.0,1206078.0,26543.0,8641.0,647759.0,11898.0,1154.0,50041.0,4369.0,26474,1903878,42810
2021-03-13 15:00:00,24172.0,1189399.0,25700.0,14252.0,639118.0,11608.0,1290.0,48887.0,5397.0,39714,1877404,42705
2021-03-12 15:00:00,40743.0,1165227.0,25361.0,13005.0,624866.0,11329.0,2572.0,47597.0,5686.0,56320,1837690,42376
2021-03-11 15:00:00,28243.0,1124484.0,24003.0,13214.0,611861.0,12221.0,3458.0,45025.0,6040.0,44915,1781370,42264
2021-03-10 15:00:00,26961.0,1096241.0,24241.0,14257.0,598647.0,12686.0,7109.0,41567.0,5930.0,48327,1736455,42857
2021-03-09 15:00:00,25330.0,1069280.0,24117.0,11773.0,584390.0,12875.0,7087.0,34458.0,4923.0,44190,1688128,41915
2021-03-08 15:00:00,23670.0,1043950.0,23637.0,8144.0,572617.0,12622.0,7914.0,27371.0,3910.0,39728,1643938,40169
2021-03-07 15:00:00,10781.0,1020280.0,23100.0,6613.0,564473.0,12923.0,8346.0,19457.0,2780.0,25740,1604210,38803
2021-03-06 15:00:00,21797.0,1009499.0,23815.0,12298.0,557860.0,13387.0,3317.0,11111.0,1587.0,37412,1578470,38789
2021-03-05 15:00:00,31239.0,987702.0,23901.0,19245.0,545562.0,13735.0,5051.0,7794.0,1113.0,55535,1541058,38749
2021-03-04 15:00:00,29909.0,956463.0,22429.0,16475.0,526317.0,14190.0,2685.0,2743.0,392.0,49069,1485523,37011
2021-03-03 15:00:00,26096.0,926554.0,20327.0,15575.0,509842.0,15186.0,58.0,58.0,8.0,41729,1436454,35521
2021-03-02 15:00:00,21965.0,900458.0,18856.0,10002.0,494267.0,16210.0,,,,31967,1394725,35065
2021-03-01 15:00:00,19916.0,878493.0,18796.0,10254.0,484265.0,16933.0,,,,30170,1362758,35730
2021-02-28 15:00:00,15781.0,858577.0,17320.0,9863.0,474011.0,17752.0,,,,25644,1332588,35072
2021-02-27 15:00:00,22398.0,842796.0,16321.0,14728.0,464148.0,17908.0,,,,37126,1306944,34228
2021-02-26 15:00:00,20935.0,820398.0,14666.0,22436.0,449420.0,17510.0,,,,43371,1269818,32175
2021-02-25 15:00:00,15198.0,799463.0,13225.0,23442.0,426984.0,17260.0,,,,38640,1226447,30485
2021-02-24 15:00:00,15797.0,784265.0,14238.0,22743.0,403542.0,16812.0,,,,38540,1187807,31050
2021-02-23 15:00:00,21549.0,768468.0,13928.0,15067.0,380799.0,16459.0,,,,36616,1149267,30387
2021-02-22 15:00:00,9580.0,746919.0,13092.0,15985.0,365732.0,16004.0,,,,25565,1112651,29096
2021-02-21 15:00:00,8788.0,737339.0,12544.0,10952.0,349747.0,15060.0,,,,19740,1087086,27604
2021-02-20 15:00:00,10812.0,728551.0,12721.0,11944.0,338795.0,14424.0,,,,22756,1067346,27145
2021-02-19 15:00:00,10854.0,717739.0,13137.0,20687.0,326851.0,13661.0,,,,31541,1044590,26797
2021-02-18 15:00:00,22288.0,706885.0,14496.0,20304.0,306164.0,13299.0,,,,42592,1013049,27796
2021-02-17 15:00:00,13625.0,684597.0,13917.0,20275.0,285860.0,12553.0,,,,33900,970457,26470
2021-02-16 15:00:00,15695.0,670972.0,14354.0,11883.0,265585.0,12006.0,,,,27578,936557,26360
2021-02-15 15:00:00,5745.0,655277.0,13777.0,9374.0,253702.0,12102.0,,,,15119,908979,25879
2021-02-14 15:00:00,10030.0,649532.0,14919.0,6498.0,244658.0,12813.0,,,,16528,893860,27732
2021-02-13 15:00:00,13720.0,639502.0,14348.0,6604.0,237830.0,12402.0,,,,20324,877332,26750
2021-02-12 15:00:00,20372.0,625782.0,14348.0,18158.0,231226.0,12096.0,,,,38530,857008,26444
2021-02-11 15:00:00,18230.0,605410.0,14506.0,15078.0,213068.0,11840.0,,,,33308,818478,26346
2021-02-10 15:00:00,16685.0,587180.0,14439.0,16449.0,197990.0,11740.0,,,,33134,785170,26179
2021-02-09 15:00:00,11657.0,570495.0,14129.0,12551.0,181541.0,11429.0,,,,24208,752036,25558
2021-02-08 15:00:00,13745.0,558838.0,13811.0,14350.0,168990.0,11060.0,,,,28095,727828,24871
2021-02-07 15:00:00,6030.0,545093.0,12740.0,3622.0,154640.0,9454.0,,,,9652,699733,22195
2021-02-06 15:00:00,13719.0,539063.0,12938.0,4463.0,151018.0,9126.0,,,,18182,690081,22063
2021-02-05 15:00:00,21479.0,525344.0,13623.0,16365.0,146555.0,9105.0,,,,37844,671899,22728
2021-02-04 15:00:00,17759.0,503865.0,13957.0,14382.0,130190.0,7601.0,,,,32141,634055,21558
2021-02-03 15:00:00,14515.0,486106.0,14687.0,14268.0,115808.0,7027.0,,,,28783,601914,21714
2021-02-02 15:00:00,9429.0,471591.0,15473.0,9969.0,101540.0,6463.0,,,,19398,573131,21936
2021-02-01 15:00:00,6252.0,462162.0,16305.0,3112.0,91571.0,6133.0,,,,9364,553733,22439
2021-01-31 15:00:00,7411.0,455910.0,17885.0,1320.0,88459.0,6604.0,,,,8731,544369,24490
2021-01-30 15:00:00,18516.0,448499.0,18498.0,4317.0,87139.0,6840.0,,,,22833,535638,25339
2021-01-29 15:00:00,23815.0,429983.0,17359.0,5841.0,82822.0,6473.0,,,,29656,512805,23833
2021-01-28 15:00:00,22868.0,406168.0,17914.0,10365.0,76981.0,6127.0,,,,33233,483149,24014
2021-01-27 15:00:00,20017.0,383300.0,17029.0,10319.0,66616.0,5105.0,,,,30337,449916,22135
2021-01-26 15:00:00,15256.0,363282.0,16003.0,7662.0,56297.0,4025.0,,,,22918,419579,20028
2021-01-25 15:00:00,17317.0,348026.0,15247.0,6407.0,48635.0,3467.0,,,,23724,396661,18715
2021-01-24 15:00:00,11702.0,330709.0,13914.0,2973.0,42228.0,2918.0,,,,14675,372937,16832
2021-01-23 15:00:00,10541.0,319007.0,12467.0,1748.0,39255.0,2565.0,,,,12289,358262,15032
2021-01-22 15:00:00,27697.0,308466.0,11978.0,3415.0,37507.0,2408.0,,,,31112,345973,14387
2021-01-21 15:00:00,16675.0,280769.0,11078.0,3212.0,19887.0,2371.0,,,,19887,314861,13449
2021-01-20 15:00:00,12831.0,264094.0,11097.0,2761.0,15592.0,2148.0,,,,15592,294974,13246
2021-01-19 15:00:00,9969.0,251263.0,11194.0,3756.0,13725.0,2202.0,,,,13725,279382,13396
2021-01-18 15:00:00,7985.0,241294.0,11595.0,2562.0,10547.0,2101.0,,,,10547,265657,13696
2021-01-17 15:00:00,1571.0,233311.0,12258.0,503.0,2074.0,2162.0,,,,2074,255110,14420
2021-01-16 15:00:00,7120.0,231740.0,12504.0,650.0,7770.0,2158.0,,,,7770,253036,14662
2021-01-15 15:00:00,21396.0,224620.0,13249.0,3153.0,24549.0,2260.0,,,,24549,245266,15509
2021-01-14 15:00:00,16810.0,203224.0,11937.0,1653.0,18463.0,2081.0,,,,18463,220717,14018
2021-01-13 15:00:00,13508.0,186414.0,11424.0,13508.0,15840.0,2052.0,,,,11424,202254,13477
2021-01-12 15:00:00,12778.0,172907.0,11181.0,3049.0,12704.0,1709.0,,,,15827,185611,12890
2021-01-11 15:00:00,12623.0,160129.0,10757.0,2989.0,9655.0,1379.0,,,,15612,169784,12137
2021-01-10 15:00:00,3293.0,147506.0,10605.0,477.0,666.0,952.0,,,,3770,154172,11557
2021-01-09 15:00:00,12333.0,144213.0,10436.0,1363.0,6189.0,884.0,,,,13696,150402,11320
2021-01-08 15:00:00,122111.0,131880.0,9191.0,1902.0,4826.0,689.0,,,,14113,136706,9880
2021-01-07 15:00:00,13224.0,111760.0,77445.0,1450.0,2924.0,418.0,,,,14674,114684,8163
2021-01-06 15:00:00,11803.0,98536.0,,732.0,1474.0,,,,,12535,100010,14287
2021-01-05 15:00:00,9815.0,86733.0,,742.0,742.0,,,,,10557,87475,12496
2021-01-04 15:00:00,11553.0,76918.0,,,,,,,,11553,76918,10988
2021-01-03 15:00:00,2112.0,65692.0,,,,,,,,2112,65692,9385
2021-01-02 15:00:00,3617.0,59769.0,,,,,,,,3617,59769,8538
2021-01-01 15:00:00,2091.0,56151.0,,,,,,,,2091,56151,8022
2020-12-31 15:00:00,,,,,,,,,,7047,54060,7723
2020-12-30 15:00:00,,,,,,,,,,10343,47012,6716
2020-12-29 15:00:00,,,,,,,,,,8052,36669,5238
2020-12-28 15:00:00,,,,,,,,,,7816,28615,4088
2020-12-27 15:00:00,,,,,,,,,,994,20812,2973
2020-12-26 15:00:00,,,,,,,,,,1028,19818,2831
2020-12-25 15:00:00,,,,,,,,,,1887,18789,2684
2020-12-24 15:00:00,,,,,,,,,,2799,16902,2415
2020-12-23 15:00:00,,,,,,,,,,3605,14102,2015
2020-12-22 15:00:00,,,,,,,,,,3125,10497,1500
2020-12-21 15:00:00,,,,,,,,,,2960,7554,1079
2020-12-20 15:00:00,,,,,,,,,,165,4359,623
2020-12-19 15:00:00,,,,,,,,,,595,4194,599
