VACCINATION_DATE,Ethnicity,FirstDoseDaily,FirstDoseCumulative,SecondDoseDaily,SecondDoseCumulative,SingleDoseDaily,SingleDoseCumulative
2021-04-13 15:00:00,Federal Entities,84295.0,84295,54201.0,54201,2952.0,2952
2021-04-14 15:00:00,Federal Entities,557.0,84852,11.0,54212,1.0,2953
2021-04-15 15:00:00,Federal Entities,623.0,85475,823.0,55035,19.0,2972
2021-04-16 15:00:00,Federal Entities,782.0,86257,1016.0,56051,8.0,2980
2021-04-17 15:00:00,Federal Entities,1136.0,87393,1177.0,57228,6.0,2986
2021-04-19 15:00:00,Federal Entities,1369.0,88762,2003.0,59231,9.0,2995
2021-04-20 15:00:00,Federal Entities,3243.0,92005,2158.0,61389,19.0,3014
2021-04-21 15:00:00,Federal Entities,906.0,92911,1206.0,62595,4.0,3018
2021-04-22 15:00:00,Federal Entities,1018.0,93929,458.0,63053,,3018
2021-04-23 15:00:00,Federal Entities,759.0,94688,632.0,63685,1.0,3019
2021-04-25 15:00:00,Federal Entities,992.0,95680,2492.0,66177,5.0,3024
2021-04-26 15:00:00,Federal Entities,1483.0,97163,1672.0,67849,1.0,3025
2021-04-29 15:00:00,Federal Entities,223.0,97386,865.0,68714,2.0,3027
2021-05-01 15:00:00,Federal Entities,1556.0,98942,1974.0,70688,14.0,3041
2021-05-02 15:00:00,Federal Entities,1071.0,100013,1875.0,72563,4.0,3045
2021-05-03 15:00:00,Federal Entities,403.0,100416,2165.0,74728,4.0,3049
2021-05-04 15:00:00,Federal Entities,28.0,100444,25.0,74753,,3049
2021-05-05 15:00:00,Federal Entities,365.0,100809,814.0,75567,,3049
2021-05-06 15:00:00,Federal Entities,275.0,101084,880.0,76447,3.0,3052
2021-05-07 15:00:00,Federal Entities,274.0,101358,966.0,77413,8.0,3060
2021-05-08 15:00:00,Federal Entities,297.0,101655,1312.0,78725,6.0,3066
2021-05-10 15:00:00,Federal Entities,338.0,101993,1712.0,80437,1.0,3067
2021-05-11 15:00:00,Federal Entities,18.0,102011,13.0,80450,,3067
2021-05-12 15:00:00,Federal Entities,243.0,102254,1124.0,81574,,3067
2021-05-14 15:00:00,Federal Entities,290.0,102544,1022.0,82596,2.0,3069
2021-05-15 15:00:00,Federal Entities,611.0,103155,1701.0,84297,4.0,3073
2021-05-17 15:00:00,Federal Entities,565.0,103720,2505.0,86802,11.0,3084
2021-05-18 15:00:00,Federal Entities,164.0,103884,61.0,86863,2.0,3086
2021-05-20 15:00:00,Federal Entities,885.0,104769,1024.0,87887,,3086
2021-05-22 15:00:00,Federal Entities,911.0,105680,1359.0,89246,9.0,3095
2021-05-24 15:00:00,Federal Entities,514.0,106194,1032.0,90278,8.0,3103
2021-05-25 15:00:00,Federal Entities,5.0,106199,1.0,90279,2.0,3105
2021-05-27 15:00:00,Federal Entities,425.0,106624,674.0,90953,1.0,3106
2021-05-28 15:00:00,Federal Entities,418.0,107042,342.0,91295,,3106
2021-05-29 15:00:00,Federal Entities,267.0,107309,344.0,91639,10.0,3116
2021-05-31 15:00:00,Federal Entities,214.0,107523,243.0,91882,3.0,3119
2021-06-01 15:00:00,Federal Entities,30.0,107553,48.0,91930,,3119
2021-06-16 15:00:00,Federal Entities,2042.0,109595,3555.0,95485,37.0,3156
2021-06-17 15:00:00,Federal Entities,22.0,109617,95.0,95580,,3156
2021-06-18 15:00:00,Federal Entities,269.0,109886,456.0,96036,4.0,3160
2021-06-19 15:00:00,Federal Entities,166.0,110052,338.0,96374,1.0,3161
2021-06-20 15:00:00,Federal Entities,161.0,110213,284.0,96658,1.0,3162
2021-06-21 15:00:00,Federal Entities,56.0,110269,120.0,96778,1.0,3163
2021-06-22 15:00:00,Federal Entities,13.0,110282,8.0,96786,1.0,3164
2021-06-23 15:00:00,Federal Entities,2.0,110284,2.0,96788,,3164
2021-06-24 15:00:00,Federal Entities,304.0,110588,355.0,97143,5.0,3169
2021-06-25 15:00:00,Federal Entities,124.0,110712,209.0,97352,1.0,3170
2021-06-27 15:00:00,Federal Entities,124.0,110836,173.0,97525,2.0,3172
2021-06-28 15:00:00,Federal Entities,146.0,110982,186.0,97711,4.0,3176
2021-06-29 15:00:00,Federal Entities,2.0,110984,2.0,97713,1.0,3177
2021-07-01 15:00:00,Federal Entities,313.0,111297,340.0,98053,8.0,3185
2021-07-02 15:00:00,Federal Entities,209.0,111506,249.0,98302,6.0,3191
2021-07-03 15:00:00,Federal Entities,97.0,111603,123.0,98425,4.0,3195
2021-07-04 15:00:00,Federal Entities,75.0,111678,98.0,98523,6.0,3201
2021-07-05 15:00:00,Federal Entities,7.0,111685,8.0,98531,,3201
2020-12-14 15:00:00,Unknown,2.0,2,,0,,0
2020-12-15 15:00:00,Unknown,1.0,3,,0,,0
2020-12-16 15:00:00,Unknown,9.0,12,,0,,0
2020-12-17 15:00:00,Unknown,16.0,28,,0,,0
2020-12-18 15:00:00,Unknown,62.0,90,,0,,0
2020-12-19 15:00:00,Unknown,28.0,118,,0,,0
2020-12-20 15:00:00,Unknown,21.0,139,,0,,0
2020-12-21 15:00:00,Unknown,58.0,197,1.0,1,,0
2020-12-22 15:00:00,Unknown,323.0,520,2.0,3,,0
2020-12-23 15:00:00,Unknown,146.0,666,,3,,0
2020-12-24 15:00:00,Unknown,50.0,716,,3,,0
2020-12-25 15:00:00,Unknown,143.0,859,,3,,0
2020-12-26 15:00:00,Unknown,154.0,1013,,3,,0
2020-12-27 15:00:00,Unknown,100.0,1113,,3,,0
2020-12-28 15:00:00,Unknown,236.0,1349,1.0,4,,0
2020-12-29 15:00:00,Unknown,421.0,1770,,4,,0
2020-12-30 15:00:00,Unknown,324.0,2094,1.0,5,,0
2020-12-31 15:00:00,Unknown,200.0,2294,,5,,0
2021-01-01 15:00:00,Unknown,131.0,2425,2.0,7,,0
2021-01-02 15:00:00,Unknown,130.0,2555,2.0,9,,0
2021-01-03 15:00:00,Unknown,207.0,2762,4.0,13,,0
2021-01-04 15:00:00,Unknown,509.0,3271,5.0,18,,0
2021-01-05 15:00:00,Unknown,443.0,3714,11.0,29,,0
2021-01-06 15:00:00,Unknown,563.0,4277,18.0,47,,0
2021-01-07 15:00:00,Unknown,378.0,4655,37.0,84,,0
2021-01-08 15:00:00,Unknown,8276.0,12931,57.0,141,,0
2021-01-09 15:00:00,Unknown,196.0,13127,35.0,176,,0
2021-01-10 15:00:00,Unknown,163.0,13290,7.0,183,,0
2021-01-11 15:00:00,Unknown,287.0,13577,69.0,252,,0
2021-01-12 15:00:00,Unknown,606.0,14183,272.0,524,,0
2021-01-13 15:00:00,Unknown,351.0,14534,96.0,620,,0
2021-01-14 15:00:00,Unknown,357.0,14891,52.0,672,,0
2021-01-15 15:00:00,Unknown,469.0,15360,134.0,806,,0
2021-01-16 15:00:00,Unknown,249.0,15609,116.0,922,,0
2021-01-17 15:00:00,Unknown,91.0,15700,68.0,990,,0
2021-01-18 15:00:00,Unknown,154.0,15854,148.0,1138,,0
2021-01-19 15:00:00,Unknown,298.0,16152,227.0,1365,,0
2021-01-20 15:00:00,Unknown,366.0,16518,156.0,1521,,0
2021-01-21 15:00:00,Unknown,459.0,16977,90.0,1611,,0
2021-01-22 15:00:00,Unknown,559.0,17536,133.0,1744,,0
2021-01-23 15:00:00,Unknown,377.0,17913,127.0,1871,,0
2021-01-24 15:00:00,Unknown,171.0,18084,132.0,2003,,0
2021-01-25 15:00:00,Unknown,472.0,18556,396.0,2399,,0
2021-01-26 15:00:00,Unknown,481.0,19037,335.0,2734,,0
2021-01-27 15:00:00,Unknown,506.0,19543,426.0,3160,,0
2021-01-28 15:00:00,Unknown,482.0,20025,244.0,3404,,0
2021-01-29 15:00:00,Unknown,560.0,20585,185.0,3589,,0
2021-01-30 15:00:00,Unknown,370.0,20955,51.0,3640,,0
2021-01-31 15:00:00,Unknown,363.0,21318,78.0,3718,,0
2021-02-01 15:00:00,Unknown,425.0,21743,195.0,3913,,0
2021-02-02 15:00:00,Unknown,577.0,22320,549.0,4462,,0
2021-02-03 15:00:00,Unknown,673.0,22993,414.0,4876,,0
2021-02-04 15:00:00,Unknown,682.0,23675,394.0,5270,,0
2021-02-05 15:00:00,Unknown,538.0,24213,364.0,5634,,0
2021-02-06 15:00:00,Unknown,482.0,24695,8180.0,13814,,0
2021-07-06 15:00:00,Federal Entities,18.0,111703,22.0,98553,4.0,3205
2021-07-08 15:00:00,Federal Entities,105.0,111808,155.0,98708,5.0,3210
2021-07-09 15:00:00,Federal Entities,136.0,111944,203.0,98911,9.0,3219
2021-07-10 15:00:00,Federal Entities,130.0,112074,140.0,99051,4.0,3223
2021-07-11 15:00:00,Federal Entities,145.0,112219,137.0,99188,4.0,3227
2021-07-13 15:00:00,Federal Entities,3.0,112222,1.0,99189,,3227
2021-07-14 15:00:00,Federal Entities,57.0,112279,57.0,99246,3.0,3230
2021-07-15 15:00:00,Federal Entities,56.0,112335,90.0,99336,4.0,3234
2021-07-16 15:00:00,Federal Entities,1012.0,113347,526.0,99862,24.0,3258
2021-07-17 15:00:00,Federal Entities,86.0,113433,116.0,99978,4.0,3262
2021-07-18 15:00:00,Federal Entities,152.0,113585,219.0,100197,10.0,3272
2021-07-19 15:00:00,Federal Entities,11.0,113596,10.0,100207,5.0,3277
2021-07-21 15:00:00,Federal Entities,4.0,113600,3.0,100210,,3277
2021-07-22 15:00:00,Federal Entities,27.0,113627,35.0,100245,,3277
2021-07-23 15:00:00,Federal Entities,12.0,113639,13.0,100258,,3277
2021-07-25 15:00:00,Federal Entities,19.0,113658,7.0,100265,,3277
2021-07-28 15:00:00,Federal Entities,,113658,1.0,100266,,3277
2021-07-29 15:00:00,Federal Entities,33.0,113691,11.0,100277,,3277
2021-07-30 15:00:00,Federal Entities,3.0,113694,2.0,100279,,3277
2021-07-31 15:00:00,Federal Entities,61.0,113755,24.0,100303,3.0,3280
2021-08-01 15:00:00,Federal Entities,1.0,113756,,100303,,3280
2021-08-03 15:00:00,Federal Entities,3.0,113759,,100303,,3280
2021-08-05 15:00:00,Federal Entities,35.0,113794,15.0,100318,,3280
2021-08-06 15:00:00,Federal Entities,,113794,30.0,100348,,3280
2021-08-07 15:00:00,Federal Entities,,113794,15.0,100363,,3280
2021-08-08 15:00:00,Federal Entities,69.0,113863,26.0,100389,,3280
2021-08-10 15:00:00,Federal Entities,1.0,113864,2.0,100391,,3280
2021-08-11 15:00:00,Federal Entities,3.0,113867,,100391,1.0,3281
2021-08-12 15:00:00,Federal Entities,1948.0,115815,201.0,100592,,3281
2021-08-13 15:00:00,Federal Entities,7.0,115822,5.0,100597,,3281
2021-08-14 15:00:00,Federal Entities,38.0,115860,17.0,100614,,3281
2021-08-17 15:00:00,Federal Entities,9.0,115869,1.0,100615,,3281
2021-08-18 15:00:00,Federal Entities,1.0,115870,,100615,,3281
2021-08-19 15:00:00,Federal Entities,25.0,115895,24.0,100639,1.0,3282
2021-08-20 15:00:00,Federal Entities,21.0,115916,9.0,100648,4.0,3286
2021-08-21 15:00:00,Federal Entities,72.0,115988,44.0,100692,,3286
2021-08-22 15:00:00,Federal Entities,6.0,115994,3.0,100695,,3286
2021-08-27 15:00:00,Federal Entities,28.0,116022,36.0,100731,,3286
2021-08-28 15:00:00,Federal Entities,2162.0,118184,1759.0,102490,85.0,3371
2021-08-29 15:00:00,Federal Entities,314.0,118498,245.0,102735,530.0,3901
2021-08-30 15:00:00,Federal Entities,3.0,118501,9.0,102744,671.0,4572
2021-08-31 15:00:00,Federal Entities,9.0,118510,8.0,102752,629.0,5201
2021-09-01 15:00:00,Federal Entities,129.0,118639,119.0,102871,523.0,5724
2021-09-02 15:00:00,Federal Entities,183.0,118822,161.0,103032,384.0,6108
2021-09-03 15:00:00,Federal Entities,273.0,119095,166.0,103198,686.0,6794
2021-09-04 15:00:00,Federal Entities,228.0,119323,195.0,103393,735.0,7529
2021-09-07 15:00:00,Federal Entities,338.0,119661,237.0,103630,2008.0,9537
2021-09-09 15:00:00,Federal Entities,18.0,119679,35.0,103665,,9537
2021-09-10 15:00:00,Federal Entities,818.0,120497,477.0,104142,1325.0,10862
2021-09-11 15:00:00,Federal Entities,422.0,120919,251.0,104393,417.0,11279
2021-09-12 15:00:00,Federal Entities,414.0,121333,299.0,104692,352.0,11631
2021-09-13 15:00:00,Federal Entities,199.0,121532,87.0,104779,95.0,11726
2021-09-14 15:00:00,Federal Entities,183.0,121715,59.0,104838,100.0,11826
2021-09-15 15:00:00,Federal Entities,320.0,122035,163.0,105001,44.0,11870
2021-09-16 15:00:00,Federal Entities,338.0,122373,207.0,105208,44.0,11914
2021-02-07 15:00:00,Unknown,336.0,25031,77.0,13891,,0
2021-02-08 15:00:00,Unknown,564.0,25595,283.0,14174,,0
2021-02-09 15:00:00,Unknown,593.0,26188,321.0,14495,,0
2021-02-10 15:00:00,Unknown,641.0,26829,390.0,14885,,0
2021-02-11 15:00:00,Unknown,640.0,27469,375.0,15260,,0
2021-02-12 15:00:00,Unknown,559.0,28028,494.0,15754,,0
2021-02-13 15:00:00,Unknown,322.0,28350,161.0,15915,,0
2021-02-14 15:00:00,Unknown,341.0,28691,95.0,16010,,0
2021-02-15 15:00:00,Unknown,322.0,29013,396.0,16406,,0
2021-02-16 15:00:00,Unknown,564.0,29577,602.0,17008,,0
2021-02-17 15:00:00,Unknown,640.0,30217,521.0,17529,,0
2021-02-18 15:00:00,Unknown,179.0,30396,230.0,17759,,0
2021-02-19 15:00:00,Unknown,387.0,30783,459.0,18218,,0
2021-02-20 15:00:00,Unknown,498.0,31281,456.0,18674,,0
2021-02-21 15:00:00,Unknown,267.0,31548,328.0,19002,,0
2021-02-22 15:00:00,Unknown,332.0,31880,437.0,19439,,0
2021-02-23 15:00:00,Unknown,474.0,32354,454.0,19893,,0
2021-02-24 15:00:00,Unknown,444.0,32798,501.0,20394,,0
2021-02-25 15:00:00,Unknown,499.0,33297,642.0,21036,,0
2021-02-26 15:00:00,Unknown,619.0,33916,675.0,21711,,0
2021-02-27 15:00:00,Unknown,458.0,34374,348.0,22059,,0
2021-02-28 15:00:00,Unknown,497.0,34871,190.0,22249,,0
2021-03-01 15:00:00,Unknown,782.0,35653,448.0,22697,,0
2021-03-02 15:00:00,Unknown,669.0,36322,437.0,23134,1.0,1
2021-03-03 15:00:00,Unknown,847.0,37169,463.0,23597,3.0,4
2021-03-04 15:00:00,Unknown,832.0,38001,541.0,24138,83.0,87
2021-03-05 15:00:00,Unknown,875.0,38876,450.0,24588,82.0,169
2021-03-06 15:00:00,Unknown,557.0,39433,239.0,24827,171.0,340
2021-03-07 15:00:00,Unknown,417.0,39850,268.0,25095,252.0,592
2021-03-08 15:00:00,Unknown,834.0,40684,214.0,25309,320.0,912
2021-03-09 15:00:00,Unknown,782.0,41466,366.0,25675,320.0,1232
2021-03-10 15:00:00,Unknown,766.0,42232,390.0,26065,430.0,1662
2021-03-11 15:00:00,Unknown,1128.0,43360,387.0,26452,182.0,1844
2021-03-12 15:00:00,Unknown,1089.0,44449,469.0,26921,150.0,1994
2021-03-13 15:00:00,Unknown,708.0,45157,302.0,27223,70.0,2064
2021-03-14 15:00:00,Unknown,849.0,46006,269.0,27492,59.0,2123
2021-03-15 15:00:00,Unknown,1503.0,47509,286.0,27778,36.0,2159
2021-03-16 15:00:00,Unknown,1458.0,48967,491.0,28269,34.0,2193
2021-03-17 15:00:00,Unknown,1478.0,50445,550.0,28819,61.0,2254
2021-03-18 15:00:00,Unknown,1593.0,52038,348.0,29167,59.0,2313
2021-03-19 15:00:00,Unknown,1345.0,53383,362.0,29529,52.0,2365
2021-03-20 15:00:00,Unknown,1098.0,54481,348.0,29877,139.0,2504
2021-03-21 15:00:00,Unknown,945.0,55426,410.0,30287,25.0,2529
2021-03-22 15:00:00,Unknown,1391.0,56817,406.0,30693,32.0,2561
2021-03-23 15:00:00,Unknown,1722.0,58539,481.0,31174,65.0,2626
2021-03-24 15:00:00,Unknown,2301.0,60840,406.0,31580,70.0,2696
2021-03-25 15:00:00,Unknown,2315.0,63155,512.0,32092,290.0,2986
2021-03-26 15:00:00,Unknown,2274.0,65429,666.0,32758,304.0,3290
2021-03-27 15:00:00,Unknown,1852.0,67281,438.0,33196,423.0,3713
2021-03-28 15:00:00,Unknown,1661.0,68942,395.0,33591,363.0,4076
2021-03-29 15:00:00,Unknown,2316.0,71258,845.0,34436,69.0,4145
2021-03-30 15:00:00,Unknown,2188.0,73446,837.0,35273,111.0,4256
2021-03-31 15:00:00,Unknown,2231.0,75677,809.0,36082,688.0,4944
2021-09-17 15:00:00,Federal Entities,375.0,122748,277.0,105485,4.0,11918
2021-09-18 15:00:00,Federal Entities,373.0,123121,234.0,105719,54.0,11972
2021-09-19 15:00:00,Federal Entities,420.0,123541,329.0,106048,8.0,11980
2021-09-20 15:00:00,Federal Entities,25.0,123566,17.0,106065,171.0,12151
2021-09-21 15:00:00,Federal Entities,13.0,123579,5.0,106070,63.0,12214
2021-09-22 15:00:00,Federal Entities,279.0,123858,182.0,106252,186.0,12400
2021-09-23 15:00:00,Federal Entities,341.0,124199,224.0,106476,247.0,12647
2021-09-24 15:00:00,Federal Entities,360.0,124559,316.0,106792,148.0,12795
2021-09-25 15:00:00,Federal Entities,395.0,124954,287.0,107079,316.0,13111
2021-09-26 15:00:00,Federal Entities,244.0,125198,242.0,107321,367.0,13478
2021-09-27 15:00:00,Federal Entities,7.0,125205,9.0,107330,273.0,13751
2021-09-29 15:00:00,Federal Entities,253.0,125458,211.0,107541,655.0,14406
2021-09-30 15:00:00,Federal Entities,311.0,125769,222.0,107763,545.0,14951
2021-10-01 15:00:00,Federal Entities,238.0,126007,276.0,108039,494.0,15445
2021-10-02 15:00:00,Federal Entities,22.0,126029,22.0,108061,88.0,15533
2021-10-03 15:00:00,Federal Entities,,126029,1.0,108062,1.0,15534
2021-10-06 15:00:00,Federal Entities,,126029,8.0,108070,9.0,15543
2021-10-07 15:00:00,Federal Entities,18.0,126047,26.0,108096,87.0,15630
2021-10-08 15:00:00,Federal Entities,7.0,126054,6.0,108102,20.0,15650
2021-10-09 15:00:00,Federal Entities,21.0,126075,32.0,108134,154.0,15804
2021-10-10 15:00:00,Federal Entities,2.0,126077,1.0,108135,16.0,15820
2021-10-14 15:00:00,Federal Entities,1364.0,127441,2089.0,110224,158.0,15978
2021-10-15 15:00:00,Federal Entities,371.0,127812,606.0,110830,23.0,16001
2021-10-16 15:00:00,Federal Entities,206.0,128018,253.0,111083,156.0,16157
2021-10-17 15:00:00,Federal Entities,278.0,128296,290.0,111373,12.0,16169
2021-10-18 15:00:00,Federal Entities,75.0,128371,88.0,111461,,16169
2021-10-19 15:00:00,Federal Entities,941.0,129312,972.0,112433,5.0,16174
2021-10-20 15:00:00,Federal Entities,246.0,129558,248.0,112681,13.0,16187
2020-12-14 15:00:00,Hispanic or Latino,2.0,2,,0,,0
2020-12-15 15:00:00,Hispanic or Latino,5.0,7,,0,,0
2020-12-16 15:00:00,Hispanic or Latino,20.0,27,,0,,0
2020-12-17 15:00:00,Hispanic or Latino,41.0,68,,0,,0
2020-12-18 15:00:00,Hispanic or Latino,88.0,156,,0,,0
2020-12-19 15:00:00,Hispanic or Latino,39.0,195,,0,,0
2020-12-20 15:00:00,Hispanic or Latino,12.0,207,1.0,1,,0
2020-12-21 15:00:00,Hispanic or Latino,146.0,353,1.0,2,,0
2020-12-22 15:00:00,Hispanic or Latino,260.0,613,,2,,0
2020-12-23 15:00:00,Hispanic or Latino,194.0,807,1.0,3,,0
2020-12-24 15:00:00,Hispanic or Latino,94.0,901,,3,,0
2020-12-25 15:00:00,Hispanic or Latino,42.0,943,,3,,0
2020-12-26 15:00:00,Hispanic or Latino,57.0,1000,,3,,0
2020-12-27 15:00:00,Hispanic or Latino,67.0,1067,1.0,4,,0
2020-12-28 15:00:00,Hispanic or Latino,277.0,1344,1.0,5,,0
2020-12-29 15:00:00,Hispanic or Latino,367.0,1711,4.0,9,,0
2020-12-30 15:00:00,Hispanic or Latino,504.0,2215,5.0,14,,0
2020-12-31 15:00:00,Hispanic or Latino,328.0,2543,2.0,16,,0
2021-01-01 15:00:00,Hispanic or Latino,100.0,2643,9.0,25,,0
2021-01-02 15:00:00,Hispanic or Latino,102.0,2745,3.0,28,,0
2021-01-03 15:00:00,Hispanic or Latino,132.0,2877,4.0,32,,0
2021-01-04 15:00:00,Hispanic or Latino,638.0,3515,15.0,47,,0
2021-01-05 15:00:00,Hispanic or Latino,421.0,3936,21.0,68,,0
2021-01-06 15:00:00,Hispanic or Latino,620.0,4556,23.0,91,,0
2021-01-07 15:00:00,Hispanic or Latino,815.0,5371,67.0,158,,0
2021-01-08 15:00:00,Hispanic or Latino,875.0,6246,95.0,253,,0
2021-01-09 15:00:00,Hispanic or Latino,201.0,6447,33.0,286,,0
2021-01-10 15:00:00,Hispanic or Latino,143.0,6590,24.0,310,,0
2021-01-11 15:00:00,Hispanic or Latino,560.0,7150,135.0,445,,0
2021-01-12 15:00:00,Hispanic or Latino,742.0,7892,210.0,655,,0
2021-01-13 15:00:00,Hispanic or Latino,696.0,8588,136.0,791,,0
2021-01-14 15:00:00,Hispanic or Latino,751.0,9339,74.0,865,,0
2021-01-15 15:00:00,Hispanic or Latino,880.0,10219,78.0,943,,0
2021-01-16 15:00:00,Hispanic or Latino,192.0,10411,52.0,995,,0
2021-01-17 15:00:00,Hispanic or Latino,108.0,10519,50.0,1045,,0
2021-01-18 15:00:00,Hispanic or Latino,171.0,10690,126.0,1171,,0
2021-01-19 15:00:00,Hispanic or Latino,491.0,11181,169.0,1340,,0
2021-01-20 15:00:00,Hispanic or Latino,617.0,11798,200.0,1540,,0
2021-01-21 15:00:00,Hispanic or Latino,773.0,12571,128.0,1668,,0
2021-01-22 15:00:00,Hispanic or Latino,975.0,13546,120.0,1788,,0
2021-01-23 15:00:00,Hispanic or Latino,343.0,13889,76.0,1864,,0
2021-01-24 15:00:00,Hispanic or Latino,92.0,13981,48.0,1912,,0
2021-01-25 15:00:00,Hispanic or Latino,388.0,14369,329.0,2241,,0
2021-01-26 15:00:00,Hispanic or Latino,489.0,14858,247.0,2488,,0
2021-01-27 15:00:00,Hispanic or Latino,752.0,15610,447.0,2935,,0
2021-01-28 15:00:00,Hispanic or Latino,808.0,16418,398.0,3333,,0
2021-01-29 15:00:00,Hispanic or Latino,741.0,17159,311.0,3644,,0
2021-01-30 15:00:00,Hispanic or Latino,526.0,17685,95.0,3739,,0
2021-01-31 15:00:00,Hispanic or Latino,147.0,17832,31.0,3770,,0
2021-02-01 15:00:00,Hispanic or Latino,208.0,18040,181.0,3951,,0
2021-02-02 15:00:00,Hispanic or Latino,435.0,18475,602.0,4553,,0
2021-02-03 15:00:00,Hispanic or Latino,625.0,19100,671.0,5224,,0
2021-02-04 15:00:00,Hispanic or Latino,765.0,19865,729.0,5953,,0
2021-02-05 15:00:00,Hispanic or Latino,793.0,20658,886.0,6839,,0
2021-02-06 15:00:00,Hispanic or Latino,412.0,21070,216.0,7055,,0
2021-02-07 15:00:00,Hispanic or Latino,177.0,21247,74.0,7129,,0
2021-02-08 15:00:00,Hispanic or Latino,577.0,21824,616.0,7745,,0
2021-02-09 15:00:00,Hispanic or Latino,573.0,22397,537.0,8282,,0
2021-02-10 15:00:00,Hispanic or Latino,712.0,23109,699.0,8981,,0
2021-02-11 15:00:00,Hispanic or Latino,886.0,23995,748.0,9729,,0
2021-02-12 15:00:00,Hispanic or Latino,798.0,24793,861.0,10590,,0
2021-02-13 15:00:00,Hispanic or Latino,382.0,25175,224.0,10814,,0
2021-02-14 15:00:00,Hispanic or Latino,296.0,25471,66.0,10880,,0
2021-02-15 15:00:00,Hispanic or Latino,346.0,25817,379.0,11259,,0
2021-02-16 15:00:00,Hispanic or Latino,538.0,26355,561.0,11820,,0
2021-02-17 15:00:00,Hispanic or Latino,693.0,27048,740.0,12560,,0
2021-02-18 15:00:00,Hispanic or Latino,123.0,27171,146.0,12706,,0
2021-02-19 15:00:00,Hispanic or Latino,379.0,27550,780.0,13486,,0
2021-02-20 15:00:00,Hispanic or Latino,384.0,27934,647.0,14133,,0
2021-02-21 15:00:00,Hispanic or Latino,325.0,28259,260.0,14393,,0
2021-02-22 15:00:00,Hispanic or Latino,301.0,28560,439.0,14832,,0
2021-02-23 15:00:00,Hispanic or Latino,555.0,29115,508.0,15340,,0
2021-02-24 15:00:00,Hispanic or Latino,580.0,29695,838.0,16178,,0
2021-02-25 15:00:00,Hispanic or Latino,801.0,30496,851.0,17029,,0
2021-02-26 15:00:00,Hispanic or Latino,1139.0,31635,874.0,17903,,0
2021-02-27 15:00:00,Hispanic or Latino,684.0,32319,381.0,18284,,0
2021-02-28 15:00:00,Hispanic or Latino,753.0,33072,189.0,18473,,0
2021-03-01 15:00:00,Hispanic or Latino,1242.0,34314,468.0,18941,,0
2021-03-02 15:00:00,Hispanic or Latino,1076.0,35390,372.0,19313,1.0,1
2021-03-03 15:00:00,Hispanic or Latino,1223.0,36613,660.0,19973,14.0,15
2021-03-04 15:00:00,Hispanic or Latino,1360.0,37973,523.0,20496,150.0,165
2021-03-05 15:00:00,Hispanic or Latino,1687.0,39660,621.0,21117,202.0,367
2021-03-06 15:00:00,Hispanic or Latino,904.0,40564,288.0,21405,378.0,745
2021-03-07 15:00:00,Hispanic or Latino,605.0,41169,227.0,21632,289.0,1034
2021-03-08 15:00:00,Hispanic or Latino,1264.0,42433,344.0,21976,369.0,1403
2021-03-09 15:00:00,Hispanic or Latino,1261.0,43694,490.0,22466,446.0,1849
2021-03-10 15:00:00,Hispanic or Latino,1427.0,45121,627.0,23093,542.0,2391
2021-03-11 15:00:00,Hispanic or Latino,1743.0,46864,683.0,23776,258.0,2649
2021-03-12 15:00:00,Hispanic or Latino,2119.0,48983,697.0,24473,229.0,2878
2021-03-13 15:00:00,Hispanic or Latino,1241.0,50224,407.0,24880,209.0,3087
2021-03-14 15:00:00,Hispanic or Latino,1577.0,51801,232.0,25112,110.0,3197
2021-03-15 15:00:00,Hispanic or Latino,1802.0,53603,369.0,25481,43.0,3240
2021-03-16 15:00:00,Hispanic or Latino,2095.0,55698,456.0,25937,22.0,3262
2021-03-17 15:00:00,Hispanic or Latino,2520.0,58218,611.0,26548,62.0,3324
2021-04-01 15:00:00,Unknown,1480.0,77157,1147.0,37229,569.0,5513
2021-04-02 15:00:00,Unknown,1705.0,78862,1163.0,38392,664.0,6177
2021-04-03 15:00:00,Unknown,1496.0,80358,708.0,39100,579.0,6756
2021-04-04 15:00:00,Unknown,533.0,80891,554.0,39654,43.0,6799
2021-04-05 15:00:00,Unknown,1682.0,82573,1038.0,40692,593.0,7392
2021-04-06 15:00:00,Unknown,1991.0,84564,1133.0,41825,762.0,8154
2021-04-07 15:00:00,Unknown,2225.0,86789,1218.0,43043,1218.0,9372
2021-04-08 15:00:00,Unknown,2852.0,89641,1338.0,44381,1368.0,10740
2021-04-09 15:00:00,Unknown,3052.0,92693,999.0,45380,1177.0,11917
2021-04-10 15:00:00,Unknown,2712.0,95405,900.0,46280,897.0,12814
2021-04-11 15:00:00,Unknown,2258.0,97663,929.0,47209,963.0,13777
2021-04-12 15:00:00,Unknown,2556.0,100219,1667.0,48876,987.0,14764
2021-04-13 15:00:00,Unknown,3058.0,103277,1721.0,50597,30.0,14794
2021-04-14 15:00:00,Unknown,2941.0,106218,1937.0,52534,9.0,14803
2021-04-15 15:00:00,Unknown,3543.0,109761,2089.0,54623,12.0,14815
2021-04-16 15:00:00,Unknown,3157.0,112918,2104.0,56727,2.0,14817
2021-04-17 15:00:00,Unknown,3413.0,116331,1403.0,58130,1.0,14818
2021-04-18 15:00:00,Unknown,2681.0,119012,1468.0,59598,,14818
2021-04-19 15:00:00,Unknown,2594.0,121606,2169.0,61767,2.0,14820
2021-04-20 15:00:00,Unknown,2108.0,123714,1914.0,63681,,14820
2021-04-21 15:00:00,Unknown,2858.0,126572,2299.0,65980,,14820
2021-04-22 15:00:00,Unknown,2558.0,129130,1225.0,67205,,14820
2021-04-23 15:00:00,Unknown,3003.0,132133,1805.0,69010,1.0,14821
2021-04-24 15:00:00,Unknown,2887.0,135020,1661.0,70671,3.0,14824
2021-04-25 15:00:00,Unknown,2221.0,137241,708.0,71379,,14824
2021-04-26 15:00:00,Unknown,1684.0,138925,1499.0,72878,11.0,14835
2021-04-27 15:00:00,Unknown,2167.0,141092,1394.0,74272,77.0,14912
2021-04-28 15:00:00,Unknown,1989.0,143081,2341.0,76613,89.0,15001
2021-04-29 15:00:00,Unknown,1737.0,144818,2568.0,79181,73.0,15074
2021-04-30 15:00:00,Unknown,1848.0,146666,2591.0,81772,111.0,15185
2021-05-01 15:00:00,Unknown,1510.0,148176,2578.0,84350,57.0,15242
2021-05-02 15:00:00,Unknown,1132.0,149308,2043.0,86393,32.0,15274
2021-05-03 15:00:00,Unknown,742.0,150050,2580.0,88973,85.0,15359
2021-05-04 15:00:00,Unknown,733.0,150783,2841.0,91814,99.0,15458
2021-05-05 15:00:00,Unknown,1317.0,152100,2800.0,94614,106.0,15564
2021-05-06 15:00:00,Unknown,1144.0,153244,3108.0,97722,94.0,15658
2021-05-07 15:00:00,Unknown,1211.0,154455,2716.0,100438,104.0,15762
2021-05-08 15:00:00,Unknown,974.0,155429,2945.0,103383,102.0,15864
2021-05-09 15:00:00,Unknown,658.0,156087,1438.0,104821,35.0,15899
2021-05-10 15:00:00,Unknown,603.0,156690,2714.0,107535,78.0,15977
2021-05-11 15:00:00,Unknown,718.0,157408,2203.0,109738,82.0,16059
2021-05-12 15:00:00,Unknown,837.0,158245,2591.0,112329,159.0,16218
2021-05-13 15:00:00,Unknown,980.0,159225,2202.0,114531,139.0,16357
2021-05-14 15:00:00,Unknown,1163.0,160388,2274.0,116805,181.0,16538
2021-05-15 15:00:00,Unknown,1337.0,161725,2312.0,119117,241.0,16779
2021-05-16 15:00:00,Unknown,553.0,162278,1996.0,121113,197.0,16976
2021-05-17 15:00:00,Unknown,575.0,162853,1689.0,122802,218.0,17194
2021-05-18 15:00:00,Unknown,1011.0,163864,2443.0,125245,185.0,17379
2021-05-19 15:00:00,Unknown,1179.0,165043,2393.0,127638,156.0,17535
2021-05-20 15:00:00,Unknown,973.0,166016,2023.0,129661,170.0,17705
2021-05-21 15:00:00,Unknown,1014.0,167030,1978.0,131639,192.0,17897
2021-05-22 15:00:00,Unknown,1111.0,168141,1161.0,132800,229.0,18126
2021-05-23 15:00:00,Unknown,600.0,168741,1222.0,134022,189.0,18315
2021-05-24 15:00:00,Unknown,568.0,169309,801.0,134823,215.0,18530
2021-05-25 15:00:00,Unknown,740.0,170049,850.0,135673,135.0,18665
2021-05-26 15:00:00,Unknown,832.0,170881,1078.0,136751,176.0,18841
2021-05-27 15:00:00,Unknown,596.0,171477,960.0,137711,136.0,18977
2021-05-28 15:00:00,Unknown,621.0,172098,1173.0,138884,177.0,19154
2021-05-29 15:00:00,Unknown,687.0,172785,1186.0,140070,228.0,19382
2021-05-30 15:00:00,Unknown,350.0,173135,828.0,140898,136.0,19518
2021-05-31 15:00:00,Unknown,63.0,173198,203.0,141101,71.0,19589
2021-06-01 15:00:00,Unknown,512.0,173710,901.0,142002,133.0,19722
2021-06-02 15:00:00,Unknown,517.0,174227,965.0,142967,83.0,19805
2021-06-03 15:00:00,Unknown,396.0,174623,955.0,143922,100.0,19905
2021-06-04 15:00:00,Unknown,405.0,175028,1094.0,145016,87.0,19992
2021-06-05 15:00:00,Unknown,443.0,175471,1140.0,146156,46.0,20038
2021-06-06 15:00:00,Unknown,198.0,175669,469.0,146625,70.0,20108
2021-06-07 15:00:00,Unknown,344.0,176013,408.0,147033,50.0,20158
2021-06-08 15:00:00,Unknown,338.0,176351,763.0,147796,81.0,20239
2021-06-09 15:00:00,Unknown,421.0,176772,907.0,148703,65.0,20304
2021-06-10 15:00:00,Unknown,401.0,177173,823.0,149526,69.0,20373
2021-06-11 15:00:00,Unknown,446.0,177619,869.0,150395,104.0,20477
2021-06-12 15:00:00,Unknown,413.0,178032,1023.0,151418,86.0,20563
2021-06-13 15:00:00,Unknown,202.0,178234,471.0,151889,55.0,20618
2021-06-14 15:00:00,Unknown,278.0,178512,371.0,152260,52.0,20670
2021-06-15 15:00:00,Unknown,348.0,178860,765.0,153025,104.0,20774
2021-06-16 15:00:00,Unknown,308.0,179168,685.0,153710,72.0,20846
2021-06-17 15:00:00,Unknown,311.0,179479,527.0,154237,84.0,20930
2021-06-18 15:00:00,Unknown,325.0,179804,573.0,154810,56.0,20986
2021-06-19 15:00:00,Unknown,267.0,180071,616.0,155426,48.0,21034
2021-06-20 15:00:00,Unknown,158.0,180229,261.0,155687,32.0,21066
2021-06-21 15:00:00,Unknown,259.0,180488,173.0,155860,31.0,21097
2021-06-22 15:00:00,Unknown,330.0,180818,477.0,156337,90.0,21187
2021-06-23 15:00:00,Unknown,306.0,181124,439.0,156776,44.0,21231
2021-06-24 15:00:00,Unknown,296.0,181420,321.0,157097,43.0,21274
2021-06-25 15:00:00,Unknown,295.0,181715,351.0,157448,53.0,21327
2021-06-26 15:00:00,Unknown,221.0,181936,364.0,157812,60.0,21387
2021-06-27 15:00:00,Unknown,174.0,182110,158.0,157970,14.0,21401
2021-06-28 15:00:00,Unknown,309.0,182419,233.0,158203,27.0,21428
2021-06-29 15:00:00,Unknown,333.0,182752,312.0,158515,44.0,21472
2021-06-30 15:00:00,Unknown,301.0,183053,295.0,158810,40.0,21512
2021-07-01 15:00:00,Unknown,276.0,183329,340.0,159150,51.0,21563
2021-07-02 15:00:00,Unknown,261.0,183590,340.0,159490,34.0,21597
2021-07-03 15:00:00,Unknown,234.0,183824,266.0,159756,23.0,21620
2021-07-04 15:00:00,Unknown,25.0,183849,15.0,159771,4.0,21624
2021-07-05 15:00:00,Unknown,257.0,184106,204.0,159975,15.0,21639
2021-07-06 15:00:00,Unknown,243.0,184349,283.0,160258,60.0,21699
2021-07-07 15:00:00,Unknown,265.0,184614,233.0,160491,30.0,21729
2021-07-08 15:00:00,Unknown,269.0,184883,208.0,160699,57.0,21786
2021-07-09 15:00:00,Unknown,221.0,185104,246.0,160945,64.0,21850
2021-07-10 15:00:00,Unknown,193.0,185297,219.0,161164,32.0,21882
2021-07-11 15:00:00,Unknown,153.0,185450,179.0,161343,16.0,21898
2021-07-12 15:00:00,Unknown,219.0,185669,202.0,161545,22.0,21920
2021-07-13 15:00:00,Unknown,269.0,185938,214.0,161759,17.0,21937
2021-07-14 15:00:00,Unknown,246.0,186184,203.0,161962,16.0,21953
2021-07-15 15:00:00,Unknown,230.0,186414,201.0,162163,24.0,21977
2021-03-18 15:00:00,Hispanic or Latino,2647.0,60865,437.0,26985,99.0,3423
2021-03-19 15:00:00,Hispanic or Latino,2648.0,63513,568.0,27553,87.0,3510
2021-03-20 15:00:00,Hispanic or Latino,2178.0,65691,441.0,27994,50.0,3560
2021-03-21 15:00:00,Hispanic or Latino,1650.0,67341,469.0,28463,11.0,3571
2021-03-22 15:00:00,Hispanic or Latino,2270.0,69611,473.0,28936,31.0,3602
2021-03-23 15:00:00,Hispanic or Latino,2679.0,72290,653.0,29589,133.0,3735
2021-03-24 15:00:00,Hispanic or Latino,3251.0,75541,851.0,30440,207.0,3942
2021-03-25 15:00:00,Hispanic or Latino,3379.0,78920,875.0,31315,117.0,4059
2021-03-26 15:00:00,Hispanic or Latino,2550.0,81470,1304.0,32619,201.0,4260
2021-03-27 15:00:00,Hispanic or Latino,2257.0,83727,834.0,33453,157.0,4417
2021-03-28 15:00:00,Hispanic or Latino,1133.0,84860,589.0,34042,78.0,4495
2021-03-29 15:00:00,Hispanic or Latino,2039.0,86899,1289.0,35331,60.0,4555
2021-03-30 15:00:00,Hispanic or Latino,2781.0,89680,1237.0,36568,112.0,4667
2021-03-31 15:00:00,Hispanic or Latino,3463.0,93143,1408.0,37976,391.0,5058
2021-04-01 15:00:00,Hispanic or Latino,2891.0,96034,1896.0,39872,314.0,5372
2021-04-02 15:00:00,Hispanic or Latino,2781.0,98815,1959.0,41831,352.0,5724
2021-04-03 15:00:00,Hispanic or Latino,2160.0,100975,1036.0,42867,278.0,6002
2021-04-04 15:00:00,Hispanic or Latino,702.0,101677,590.0,43457,49.0,6051
2021-04-05 15:00:00,Hispanic or Latino,2329.0,104006,1550.0,45007,363.0,6414
2021-04-06 15:00:00,Hispanic or Latino,3106.0,107112,1803.0,46810,524.0,6938
2021-04-07 15:00:00,Hispanic or Latino,3615.0,110727,1818.0,48628,887.0,7825
2021-04-08 15:00:00,Hispanic or Latino,3374.0,114101,1974.0,50602,1202.0,9027
2021-04-09 15:00:00,Hispanic or Latino,3296.0,117397,2255.0,52857,1120.0,10147
2021-04-10 15:00:00,Hispanic or Latino,2253.0,119650,1598.0,54455,621.0,10768
2021-04-11 15:00:00,Hispanic or Latino,2193.0,121843,1372.0,55827,672.0,11440
2021-04-12 15:00:00,Hispanic or Latino,2202.0,124045,2142.0,57969,787.0,12227
2021-04-13 15:00:00,Hispanic or Latino,3636.0,127681,2575.0,60544,29.0,12256
2021-04-14 15:00:00,Hispanic or Latino,4474.0,132155,2639.0,63183,35.0,12291
2021-04-15 15:00:00,Hispanic or Latino,3736.0,135891,2311.0,65494,24.0,12315
2021-04-16 15:00:00,Hispanic or Latino,3767.0,139658,2810.0,68304,,12315
2021-04-17 15:00:00,Hispanic or Latino,3718.0,143376,1869.0,70173,,12315
2021-04-18 15:00:00,Hispanic or Latino,2468.0,145844,1214.0,71387,,12315
2021-04-19 15:00:00,Hispanic or Latino,3430.0,149274,1985.0,73372,6.0,12321
2021-04-20 15:00:00,Hispanic or Latino,3652.0,152926,2519.0,75891,,12321
2021-04-21 15:00:00,Hispanic or Latino,5224.0,158150,3397.0,79288,1.0,12322
2021-04-22 15:00:00,Hispanic or Latino,4031.0,162181,3327.0,82615,,12322
2021-04-23 15:00:00,Hispanic or Latino,3903.0,166084,3131.0,85746,,12322
2021-04-24 15:00:00,Hispanic or Latino,4389.0,170473,2623.0,88369,7.0,12329
2021-04-25 15:00:00,Hispanic or Latino,2937.0,173410,849.0,89218,3.0,12332
2021-04-26 15:00:00,Hispanic or Latino,3627.0,177037,2473.0,91691,15.0,12347
2021-04-27 15:00:00,Hispanic or Latino,3599.0,180636,2613.0,94304,110.0,12457
2021-04-28 15:00:00,Hispanic or Latino,3727.0,184363,3741.0,98045,139.0,12596
2021-04-29 15:00:00,Hispanic or Latino,3661.0,188024,3163.0,101208,157.0,12753
2021-04-30 15:00:00,Hispanic or Latino,4322.0,192346,2798.0,104006,180.0,12933
2021-05-01 15:00:00,Hispanic or Latino,3540.0,195886,2518.0,106524,136.0,13069
2021-05-02 15:00:00,Hispanic or Latino,1658.0,197544,1668.0,108192,126.0,13195
2021-05-03 15:00:00,Hispanic or Latino,1981.0,199525,2255.0,110447,236.0,13431
2021-05-04 15:00:00,Hispanic or Latino,1952.0,201477,3231.0,113678,177.0,13608
2021-05-05 15:00:00,Hispanic or Latino,2979.0,204456,3926.0,117604,221.0,13829
2021-05-06 15:00:00,Hispanic or Latino,2255.0,206711,3524.0,121128,166.0,13995
2021-05-07 15:00:00,Hispanic or Latino,3060.0,209771,3750.0,124878,200.0,14195
2021-05-08 15:00:00,Hispanic or Latino,2063.0,211834,3301.0,128179,173.0,14368
2021-05-09 15:00:00,Hispanic or Latino,966.0,212800,1503.0,129682,102.0,14470
2021-05-10 15:00:00,Hispanic or Latino,1318.0,214118,3145.0,132827,138.0,14608
2021-05-11 15:00:00,Hispanic or Latino,1849.0,215967,3138.0,135965,155.0,14763
2021-05-12 15:00:00,Hispanic or Latino,2243.0,218210,4369.0,140334,338.0,15101
2021-05-13 15:00:00,Hispanic or Latino,2618.0,220828,3526.0,143860,121.0,15222
2021-05-14 15:00:00,Hispanic or Latino,3356.0,224184,3030.0,146890,191.0,15413
2021-05-15 15:00:00,Hispanic or Latino,3400.0,227584,3459.0,150349,240.0,15653
2021-05-16 15:00:00,Hispanic or Latino,1401.0,228985,2350.0,152699,200.0,15853
2021-05-17 15:00:00,Hispanic or Latino,1938.0,230923,3157.0,155856,199.0,16052
2021-07-16 15:00:00,Unknown,251.0,186665,206.0,162369,23.0,22000
2021-07-17 15:00:00,Unknown,204.0,186869,155.0,162524,28.0,22028
2021-07-18 15:00:00,Unknown,210.0,187079,117.0,162641,3.0,22031
2021-07-19 15:00:00,Unknown,300.0,187379,223.0,162864,22.0,22053
2021-07-20 15:00:00,Unknown,344.0,187723,234.0,163098,27.0,22080
2021-07-21 15:00:00,Unknown,292.0,188015,199.0,163297,17.0,22097
2021-07-22 15:00:00,Unknown,351.0,188366,192.0,163489,33.0,22130
2021-07-23 15:00:00,Unknown,327.0,188693,195.0,163684,26.0,22156
2021-07-24 15:00:00,Unknown,275.0,188968,152.0,163836,13.0,22169
2021-07-25 15:00:00,Unknown,197.0,189165,56.0,163892,2.0,22171
2021-07-26 15:00:00,Unknown,347.0,189512,206.0,164098,20.0,22191
2021-07-27 15:00:00,Unknown,367.0,189879,176.0,164274,17.0,22208
2021-07-28 15:00:00,Unknown,326.0,190205,187.0,164461,11.0,22219
2021-07-29 15:00:00,Unknown,342.0,190547,211.0,164672,24.0,22243
2021-07-30 15:00:00,Unknown,407.0,190954,158.0,164830,38.0,22281
2021-07-31 15:00:00,Unknown,253.0,191207,128.0,164958,22.0,22303
2021-08-01 15:00:00,Unknown,217.0,191424,97.0,165055,12.0,22315
2021-08-02 15:00:00,Unknown,392.0,191816,149.0,165204,26.0,22341
2021-08-03 15:00:00,Unknown,395.0,192211,168.0,165372,45.0,22386
2021-08-04 15:00:00,Unknown,390.0,192601,155.0,165527,35.0,22421
2021-08-05 15:00:00,Unknown,369.0,192970,169.0,165696,45.0,22466
2021-08-06 15:00:00,Unknown,403.0,193373,175.0,165871,25.0,22491
2021-08-07 15:00:00,Unknown,283.0,193656,119.0,165990,18.0,22509
2021-08-08 15:00:00,Unknown,230.0,193886,102.0,166092,5.0,22514
2021-08-09 15:00:00,Unknown,369.0,194255,196.0,166288,25.0,22539
2021-08-10 15:00:00,Unknown,378.0,194633,212.0,166500,26.0,22565
2021-08-11 15:00:00,Unknown,373.0,195006,181.0,166681,24.0,22589
2021-08-12 15:00:00,Unknown,397.0,195403,154.0,166835,46.0,22635
2021-08-13 15:00:00,Unknown,346.0,195749,196.0,167031,20.0,22655
2021-08-14 15:00:00,Unknown,361.0,196110,143.0,167174,14.0,22669
2021-08-15 15:00:00,Unknown,221.0,196331,120.0,167294,9.0,22678
2021-08-16 15:00:00,Unknown,377.0,196708,217.0,167511,26.0,22704
2021-08-17 15:00:00,Unknown,376.0,197084,254.0,167765,17.0,22721
2021-08-18 15:00:00,Unknown,442.0,197526,205.0,167970,30.0,22751
2021-08-19 15:00:00,Unknown,363.0,197889,224.0,168194,39.0,22790
2021-08-20 15:00:00,Unknown,380.0,198269,250.0,168444,24.0,22814
2021-08-21 15:00:00,Unknown,261.0,198530,196.0,168640,13.0,22827
2021-08-22 15:00:00,Unknown,194.0,198724,103.0,168743,3.0,22830
2021-08-23 15:00:00,Unknown,360.0,199084,258.0,169001,15.0,22845
2021-08-24 15:00:00,Unknown,373.0,199457,285.0,169286,13.0,22858
2021-08-25 15:00:00,Unknown,353.0,199810,237.0,169523,42.0,22900
2021-08-26 15:00:00,Unknown,399.0,200209,247.0,169770,42.0,22942
2021-08-27 15:00:00,Unknown,395.0,200604,251.0,170021,23.0,22965
2021-08-28 15:00:00,Unknown,312.0,200916,189.0,170210,10.0,22975
2021-08-29 15:00:00,Unknown,200.0,201116,147.0,170357,4.0,22979
2021-08-30 15:00:00,Unknown,352.0,201468,286.0,170643,18.0,22997
2021-08-31 15:00:00,Unknown,330.0,201798,315.0,170958,25.0,23022
2021-09-01 15:00:00,Unknown,298.0,202096,252.0,171210,33.0,23055
2021-09-02 15:00:00,Unknown,313.0,202409,257.0,171467,16.0,23071
2021-09-03 15:00:00,Unknown,289.0,202698,274.0,171741,17.0,23088
2021-09-04 15:00:00,Unknown,206.0,202904,213.0,171954,3.0,23091
2021-09-05 15:00:00,Unknown,180.0,203084,151.0,172105,5.0,23096
2021-09-06 15:00:00,Unknown,76.0,203160,64.0,172169,5.0,23101
2021-09-07 15:00:00,Unknown,345.0,203505,333.0,172502,21.0,23122
2021-09-08 15:00:00,Unknown,285.0,203790,250.0,172752,12.0,23134
2021-09-09 15:00:00,Unknown,294.0,204084,243.0,172995,15.0,23149
2021-09-10 15:00:00,Unknown,348.0,204432,315.0,173310,33.0,23182
2021-09-11 15:00:00,Unknown,273.0,204705,217.0,173527,45.0,23227
2021-09-12 15:00:00,Unknown,156.0,204861,149.0,173676,2.0,23229
2021-09-13 15:00:00,Unknown,297.0,205158,221.0,173897,25.0,23254
2021-09-14 15:00:00,Unknown,263.0,205421,275.0,174172,33.0,23287
2021-09-15 15:00:00,Unknown,315.0,205736,251.0,174423,30.0,23317
2021-09-16 15:00:00,Unknown,279.0,206015,250.0,174673,16.0,23333
2021-09-17 15:00:00,Unknown,279.0,206294,296.0,174969,29.0,23362
2021-09-18 15:00:00,Unknown,260.0,206554,214.0,175183,11.0,23373
2021-09-19 15:00:00,Unknown,167.0,206721,124.0,175307,5.0,23378
2021-09-20 15:00:00,Unknown,238.0,206959,228.0,175535,26.0,23404
2021-09-21 15:00:00,Unknown,295.0,207254,250.0,175785,23.0,23427
2021-09-22 15:00:00,Unknown,250.0,207504,199.0,175984,19.0,23446
2021-09-23 15:00:00,Unknown,238.0,207742,203.0,176187,17.0,23463
2021-09-24 15:00:00,Unknown,303.0,208045,222.0,176409,22.0,23485
2021-09-25 15:00:00,Unknown,232.0,208277,144.0,176553,5.0,23490
2021-09-26 15:00:00,Unknown,172.0,208449,111.0,176664,5.0,23495
2021-09-27 15:00:00,Unknown,291.0,208740,99.0,176763,18.0,23513
2021-09-28 15:00:00,Unknown,298.0,209038,198.0,176961,19.0,23532
2021-09-29 15:00:00,Unknown,276.0,209314,167.0,177128,17.0,23549
2021-09-30 15:00:00,Unknown,304.0,209618,212.0,177340,16.0,23565
2021-10-01 15:00:00,Unknown,311.0,209929,227.0,177567,22.0,23587
2021-10-02 15:00:00,Unknown,234.0,210163,143.0,177710,3.0,23590
2021-10-03 15:00:00,Unknown,161.0,210324,97.0,177807,2.0,23592
2021-10-04 15:00:00,Unknown,254.0,210578,149.0,177956,19.0,23611
2021-10-05 15:00:00,Unknown,284.0,210862,161.0,178117,18.0,23629
2021-10-06 15:00:00,Unknown,272.0,211134,150.0,178267,13.0,23642
2021-10-07 15:00:00,Unknown,288.0,211422,172.0,178439,15.0,23657
2021-10-08 15:00:00,Unknown,294.0,211716,153.0,178592,23.0,23680
2021-10-09 15:00:00,Unknown,221.0,211937,145.0,178737,9.0,23689
2021-10-10 15:00:00,Unknown,131.0,212068,100.0,178837,2.0,23691
2021-10-11 15:00:00,Unknown,277.0,212345,156.0,178993,15.0,23706
2021-10-12 15:00:00,Unknown,265.0,212610,160.0,179153,22.0,23728
2021-10-13 15:00:00,Unknown,238.0,212848,125.0,179278,9.0,23737
2021-10-14 15:00:00,Unknown,256.0,213104,185.0,179463,16.0,23753
2021-10-15 15:00:00,Unknown,250.0,213354,164.0,179627,14.0,23767
2021-10-16 15:00:00,Unknown,145.0,213499,108.0,179735,5.0,23772
2021-10-17 15:00:00,Unknown,102.0,213601,86.0,179821,2.0,23774
2021-10-18 15:00:00,Unknown,244.0,213845,152.0,179973,18.0,23792
2021-10-19 15:00:00,Unknown,235.0,214080,142.0,180115,8.0,23800
2021-10-20 15:00:00,Unknown,267.0,214347,106.0,180221,5.0,23805
2021-10-21 15:00:00,Unknown,117.0,214464,56.0,180277,22.0,23827
2020-12-14 15:00:00,Not Hispanic or Latino,14.0,14,,0,,0
2020-12-15 15:00:00,Not Hispanic or Latino,45.0,59,2.0,2,,0
2020-12-16 15:00:00,Not Hispanic or Latino,545.0,604,2.0,4,,0
2020-12-17 15:00:00,Not Hispanic or Latino,1081.0,1685,2.0,6,,0
2020-12-18 15:00:00,Not Hispanic or Latino,2860.0,4545,11.0,17,,0
2020-12-19 15:00:00,Not Hispanic or Latino,860.0,5405,5.0,22,,0
2020-12-20 15:00:00,Not Hispanic or Latino,301.0,5706,3.0,25,,0
2020-12-21 15:00:00,Not Hispanic or Latino,3646.0,9352,16.0,41,,0
2020-12-22 15:00:00,Not Hispanic or Latino,5748.0,15100,15.0,56,,0
2021-05-18 15:00:00,Hispanic or Latino,2881.0,233804,3800.0,159656,232.0,16284
2021-05-19 15:00:00,Hispanic or Latino,4087.0,237891,4031.0,163687,242.0,16526
2021-05-20 15:00:00,Hispanic or Latino,3118.0,241009,3928.0,167615,225.0,16751
2021-05-21 15:00:00,Hispanic or Latino,2949.0,243958,4329.0,171944,226.0,16977
2021-05-22 15:00:00,Hispanic or Latino,3290.0,247248,3461.0,175405,246.0,17223
2021-05-23 15:00:00,Hispanic or Latino,1809.0,249057,2041.0,177446,171.0,17394
2021-05-24 15:00:00,Hispanic or Latino,2033.0,251090,2461.0,179907,180.0,17574
2021-05-25 15:00:00,Hispanic or Latino,2176.0,253266,2484.0,182391,163.0,17737
2021-05-26 15:00:00,Hispanic or Latino,2831.0,256097,2918.0,185309,161.0,17898
2021-05-27 15:00:00,Hispanic or Latino,1710.0,257807,2400.0,187709,121.0,18019
2021-05-28 15:00:00,Hispanic or Latino,2188.0,259995,3204.0,190913,197.0,18216
2021-05-29 15:00:00,Hispanic or Latino,2416.0,262411,2287.0,193200,147.0,18363
2021-05-30 15:00:00,Hispanic or Latino,1171.0,263582,1082.0,194282,110.0,18473
2021-05-31 15:00:00,Hispanic or Latino,300.0,263882,549.0,194831,43.0,18516
2021-06-01 15:00:00,Hispanic or Latino,1773.0,265655,2262.0,197093,157.0,18673
2021-06-02 15:00:00,Hispanic or Latino,2039.0,267694,2170.0,199263,124.0,18797
2021-06-03 15:00:00,Hispanic or Latino,1490.0,269184,2261.0,201524,124.0,18921
2021-06-04 15:00:00,Hispanic or Latino,1528.0,270712,3229.0,204753,130.0,19051
2021-06-05 15:00:00,Hispanic or Latino,1612.0,272324,2695.0,207448,123.0,19174
2021-06-06 15:00:00,Hispanic or Latino,1010.0,273334,867.0,208315,89.0,19263
2021-06-07 15:00:00,Hispanic or Latino,1432.0,274766,1767.0,210082,106.0,19369
2021-06-08 15:00:00,Hispanic or Latino,1312.0,276078,2593.0,212675,113.0,19482
2021-06-09 15:00:00,Hispanic or Latino,1961.0,278039,3588.0,216263,140.0,19622
2021-06-10 15:00:00,Hispanic or Latino,1403.0,279442,3057.0,219320,110.0,19732
2021-06-11 15:00:00,Hispanic or Latino,1700.0,281142,2733.0,222053,193.0,19925
2021-06-12 15:00:00,Hispanic or Latino,1388.0,282530,3119.0,225172,117.0,20042
2021-06-13 15:00:00,Hispanic or Latino,566.0,283096,1498.0,226670,111.0,20153
2021-06-14 15:00:00,Hispanic or Latino,1267.0,284363,1829.0,228499,130.0,20283
2021-06-15 15:00:00,Hispanic or Latino,1086.0,285449,2298.0,230797,128.0,20411
2021-06-16 15:00:00,Hispanic or Latino,1448.0,286897,2683.0,233480,105.0,20516
2021-06-17 15:00:00,Hispanic or Latino,1402.0,288299,1919.0,235399,106.0,20622
2021-06-18 15:00:00,Hispanic or Latino,1433.0,289732,2156.0,237555,115.0,20737
2021-06-19 15:00:00,Hispanic or Latino,1174.0,290906,2237.0,239792,155.0,20892
2021-06-20 15:00:00,Hispanic or Latino,760.0,291666,1268.0,241060,132.0,21024
2021-06-21 15:00:00,Hispanic or Latino,1279.0,292945,835.0,241895,109.0,21133
2021-06-22 15:00:00,Hispanic or Latino,1170.0,294115,1688.0,243583,148.0,21281
2021-06-23 15:00:00,Hispanic or Latino,1368.0,295483,1934.0,245517,84.0,21365
2021-06-24 15:00:00,Hispanic or Latino,1186.0,296669,1296.0,246813,106.0,21471
2021-06-25 15:00:00,Hispanic or Latino,1149.0,297818,1592.0,248405,76.0,21547
2021-06-26 15:00:00,Hispanic or Latino,981.0,298799,1467.0,249872,123.0,21670
2021-06-27 15:00:00,Hispanic or Latino,824.0,299623,868.0,250740,65.0,21735
2021-06-28 15:00:00,Hispanic or Latino,955.0,300578,1237.0,251977,65.0,21800
2021-06-29 15:00:00,Hispanic or Latino,1025.0,301603,1222.0,253199,117.0,21917
2021-06-30 15:00:00,Hispanic or Latino,1144.0,302747,1518.0,254717,96.0,22013
2021-07-01 15:00:00,Hispanic or Latino,951.0,303698,1180.0,255897,66.0,22079
2021-07-02 15:00:00,Hispanic or Latino,1160.0,304858,1392.0,257289,94.0,22173
2021-07-03 15:00:00,Hispanic or Latino,810.0,305668,889.0,258178,85.0,22258
2021-07-04 15:00:00,Hispanic or Latino,108.0,305776,97.0,258275,9.0,22267
2021-07-05 15:00:00,Hispanic or Latino,781.0,306557,810.0,259085,42.0,22309
2021-07-06 15:00:00,Hispanic or Latino,834.0,307391,1132.0,260217,53.0,22362
2021-07-07 15:00:00,Hispanic or Latino,886.0,308277,1294.0,261511,97.0,22459
2021-07-08 15:00:00,Hispanic or Latino,959.0,309236,1240.0,262751,134.0,22593
2021-07-09 15:00:00,Hispanic or Latino,1095.0,310331,1398.0,264149,107.0,22700
2021-07-10 15:00:00,Hispanic or Latino,897.0,311228,1011.0,265160,50.0,22750
2021-07-11 15:00:00,Hispanic or Latino,901.0,312129,687.0,265847,78.0,22828
2021-07-12 15:00:00,Hispanic or Latino,821.0,312950,1089.0,266936,40.0,22868
2021-07-13 15:00:00,Hispanic or Latino,923.0,313873,950.0,267886,71.0,22939
2021-07-14 15:00:00,Hispanic or Latino,885.0,314758,1101.0,268987,75.0,23014
2021-07-15 15:00:00,Hispanic or Latino,960.0,315718,948.0,269935,58.0,23072
2021-07-16 15:00:00,Hispanic or Latino,995.0,316713,1052.0,270987,98.0,23170
2021-07-17 15:00:00,Hispanic or Latino,784.0,317497,886.0,271873,85.0,23255
2020-12-23 15:00:00,Not Hispanic or Latino,5402.0,20502,26.0,82,,0
2020-12-24 15:00:00,Not Hispanic or Latino,2566.0,23068,9.0,91,,0
2020-12-25 15:00:00,Not Hispanic or Latino,848.0,23916,3.0,94,,0
2020-12-26 15:00:00,Not Hispanic or Latino,1660.0,25576,8.0,102,,0
2020-12-27 15:00:00,Not Hispanic or Latino,1619.0,27195,9.0,111,,0
2020-12-28 15:00:00,Not Hispanic or Latino,8422.0,35617,36.0,147,,0
2020-12-29 15:00:00,Not Hispanic or Latino,10119.0,45736,34.0,181,,0
2020-12-30 15:00:00,Not Hispanic or Latino,11616.0,57352,61.0,242,,0
2020-12-31 15:00:00,Not Hispanic or Latino,6975.0,64327,32.0,274,,0
2021-01-01 15:00:00,Not Hispanic or Latino,2267.0,66594,95.0,369,,0
2021-01-02 15:00:00,Not Hispanic or Latino,2734.0,69328,29.0,398,,0
2021-01-03 15:00:00,Not Hispanic or Latino,3021.0,72349,71.0,469,,0
2021-01-04 15:00:00,Not Hispanic or Latino,12096.0,84445,291.0,760,,0
2021-01-05 15:00:00,Not Hispanic or Latino,11516.0,95961,476.0,1236,,0
2021-01-06 15:00:00,Not Hispanic or Latino,13964.0,109925,795.0,2031,,0
2021-01-07 15:00:00,Not Hispanic or Latino,13745.0,123670,1625.0,3656,,0
2021-01-08 15:00:00,Not Hispanic or Latino,14778.0,138448,2584.0,6240,,0
2021-01-09 15:00:00,Not Hispanic or Latino,4727.0,143175,874.0,7114,,0
2021-01-10 15:00:00,Not Hispanic or Latino,2606.0,145781,338.0,7452,,0
2021-01-11 15:00:00,Not Hispanic or Latino,12816.0,158597,3211.0,10663,,0
2021-01-12 15:00:00,Not Hispanic or Latino,15919.0,174516,5098.0,15761,,0
2021-01-13 15:00:00,Not Hispanic or Latino,17443.0,191959,3630.0,19391,,0
2021-01-14 15:00:00,Not Hispanic or Latino,16711.0,208670,1789.0,21180,,0
2021-01-15 15:00:00,Not Hispanic or Latino,18096.0,226766,1746.0,22926,,0
2021-01-16 15:00:00,Not Hispanic or Latino,5332.0,232098,1410.0,24336,,0
2021-01-17 15:00:00,Not Hispanic or Latino,1894.0,233992,1344.0,25680,,0
2021-01-18 15:00:00,Not Hispanic or Latino,6702.0,240694,2955.0,28635,,0
2021-01-19 15:00:00,Not Hispanic or Latino,16348.0,257042,4941.0,33576,,0
2021-01-20 15:00:00,Not Hispanic or Latino,20236.0,277278,4888.0,38464,,0
2021-01-21 15:00:00,Not Hispanic or Latino,22571.0,299849,3459.0,41923,,0
2021-01-22 15:00:00,Not Hispanic or Latino,27282.0,327131,3333.0,45256,,0
2021-01-23 15:00:00,Not Hispanic or Latino,9317.0,336448,1693.0,46949,,0
2021-01-24 15:00:00,Not Hispanic or Latino,3061.0,339509,1525.0,48474,,0
2021-01-25 15:00:00,Not Hispanic or Latino,15743.0,355252,7772.0,56246,,0
2021-01-26 15:00:00,Not Hispanic or Latino,16895.0,372147,8301.0,64547,,0
2021-01-27 15:00:00,Not Hispanic or Latino,23777.0,395924,11506.0,76053,,0
2021-01-28 15:00:00,Not Hispanic or Latino,21985.0,417909,8573.0,84626,,0
2021-01-29 15:00:00,Not Hispanic or Latino,24204.0,442113,7307.0,91933,,0
2021-01-30 15:00:00,Not Hispanic or Latino,17526.0,459639,2339.0,94272,,0
2021-01-31 15:00:00,Not Hispanic or Latino,3597.0,463236,1195.0,95467,,0
2021-02-01 15:00:00,Not Hispanic or Latino,7033.0,470269,4638.0,100105,,0
2021-02-02 15:00:00,Not Hispanic or Latino,11785.0,482054,12562.0,112667,,0
2021-02-03 15:00:00,Not Hispanic or Latino,17381.0,499435,16955.0,129622,,0
2021-02-04 15:00:00,Not Hispanic or Latino,21008.0,520443,14601.0,144223,,0
2021-02-05 15:00:00,Not Hispanic or Latino,19192.0,539635,16161.0,160384,,0
2021-02-06 15:00:00,Not Hispanic or Latino,11218.0,550853,6012.0,166396,,0
2021-02-07 15:00:00,Not Hispanic or Latino,5443.0,556296,1621.0,168017,,0
2021-02-08 15:00:00,Not Hispanic or Latino,12136.0,568432,12182.0,180199,,0
2021-02-09 15:00:00,Not Hispanic or Latino,15529.0,583961,13143.0,193342,,0
2021-02-10 15:00:00,Not Hispanic or Latino,17936.0,601897,20285.0,213627,,0
2021-02-11 15:00:00,Not Hispanic or Latino,21333.0,623230,16371.0,229998,,0
2021-02-12 15:00:00,Not Hispanic or Latino,18972.0,642202,18502.0,248500,,0
2021-02-13 15:00:00,Not Hispanic or Latino,10659.0,652861,5956.0,254456,,0
2021-02-14 15:00:00,Not Hispanic or Latino,6440.0,659301,1910.0,256366,,0
2021-02-15 15:00:00,Not Hispanic or Latino,11040.0,670341,12437.0,268803,,0
2021-02-16 15:00:00,Not Hispanic or Latino,15463.0,685804,20498.0,289301,,0
2021-02-17 15:00:00,Not Hispanic or Latino,19289.0,705093,25866.0,315167,,0
2021-02-18 15:00:00,Not Hispanic or Latino,2862.0,707955,4348.0,319515,,0
2021-02-19 15:00:00,Not Hispanic or Latino,9495.0,717450,19166.0,338681,,0
2021-02-20 15:00:00,Not Hispanic or Latino,9423.0,726873,19757.0,358438,,0
2021-02-21 15:00:00,Not Hispanic or Latino,5564.0,732437,7349.0,365787,,0
2021-02-22 15:00:00,Not Hispanic or Latino,7451.0,739888,15010.0,380797,,0
2021-02-23 15:00:00,Not Hispanic or Latino,14558.0,754446,15509.0,396306,,0
2021-02-24 15:00:00,Not Hispanic or Latino,16951.0,771397,23803.0,420109,,0
2021-02-25 15:00:00,Not Hispanic or Latino,19120.0,790517,25382.0,445491,,0
2021-02-26 15:00:00,Not Hispanic or Latino,25050.0,815567,24916.0,470407,,0
2021-02-27 15:00:00,Not Hispanic or Latino,14951.0,830518,10959.0,481366,,0
2021-02-28 15:00:00,Not Hispanic or Latino,14240.0,844758,4434.0,485800,,0
2021-03-01 15:00:00,Not Hispanic or Latino,23998.0,868756,11645.0,497445,,0
2021-03-02 15:00:00,Not Hispanic or Latino,22258.0,891014,12502.0,509947,29.0,29
2021-03-03 15:00:00,Not Hispanic or Latino,28155.0,919169,17243.0,527190,157.0,186
2021-03-04 15:00:00,Not Hispanic or Latino,28903.0,948072,17057.0,544247,3828.0,4014
2021-03-05 15:00:00,Not Hispanic or Latino,27019.0,975091,18302.0,562549,4623.0,8637
2021-03-06 15:00:00,Not Hispanic or Latino,16312.0,991403,8375.0,570924,5443.0,14080
2021-03-07 15:00:00,Not Hispanic or Latino,11039.0,1002442,4304.0,575228,6068.0,20148
2021-03-08 15:00:00,Not Hispanic or Latino,24082.0,1026524,8203.0,583431,7593.0,27741
2021-03-09 15:00:00,Not Hispanic or Latino,24352.0,1050876,14526.0,597957,7573.0,35314
2021-03-10 15:00:00,Not Hispanic or Latino,27938.0,1078814,14891.0,612848,6966.0,42280
2021-03-11 15:00:00,Not Hispanic or Latino,33338.0,1112152,15316.0,628164,3596.0,45876
2021-03-12 15:00:00,Not Hispanic or Latino,33958.0,1146110,16837.0,645001,2541.0,48417
2021-03-13 15:00:00,Not Hispanic or Latino,20650.0,1166760,9493.0,654494,1322.0,49739
2021-03-14 15:00:00,Not Hispanic or Latino,15389.0,1182149,6151.0,660645,825.0,50564
2021-03-15 15:00:00,Not Hispanic or Latino,26670.0,1208819,10664.0,671309,523.0,51087
2021-03-16 15:00:00,Not Hispanic or Latino,30054.0,1238873,12594.0,683903,709.0,51796
2021-03-17 15:00:00,Not Hispanic or Latino,33718.0,1272591,15811.0,699714,1057.0,52853
2021-03-18 15:00:00,Not Hispanic or Latino,37246.0,1309837,11813.0,711527,1201.0,54054
2021-03-19 15:00:00,Not Hispanic or Latino,34334.0,1344171,14645.0,726172,905.0,54959
2021-03-20 15:00:00,Not Hispanic or Latino,21268.0,1365439,9238.0,735410,933.0,55892
2021-03-21 15:00:00,Not Hispanic or Latino,16501.0,1381940,6912.0,742322,294.0,56186
2021-03-22 15:00:00,Not Hispanic or Latino,28907.0,1410847,10751.0,753073,767.0,56953
2021-03-23 15:00:00,Not Hispanic or Latino,33381.0,1444228,16334.0,769407,1348.0,58301
2021-03-24 15:00:00,Not Hispanic or Latino,35608.0,1479836,19928.0,789335,1098.0,59399
2021-03-25 15:00:00,Not Hispanic or Latino,36783.0,1516619,19654.0,808989,2106.0,61505
2021-03-26 15:00:00,Not Hispanic or Latino,31794.0,1548413,24487.0,833476,1993.0,63498
2021-03-27 15:00:00,Not Hispanic or Latino,23633.0,1572046,15585.0,849061,2186.0,65684
2021-03-28 15:00:00,Not Hispanic or Latino,14190.0,1586236,11576.0,860637,1174.0,66858
2021-03-29 15:00:00,Not Hispanic or Latino,25337.0,1611573,24370.0,885007,1006.0,67864
2021-03-30 15:00:00,Not Hispanic or Latino,35042.0,1646615,27092.0,912099,1625.0,69489
2021-03-31 15:00:00,Not Hispanic or Latino,35326.0,1681941,32640.0,944739,4663.0,74152
2021-04-01 15:00:00,Not Hispanic or Latino,36307.0,1718248,36789.0,981528,4733.0,78885
2021-04-02 15:00:00,Not Hispanic or Latino,30462.0,1748710,29609.0,1011137,5083.0,83968
2021-04-03 15:00:00,Not Hispanic or Latino,17902.0,1766612,16886.0,1028023,3504.0,87472
2021-04-04 15:00:00,Not Hispanic or Latino,6979.0,1773591,8995.0,1037018,868.0,88340
2021-04-05 15:00:00,Not Hispanic or Latino,23911.0,1797502,26484.0,1063502,5682.0,94022
2021-04-06 15:00:00,Not Hispanic or Latino,34738.0,1832240,27619.0,1091121,9190.0,103212
2021-04-07 15:00:00,Not Hispanic or Latino,30288.0,1862528,31242.0,1122363,10846.0,114058
2021-04-08 15:00:00,Not Hispanic or Latino,36136.0,1898664,32748.0,1155111,11280.0,125338
2021-04-09 15:00:00,Not Hispanic or Latino,27741.0,1926405,33088.0,1188199,12197.0,137535
2021-04-10 15:00:00,Not Hispanic or Latino,18970.0,1945375,20507.0,1208706,6096.0,143631
2021-04-11 15:00:00,Not Hispanic or Latino,13084.0,1958459,10928.0,1219634,8988.0,152619
2021-04-12 15:00:00,Not Hispanic or Latino,19862.0,1978321,29318.0,1248952,9141.0,161760
2021-04-13 15:00:00,Not Hispanic or Latino,35878.0,2014199,32160.0,1281112,281.0,162041
2021-04-14 15:00:00,Not Hispanic or Latino,32801.0,2047000,33275.0,1314387,163.0,162204
2021-04-15 15:00:00,Not Hispanic or Latino,33897.0,2080897,34036.0,1348423,114.0,162318
2021-04-16 15:00:00,Not Hispanic or Latino,29613.0,2110510,32839.0,1381262,12.0,162330
2021-04-17 15:00:00,Not Hispanic or Latino,24639.0,2135149,17469.0,1398731,5.0,162335
2021-04-18 15:00:00,Not Hispanic or Latino,14898.0,2150047,13477.0,1412208,5.0,162340
2021-07-18 15:00:00,Hispanic or Latino,427.0,317924,618.0,272491,31.0,23286
2021-07-19 15:00:00,Hispanic or Latino,828.0,318752,841.0,273332,38.0,23324
2021-07-20 15:00:00,Hispanic or Latino,858.0,319610,925.0,274257,45.0,23369
2021-07-21 15:00:00,Hispanic or Latino,921.0,320531,1036.0,275293,51.0,23420
2021-07-22 15:00:00,Hispanic or Latino,922.0,321453,787.0,276080,36.0,23456
2021-07-23 15:00:00,Hispanic or Latino,1175.0,322628,1054.0,277134,62.0,23518
2021-07-24 15:00:00,Hispanic or Latino,965.0,323593,781.0,277915,65.0,23583
2021-07-25 15:00:00,Hispanic or Latino,723.0,324316,278.0,278193,60.0,23643
2021-07-26 15:00:00,Hispanic or Latino,912.0,325228,728.0,278921,51.0,23694
2021-07-27 15:00:00,Hispanic or Latino,964.0,326192,692.0,279613,56.0,23750
2021-07-28 15:00:00,Hispanic or Latino,1066.0,327258,721.0,280334,54.0,23804
2021-07-29 15:00:00,Hispanic or Latino,1011.0,328269,774.0,281108,39.0,23843
2021-07-30 15:00:00,Hispanic or Latino,1386.0,329655,969.0,282077,35.0,23878
2021-07-31 15:00:00,Hispanic or Latino,1008.0,330663,781.0,282858,51.0,23929
2021-08-01 15:00:00,Hispanic or Latino,939.0,331602,690.0,283548,32.0,23961
2021-08-02 15:00:00,Hispanic or Latino,1096.0,332698,683.0,284231,23.0,23984
2021-08-03 15:00:00,Hispanic or Latino,1073.0,333771,708.0,284939,71.0,24055
2021-08-04 15:00:00,Hispanic or Latino,1155.0,334926,680.0,285619,75.0,24130
2021-08-05 15:00:00,Hispanic or Latino,1141.0,336067,772.0,286391,43.0,24173
2021-08-06 15:00:00,Hispanic or Latino,1474.0,337541,865.0,287256,57.0,24230
2021-08-07 15:00:00,Hispanic or Latino,1322.0,338863,632.0,287888,60.0,24290
2021-08-08 15:00:00,Hispanic or Latino,836.0,339699,454.0,288342,31.0,24321
2021-08-09 15:00:00,Hispanic or Latino,1151.0,340850,723.0,289065,23.0,24344
2021-08-10 15:00:00,Hispanic or Latino,1205.0,342055,692.0,289757,32.0,24376
2021-08-11 15:00:00,Hispanic or Latino,1180.0,343235,744.0,290501,50.0,24426
2021-08-12 15:00:00,Hispanic or Latino,1002.0,344237,702.0,291203,42.0,24468
2021-08-13 15:00:00,Hispanic or Latino,1270.0,345507,903.0,292106,28.0,24496
2021-08-14 15:00:00,Hispanic or Latino,1128.0,346635,731.0,292837,44.0,24540
2021-08-15 15:00:00,Hispanic or Latino,756.0,347391,528.0,293365,43.0,24583
2021-08-16 15:00:00,Hispanic or Latino,940.0,348331,707.0,294072,37.0,24620
2021-08-17 15:00:00,Hispanic or Latino,1236.0,349567,761.0,294833,38.0,24658
2021-08-18 15:00:00,Hispanic or Latino,1083.0,350650,799.0,295632,57.0,24715
2021-08-19 15:00:00,Hispanic or Latino,797.0,351447,721.0,296353,24.0,24739
2021-08-20 15:00:00,Hispanic or Latino,1248.0,352695,1144.0,297497,46.0,24785
2021-08-21 15:00:00,Hispanic or Latino,822.0,353517,685.0,298182,12.0,24797
2021-08-22 15:00:00,Hispanic or Latino,763.0,354280,818.0,299000,31.0,24828
2021-08-23 15:00:00,Hispanic or Latino,824.0,355104,895.0,299895,15.0,24843
2021-08-24 15:00:00,Hispanic or Latino,911.0,356015,901.0,300796,19.0,24862
2021-08-25 15:00:00,Hispanic or Latino,1037.0,357052,908.0,301704,30.0,24892
2021-08-26 15:00:00,Hispanic or Latino,885.0,357937,897.0,302601,29.0,24921
2021-08-27 15:00:00,Hispanic or Latino,1032.0,358969,1200.0,303801,18.0,24939
2021-08-28 15:00:00,Hispanic or Latino,1102.0,360071,1152.0,304953,31.0,24970
2021-08-29 15:00:00,Hispanic or Latino,734.0,360805,741.0,305694,23.0,24993
2021-08-30 15:00:00,Hispanic or Latino,781.0,361586,870.0,306564,13.0,25006
2021-08-31 15:00:00,Hispanic or Latino,804.0,362390,957.0,307521,19.0,25025
2021-09-01 15:00:00,Hispanic or Latino,837.0,363227,766.0,308287,12.0,25037
2021-09-02 15:00:00,Hispanic or Latino,685.0,363912,825.0,309112,25.0,25062
2021-09-03 15:00:00,Hispanic or Latino,1019.0,364931,1249.0,310361,18.0,25080
2021-09-04 15:00:00,Hispanic or Latino,700.0,365631,873.0,311234,20.0,25100
2021-09-05 15:00:00,Hispanic or Latino,676.0,366307,546.0,311780,47.0,25147
2021-09-06 15:00:00,Hispanic or Latino,147.0,366454,166.0,311946,9.0,25156
2021-09-07 15:00:00,Hispanic or Latino,732.0,367186,1251.0,313197,21.0,25177
2021-09-08 15:00:00,Hispanic or Latino,638.0,367824,922.0,314119,52.0,25229
2021-09-09 15:00:00,Hispanic or Latino,637.0,368461,716.0,314835,24.0,25253
2021-09-10 15:00:00,Hispanic or Latino,834.0,369295,1013.0,315848,27.0,25280
2021-09-11 15:00:00,Hispanic or Latino,660.0,369955,797.0,316645,28.0,25308
2021-09-12 15:00:00,Hispanic or Latino,530.0,370485,636.0,317281,26.0,25334
2021-09-13 15:00:00,Hispanic or Latino,607.0,371092,715.0,317996,16.0,25350
2021-09-14 15:00:00,Hispanic or Latino,621.0,371713,765.0,318761,17.0,25367
2021-09-15 15:00:00,Hispanic or Latino,574.0,372287,837.0,319598,17.0,25384
2021-09-16 15:00:00,Hispanic or Latino,496.0,372783,678.0,320276,10.0,25394
2021-09-17 15:00:00,Hispanic or Latino,790.0,373573,970.0,321246,29.0,25423
2021-09-18 15:00:00,Hispanic or Latino,691.0,374264,840.0,322086,12.0,25435
2021-09-19 15:00:00,Hispanic or Latino,456.0,374720,584.0,322670,17.0,25452
2021-09-20 15:00:00,Hispanic or Latino,460.0,375180,602.0,323272,21.0,25473
2021-09-21 15:00:00,Hispanic or Latino,537.0,375717,720.0,323992,27.0,25500
2021-09-22 15:00:00,Hispanic or Latino,601.0,376318,630.0,324622,13.0,25513
2021-09-23 15:00:00,Hispanic or Latino,567.0,376885,609.0,325231,24.0,25537
2021-09-24 15:00:00,Hispanic or Latino,680.0,377565,835.0,326066,26.0,25563
2021-09-25 15:00:00,Hispanic or Latino,517.0,378082,609.0,326675,5.0,25568
2021-09-26 15:00:00,Hispanic or Latino,354.0,378436,496.0,327171,12.0,25580
2021-09-27 15:00:00,Hispanic or Latino,544.0,378980,356.0,327527,17.0,25597
2021-09-28 15:00:00,Hispanic or Latino,478.0,379458,620.0,328147,11.0,25608
2021-09-29 15:00:00,Hispanic or Latino,493.0,379951,564.0,328711,11.0,25619
2021-09-30 15:00:00,Hispanic or Latino,485.0,380436,460.0,329171,17.0,25636
2021-10-01 15:00:00,Hispanic or Latino,616.0,381052,711.0,329882,16.0,25652
2021-10-02 15:00:00,Hispanic or Latino,426.0,381478,474.0,330356,13.0,25665
2021-10-03 15:00:00,Hispanic or Latino,368.0,381846,411.0,330767,41.0,25706
2021-10-04 15:00:00,Hispanic or Latino,492.0,382338,424.0,331191,12.0,25718
2021-10-05 15:00:00,Hispanic or Latino,417.0,382755,486.0,331677,17.0,25735
2021-10-06 15:00:00,Hispanic or Latino,414.0,383169,473.0,332150,10.0,25745
2021-10-07 15:00:00,Hispanic or Latino,390.0,383559,351.0,332501,14.0,25759
2021-10-08 15:00:00,Hispanic or Latino,505.0,384064,580.0,333081,13.0,25772
2021-10-09 15:00:00,Hispanic or Latino,473.0,384537,529.0,333610,11.0,25783
2021-10-10 15:00:00,Hispanic or Latino,280.0,384817,355.0,333965,15.0,25798
2021-10-11 15:00:00,Hispanic or Latino,386.0,385203,385.0,334350,9.0,25807
2021-10-12 15:00:00,Hispanic or Latino,367.0,385570,376.0,334726,23.0,25830
2021-10-13 15:00:00,Hispanic or Latino,411.0,385981,499.0,335225,19.0,25849
2021-10-14 15:00:00,Hispanic or Latino,370.0,386351,415.0,335640,30.0,25879
2021-10-15 15:00:00,Hispanic or Latino,474.0,386825,508.0,336148,22.0,25901
2021-10-16 15:00:00,Hispanic or Latino,351.0,387176,372.0,336520,10.0,25911
2021-10-17 15:00:00,Hispanic or Latino,224.0,387400,267.0,336787,7.0,25918
2021-10-18 15:00:00,Hispanic or Latino,372.0,387772,418.0,337205,8.0,25926
2021-10-19 15:00:00,Hispanic or Latino,309.0,388081,294.0,337499,12.0,25938
2021-10-20 15:00:00,Hispanic or Latino,382.0,388463,352.0,337851,10.0,25948
2021-10-21 15:00:00,Hispanic or Latino,155.0,388618,181.0,338032,10.0,25958
2021-04-19 15:00:00,Not Hispanic or Latino,22567.0,2172614,30377.0,1442585,44.0,162384
2021-04-20 15:00:00,Not Hispanic or Latino,24128.0,2196742,37528.0,1480113,35.0,162419
2021-04-21 15:00:00,Not Hispanic or Latino,30833.0,2227575,39975.0,1520088,16.0,162435
2021-04-22 15:00:00,Not Hispanic or Latino,28810.0,2256385,36923.0,1557011,16.0,162451
2021-04-23 15:00:00,Not Hispanic or Latino,25482.0,2281867,34437.0,1591448,10.0,162461
2021-04-24 15:00:00,Not Hispanic or Latino,19093.0,2300960,24302.0,1615750,70.0,162531
2021-04-25 15:00:00,Not Hispanic or Latino,14049.0,2315009,6849.0,1622599,22.0,162553
2021-04-26 15:00:00,Not Hispanic or Latino,20616.0,2335625,27104.0,1649703,176.0,162729
2021-04-27 15:00:00,Not Hispanic or Latino,20953.0,2356578,29026.0,1678729,909.0,163638
2021-04-28 15:00:00,Not Hispanic or Latino,23266.0,2379844,33400.0,1712129,1134.0,164772
2021-04-29 15:00:00,Not Hispanic or Latino,21759.0,2401603,32848.0,1744977,1229.0,166001
2021-04-30 15:00:00,Not Hispanic or Latino,22062.0,2423665,26747.0,1771724,1350.0,167351
2021-05-01 15:00:00,Not Hispanic or Latino,13726.0,2437391,19672.0,1791396,810.0,168161
2021-05-02 15:00:00,Not Hispanic or Latino,6399.0,2443790,11398.0,1802794,656.0,168817
2021-05-03 15:00:00,Not Hispanic or Latino,9956.0,2453746,22731.0,1825525,1590.0,170407
2021-05-04 15:00:00,Not Hispanic or Latino,11504.0,2465250,33434.0,1858959,1456.0,171863
2021-05-05 15:00:00,Not Hispanic or Latino,14665.0,2479915,30229.0,1889188,1591.0,173454
2021-05-06 15:00:00,Not Hispanic or Latino,13305.0,2493220,33057.0,1922245,1449.0,174903
2021-05-07 15:00:00,Not Hispanic or Latino,12857.0,2506077,28598.0,1950843,1646.0,176549
2021-05-08 15:00:00,Not Hispanic or Latino,7445.0,2513522,23584.0,1974427,1011.0,177560
2021-05-09 15:00:00,Not Hispanic or Latino,3422.0,2516944,8943.0,1983370,558.0,178118
2021-05-10 15:00:00,Not Hispanic or Latino,6689.0,2523633,23536.0,2006906,1139.0,179257
2021-05-11 15:00:00,Not Hispanic or Latino,9609.0,2533242,24927.0,2031833,1206.0,180463
2021-05-12 15:00:00,Not Hispanic or Latino,10597.0,2543839,30472.0,2062305,1414.0,181877
2021-05-13 15:00:00,Not Hispanic or Latino,18227.0,2562066,27662.0,2089967,1091.0,182968
2021-05-14 15:00:00,Not Hispanic or Latino,19522.0,2581588,23646.0,2113613,1397.0,184365
2021-05-15 15:00:00,Not Hispanic or Latino,16501.0,2598089,17540.0,2131153,1047.0,185412
2021-05-16 15:00:00,Not Hispanic or Latino,7107.0,2605196,13165.0,2144318,716.0,186128
2021-05-17 15:00:00,Not Hispanic or Latino,13771.0,2618967,21016.0,2165334,1520.0,187648
2021-05-18 15:00:00,Not Hispanic or Latino,17196.0,2636163,24383.0,2189717,1528.0,189176
2021-05-19 15:00:00,Not Hispanic or Latino,22318.0,2658481,25944.0,2215661,1226.0,190402
2021-05-20 15:00:00,Not Hispanic or Latino,15811.0,2674292,26279.0,2241940,1571.0,191973
2021-05-21 15:00:00,Not Hispanic or Latino,15166.0,2689458,23920.0,2265860,1193.0,193166
2021-05-22 15:00:00,Not Hispanic or Latino,11574.0,2701032,14618.0,2280478,784.0,193950
2021-05-23 15:00:00,Not Hispanic or Latino,6333.0,2707365,8150.0,2288628,602.0,194552
2021-05-24 15:00:00,Not Hispanic or Latino,10347.0,2717712,13574.0,2302202,1078.0,195630
2021-05-25 15:00:00,Not Hispanic or Latino,9969.0,2727681,15440.0,2317642,1029.0,196659
2021-05-26 15:00:00,Not Hispanic or Latino,14603.0,2742284,15446.0,2333088,1171.0,197830
2021-05-27 15:00:00,Not Hispanic or Latino,8956.0,2751240,14597.0,2347685,875.0,198705
2021-05-28 15:00:00,Not Hispanic or Latino,9243.0,2760483,15013.0,2362698,1028.0,199733
2021-05-29 15:00:00,Not Hispanic or Latino,6159.0,2766642,7814.0,2370512,551.0,200284
2021-05-30 15:00:00,Not Hispanic or Latino,3374.0,2770016,4563.0,2375075,350.0,200634
2021-05-31 15:00:00,Not Hispanic or Latino,1193.0,2771209,2694.0,2377769,187.0,200821
2021-06-01 15:00:00,Not Hispanic or Latino,7069.0,2778278,13390.0,2391159,855.0,201676
2021-06-02 15:00:00,Not Hispanic or Latino,7582.0,2785860,13679.0,2404838,751.0,202427
2021-06-03 15:00:00,Not Hispanic or Latino,5998.0,2791858,17955.0,2422793,859.0,203286
2021-06-04 15:00:00,Not Hispanic or Latino,6276.0,2798134,17865.0,2440658,906.0,204192
2021-06-05 15:00:00,Not Hispanic or Latino,4928.0,2803062,15542.0,2456200,549.0,204741
2021-06-06 15:00:00,Not Hispanic or Latino,2254.0,2805316,5849.0,2462049,261.0,205002
2021-06-07 15:00:00,Not Hispanic or Latino,5051.0,2810367,13547.0,2475596,569.0,205571
2021-06-08 15:00:00,Not Hispanic or Latino,5032.0,2815399,16334.0,2491930,622.0,206193
2021-06-09 15:00:00,Not Hispanic or Latino,5813.0,2821212,19349.0,2511279,763.0,206956
2021-06-10 15:00:00,Not Hispanic or Latino,5362.0,2826574,15201.0,2526480,718.0,207674
2021-06-11 15:00:00,Not Hispanic or Latino,5289.0,2831863,14057.0,2540537,828.0,208502
2021-06-12 15:00:00,Not Hispanic or Latino,3434.0,2835297,10545.0,2551082,400.0,208902
2021-06-13 15:00:00,Not Hispanic or Latino,1160.0,2836457,5585.0,2556667,260.0,209162
2021-06-14 15:00:00,Not Hispanic or Latino,4107.0,2840564,9583.0,2566250,545.0,209707
2021-06-15 15:00:00,Not Hispanic or Latino,4208.0,2844772,11251.0,2577501,629.0,210336
2021-06-16 15:00:00,Not Hispanic or Latino,4919.0,2849691,14580.0,2592081,541.0,210877
2021-06-17 15:00:00,Not Hispanic or Latino,4940.0,2854631,9827.0,2601908,530.0,211407
2021-06-18 15:00:00,Not Hispanic or Latino,4826.0,2859457,9468.0,2611376,528.0,211935
2021-06-19 15:00:00,Not Hispanic or Latino,3048.0,2862505,6153.0,2617529,409.0,212344
2021-06-20 15:00:00,Not Hispanic or Latino,1420.0,2863925,3212.0,2620741,212.0,212556
2021-06-21 15:00:00,Not Hispanic or Latino,3949.0,2867874,4188.0,2624929,495.0,213051
2021-06-22 15:00:00,Not Hispanic or Latino,3688.0,2871562,6684.0,2631613,443.0,213494
2021-06-23 15:00:00,Not Hispanic or Latino,4383.0,2875945,7900.0,2639513,513.0,214007
2021-06-24 15:00:00,Not Hispanic or Latino,4134.0,2880079,6214.0,2645727,439.0,214446
2021-06-25 15:00:00,Not Hispanic or Latino,4247.0,2884326,6450.0,2652177,490.0,214936
2021-06-26 15:00:00,Not Hispanic or Latino,2496.0,2886822,4445.0,2656622,212.0,215148
2021-06-27 15:00:00,Not Hispanic or Latino,1674.0,2888496,2331.0,2658953,101.0,215249
2021-06-28 15:00:00,Not Hispanic or Latino,3317.0,2891813,4436.0,2663389,425.0,215674
2021-06-29 15:00:00,Not Hispanic or Latino,3716.0,2895529,4955.0,2668344,355.0,216029
2021-06-30 15:00:00,Not Hispanic or Latino,4146.0,2899675,5583.0,2673927,468.0,216497
2021-07-01 15:00:00,Not Hispanic or Latino,3764.0,2903439,5063.0,2678990,362.0,216859
2021-07-02 15:00:00,Not Hispanic or Latino,3641.0,2907080,4843.0,2683833,385.0,217244
2021-07-03 15:00:00,Not Hispanic or Latino,2115.0,2909195,2784.0,2686617,148.0,217392
2021-07-04 15:00:00,Not Hispanic or Latino,282.0,2909477,330.0,2686947,47.0,217439
2021-07-05 15:00:00,Not Hispanic or Latino,2705.0,2912182,2936.0,2689883,225.0,217664
2021-07-06 15:00:00,Not Hispanic or Latino,3361.0,2915543,4772.0,2694655,333.0,217997
2021-07-07 15:00:00,Not Hispanic or Latino,3307.0,2918850,4833.0,2699488,354.0,218351
2021-07-08 15:00:00,Not Hispanic or Latino,3485.0,2922335,4507.0,2703995,366.0,218717
2021-07-09 15:00:00,Not Hispanic or Latino,3895.0,2926230,4756.0,2708751,392.0,219109
2021-07-10 15:00:00,Not Hispanic or Latino,2288.0,2928518,2998.0,2711749,216.0,219325
2021-07-11 15:00:00,Not Hispanic or Latino,1465.0,2929983,1545.0,2713294,125.0,219450
2021-07-12 15:00:00,Not Hispanic or Latino,3364.0,2933347,3810.0,2717104,313.0,219763
2021-07-13 15:00:00,Not Hispanic or Latino,3540.0,2936887,3417.0,2720521,275.0,220038
2021-07-14 15:00:00,Not Hispanic or Latino,3406.0,2940293,3877.0,2724398,326.0,220364
2021-07-15 15:00:00,Not Hispanic or Latino,3619.0,2943912,3731.0,2728129,270.0,220634
2021-07-16 15:00:00,Not Hispanic or Latino,4008.0,2947920,4023.0,2732152,256.0,220890
2021-07-17 15:00:00,Not Hispanic or Latino,2327.0,2950247,2391.0,2734543,182.0,221072
2021-07-18 15:00:00,Not Hispanic or Latino,1508.0,2951755,1414.0,2735957,66.0,221138
2021-07-19 15:00:00,Not Hispanic or Latino,4084.0,2955839,3386.0,2739343,310.0,221448
2021-07-20 15:00:00,Not Hispanic or Latino,4120.0,2959959,3524.0,2742867,294.0,221742
2021-07-21 15:00:00,Not Hispanic or Latino,4405.0,2964364,3691.0,2746558,346.0,222088
2021-07-22 15:00:00,Not Hispanic or Latino,4689.0,2969053,3621.0,2750179,338.0,222426
2021-07-23 15:00:00,Not Hispanic or Latino,5306.0,2974359,3597.0,2753776,402.0,222828
2021-07-24 15:00:00,Not Hispanic or Latino,3030.0,2977389,2270.0,2756046,188.0,223016
2021-07-25 15:00:00,Not Hispanic or Latino,2350.0,2979739,779.0,2756825,76.0,223092
2021-07-26 15:00:00,Not Hispanic or Latino,4931.0,2984670,2974.0,2759799,340.0,223432
2021-07-27 15:00:00,Not Hispanic or Latino,5009.0,2989679,3199.0,2762998,377.0,223809
2021-07-28 15:00:00,Not Hispanic or Latino,5398.0,2995077,3107.0,2766105,393.0,224202
2021-07-29 15:00:00,Not Hispanic or Latino,5406.0,3000483,3159.0,2769264,347.0,224549
2021-07-30 15:00:00,Not Hispanic or Latino,5714.0,3006197,3410.0,2772674,448.0,224997
2021-07-31 15:00:00,Not Hispanic or Latino,3456.0,3009653,2113.0,2774787,196.0,225193
2021-08-01 15:00:00,Not Hispanic or Latino,2605.0,3012258,1302.0,2776089,109.0,225302
2021-08-02 15:00:00,Not Hispanic or Latino,5514.0,3017772,2827.0,2778916,284.0,225586
2021-08-03 15:00:00,Not Hispanic or Latino,5502.0,3023274,3031.0,2781947,387.0,225973
2021-08-04 15:00:00,Not Hispanic or Latino,5600.0,3028874,3066.0,2785013,417.0,226390
2021-08-05 15:00:00,Not Hispanic or Latino,6091.0,3034965,3158.0,2788171,447.0,226837
2021-08-06 15:00:00,Not Hispanic or Latino,6380.0,3041345,3643.0,2791814,367.0,227204
2021-08-07 15:00:00,Not Hispanic or Latino,3632.0,3044977,2036.0,2793850,184.0,227388
2021-08-08 15:00:00,Not Hispanic or Latino,2802.0,3047779,1466.0,2795316,104.0,227492
2021-08-09 15:00:00,Not Hispanic or Latino,5378.0,3053157,3592.0,2798908,314.0,227806
2021-08-10 15:00:00,Not Hispanic or Latino,5515.0,3058672,3542.0,2802450,277.0,228083
2021-08-11 15:00:00,Not Hispanic or Latino,5462.0,3064134,3497.0,2805947,363.0,228446
2021-08-12 15:00:00,Not Hispanic or Latino,5207.0,3069341,3640.0,2809587,350.0,228796
2021-08-13 15:00:00,Not Hispanic or Latino,5474.0,3074815,4250.0,2813837,339.0,229135
2021-08-14 15:00:00,Not Hispanic or Latino,3385.0,3078200,2450.0,2816287,226.0,229361
2021-08-15 15:00:00,Not Hispanic or Latino,2338.0,3080538,2084.0,2818371,111.0,229472
2021-08-16 15:00:00,Not Hispanic or Latino,4080.0,3084618,4139.0,2822510,285.0,229757
2021-08-17 15:00:00,Not Hispanic or Latino,5310.0,3089928,4169.0,2826679,332.0,230089
2021-08-18 15:00:00,Not Hispanic or Latino,4966.0,3094894,4280.0,2830959,378.0,230467
2021-08-19 15:00:00,Not Hispanic or Latino,4780.0,3099674,4344.0,2835303,345.0,230812
2021-08-20 15:00:00,Not Hispanic or Latino,5366.0,3105040,4902.0,2840205,326.0,231138
2021-08-21 15:00:00,Not Hispanic or Latino,3149.0,3108189,2990.0,2843195,198.0,231336
2021-08-22 15:00:00,Not Hispanic or Latino,2096.0,3110285,2232.0,2845427,75.0,231411
2021-08-23 15:00:00,Not Hispanic or Latino,4961.0,3115246,4752.0,2850179,254.0,231665
2021-08-24 15:00:00,Not Hispanic or Latino,5338.0,3120584,4670.0,2854849,392.0,232057
2021-08-25 15:00:00,Not Hispanic or Latino,5483.0,3126067,4850.0,2859699,365.0,232422
2021-08-26 15:00:00,Not Hispanic or Latino,5867.0,3131934,5245.0,2864944,356.0,232778
2021-08-27 15:00:00,Not Hispanic or Latino,5373.0,3137307,5496.0,2870440,274.0,233052
2021-08-28 15:00:00,Not Hispanic or Latino,3323.0,3140630,3369.0,2873809,198.0,233250
2021-08-29 15:00:00,Not Hispanic or Latino,2494.0,3143124,2538.0,2876347,54.0,233304
2021-08-30 15:00:00,Not Hispanic or Latino,4799.0,3147923,4911.0,2881258,245.0,233549
2021-08-31 15:00:00,Not Hispanic or Latino,4527.0,3152450,4636.0,2885894,272.0,233821
2021-09-01 15:00:00,Not Hispanic or Latino,4248.0,3156698,4420.0,2890314,335.0,234156
2021-09-02 15:00:00,Not Hispanic or Latino,4343.0,3161041,4622.0,2894936,275.0,234431
2021-09-03 15:00:00,Not Hispanic or Latino,4386.0,3165427,5160.0,2900096,248.0,234679
2021-09-04 15:00:00,Not Hispanic or Latino,2578.0,3168005,3033.0,2903129,117.0,234796
2021-09-05 15:00:00,Not Hispanic or Latino,2028.0,3170033,2095.0,2905224,53.0,234849
2021-09-06 15:00:00,Not Hispanic or Latino,826.0,3170859,910.0,2906134,48.0,234897
2021-09-07 15:00:00,Not Hispanic or Latino,3851.0,3174710,5409.0,2911543,251.0,235148
2021-09-08 15:00:00,Not Hispanic or Latino,3720.0,3178430,4259.0,2915802,302.0,235450
2021-09-09 15:00:00,Not Hispanic or Latino,4104.0,3182534,4330.0,2920132,283.0,235733
2021-09-10 15:00:00,Not Hispanic or Latino,4511.0,3187045,4770.0,2924902,325.0,236058
2021-09-11 15:00:00,Not Hispanic or Latino,2681.0,3189726,3058.0,2927960,173.0,236231
2021-09-12 15:00:00,Not Hispanic or Latino,1959.0,3191685,2143.0,2930103,54.0,236285
2021-09-13 15:00:00,Not Hispanic or Latino,3557.0,3195242,3804.0,2933907,209.0,236494
2021-09-14 15:00:00,Not Hispanic or Latino,3496.0,3198738,4099.0,2938006,281.0,236775
2021-09-15 15:00:00,Not Hispanic or Latino,3467.0,3202205,4326.0,2942332,294.0,237069
2021-09-16 15:00:00,Not Hispanic or Latino,3457.0,3205662,4445.0,2946777,258.0,237327
2021-09-17 15:00:00,Not Hispanic or Latino,3575.0,3209237,4764.0,2951541,278.0,237605
2021-09-18 15:00:00,Not Hispanic or Latino,2436.0,3211673,3270.0,2954811,107.0,237712
2021-09-19 15:00:00,Not Hispanic or Latino,1678.0,3213351,2126.0,2956937,45.0,237757
2021-09-20 15:00:00,Not Hispanic or Latino,2806.0,3216157,3597.0,2960534,208.0,237965
2021-09-21 15:00:00,Not Hispanic or Latino,2917.0,3219074,3818.0,2964352,211.0,238176
2021-09-22 15:00:00,Not Hispanic or Latino,3031.0,3222105,3718.0,2968070,236.0,238412
2021-09-23 15:00:00,Not Hispanic or Latino,3013.0,3225118,3639.0,2971709,200.0,238612
2021-09-24 15:00:00,Not Hispanic or Latino,3710.0,3228828,4157.0,2975866,220.0,238832
2021-09-25 15:00:00,Not Hispanic or Latino,2450.0,3231278,2587.0,2978453,58.0,238890
2021-09-26 15:00:00,Not Hispanic or Latino,1578.0,3232856,1750.0,2980203,37.0,238927
2021-09-27 15:00:00,Not Hispanic or Latino,3637.0,3236493,2224.0,2982427,199.0,239126
2021-09-28 15:00:00,Not Hispanic or Latino,3615.0,3240108,3557.0,2985984,180.0,239306
2021-09-29 15:00:00,Not Hispanic or Latino,3673.0,3243781,3530.0,2989514,234.0,239540
2021-09-30 15:00:00,Not Hispanic or Latino,3752.0,3247533,3609.0,2993123,211.0,239751
2021-10-01 15:00:00,Not Hispanic or Latino,4203.0,3251736,4040.0,2997163,239.0,239990
2021-10-02 15:00:00,Not Hispanic or Latino,2214.0,3253950,2239.0,2999402,80.0,240070
2021-10-03 15:00:00,Not Hispanic or Latino,1504.0,3255454,1658.0,3001060,27.0,240097
2021-10-04 15:00:00,Not Hispanic or Latino,3376.0,3258830,2772.0,3003832,193.0,240290
2021-10-05 15:00:00,Not Hispanic or Latino,3323.0,3262153,2900.0,3006732,166.0,240456
2021-10-06 15:00:00,Not Hispanic or Latino,3410.0,3265563,2809.0,3009541,226.0,240682
2021-10-07 15:00:00,Not Hispanic or Latino,3615.0,3269178,2918.0,3012459,197.0,240879
2021-10-08 15:00:00,Not Hispanic or Latino,4029.0,3273207,3213.0,3015672,217.0,241096
2021-10-09 15:00:00,Not Hispanic or Latino,1924.0,3275131,1889.0,3017561,92.0,241188
2021-10-10 15:00:00,Not Hispanic or Latino,1400.0,3276531,1334.0,3018895,25.0,241213
2021-10-11 15:00:00,Not Hispanic or Latino,3420.0,3279951,2405.0,3021300,199.0,241412
2021-10-12 15:00:00,Not Hispanic or Latino,2853.0,3282804,2550.0,3023850,213.0,241625
2021-10-13 15:00:00,Not Hispanic or Latino,3081.0,3285885,2609.0,3026459,273.0,241898
2021-10-14 15:00:00,Not Hispanic or Latino,2952.0,3288837,2610.0,3029069,188.0,242086
2021-10-15 15:00:00,Not Hispanic or Latino,3359.0,3292196,3047.0,3032116,266.0,242352
2021-10-16 15:00:00,Not Hispanic or Latino,1562.0,3293758,1584.0,3033700,99.0,242451
2021-10-17 15:00:00,Not Hispanic or Latino,1041.0,3294799,1007.0,3034707,21.0,242472
2021-10-18 15:00:00,Not Hispanic or Latino,3230.0,3298029,2679.0,3037386,190.0,242662
2021-10-19 15:00:00,Not Hispanic or Latino,2576.0,3300605,2412.0,3039798,162.0,242824
2021-10-20 15:00:00,Not Hispanic or Latino,2222.0,3302827,2299.0,3042097,141.0,242965
2021-10-21 15:00:00,Not Hispanic or Latino,965.0,3303792,1107.0,3043204,118.0,243083
