VACCINATION_DATE,FirstDailyDose,FirstDoseCumulative,SecondDailyDose,SecondDoseCumulative,SingleDailyDose,SingleDoseCumulative,AtleastOneVaccine,AtleastOneVaccineCumulative,CompletedVax,CompletedVaxCumulative,FirstSecondSingleVaccinations,FirstSecondSingleVaccinationsCumulative
2020-12-14 15:00:00,17,1219,,490,,,17,1219,0,490,17,1601
2020-12-15 15:00:00,56,1275,3.0,493,,,56,1275,3,493,59,1660
2020-12-16 15:00:00,584,1859,3.0,496,,,584,1859,3,496,587,2247
2020-12-17 15:00:00,1151,3010,2.0,498,,,1151,3010,2,498,1153,3400
2020-12-18 15:00:00,3001,6011,12.0,510,,,3001,6011,12,510,3013,6413
2020-12-19 15:00:00,927,6938,5.0,515,,,927,6938,5,515,932,7345
2020-12-20 15:00:00,346,7284,4.0,519,,,346,7284,4,519,350,7695
2020-12-21 15:00:00,3874,11158,25.0,544,,,3874,11158,25,544,3899,11594
2020-12-22 15:00:00,6304,17462,23.0,567,,,6304,17462,23,567,6327,17921
2020-12-23 15:00:00,5765,23227,33.0,600,,,5765,23227,33,600,5798,23719
2020-12-24 15:00:00,2718,25945,14.0,614,,,2718,25945,14,614,2732,26451
2020-12-25 15:00:00,1033,26978,4.0,618,,,1033,26978,4,618,1037,27488
2020-12-26 15:00:00,1875,28853,9.0,627,,,1875,28853,9,627,1884,29372
2020-12-27 15:00:00,1799,30652,10.0,637,,,1799,30652,10,637,1809,31181
2020-12-28 15:00:00,8971,39623,41.0,678,,,8971,39623,41,678,9012,40193
2020-12-29 15:00:00,10946,50569,47.0,725,,,10946,50569,47,725,10993,51186
2020-12-30 15:00:00,12482,63051,75.0,800,,,12482,63051,75,800,12557,63743
2020-12-31 15:00:00,7539,70590,40.0,840,,,7539,70590,40,840,7579,71322
2021-01-01 15:00:00,2876,73466,129.0,969,,,2876,73466,129,969,3005,74327
2021-01-02 15:00:00,3016,76482,34.0,1003,,,3016,76482,34,1003,3050,77377
2021-01-03 15:00:00,3390,79872,80.0,1083,,,3390,79872,80,1083,3470,80847
2021-01-04 15:00:00,13318,93190,320.0,1403,,,13318,93190,320,1403,13638,94485
2021-01-05 15:00:00,12445,105635,531.0,1934,,,12445,105635,531,1934,12976,107461
2021-01-06 15:00:00,15214,120849,850.0,2784,,,15214,120849,850,2784,16064,123525
2021-01-07 15:00:00,14990,135839,1748.0,4532,,,14990,135839,1748,4532,16738,140263
2021-01-08 15:00:00,23971,159810,2755.0,7287,,,23971,159810,2755,7287,26726,166989
2021-01-09 15:00:00,5150,164960,945.0,8232,,,5150,164960,945,8232,6095,173084
2021-01-10 15:00:00,2948,167908,375.0,8607,,,2948,167908,375,8607,3323,176407
2021-01-11 15:00:00,13694,181602,3454.0,12061,,,13694,181602,3454,12061,17148,193555
2021-01-12 15:00:00,17352,198954,5571.0,17632,,,17352,198954,5571,17632,22923,216478
2021-01-13 15:00:00,18571,217525,3893.0,21525,,,18571,217525,3893,21525,22464,238942
2021-01-14 15:00:00,17803,235328,1942.0,23467,,,17803,235328,1942,23467,19745,258687
2021-01-15 15:00:00,19414,254742,2002.0,25469,,,19414,254742,2002,25469,21416,280103
2021-01-16 15:00:00,5802,260544,1602.0,27071,,,5802,260544,1602,27071,7404,287507
2021-01-17 15:00:00,2107,262651,1476.0,28547,,,2107,262651,1476,28547,3583,291090
2021-01-18 15:00:00,7061,269712,3241.0,31788,,,7061,269712,3241,31788,10302,301392
2021-01-19 15:00:00,16909,286621,5381.0,37169,,,16909,286621,5381,37169,22290,323682
2021-01-20 15:00:00,20979,307600,5291.0,42460,,,20979,307600,5291,42460,26270,349952
2021-01-21 15:00:00,23755,331355,3794.0,46254,,,23755,331355,3794,46254,27549,377501
2021-01-22 15:00:00,28637,359992,3711.0,49965,,,28637,359992,3711,49965,32348,409849
2021-01-23 15:00:00,10098,370090,1927.0,51892,,,10098,370090,1927,51892,12025,421874
2021-01-24 15:00:00,3338,373428,1720.0,53612,,,3338,373428,1720,53612,5058,426932
2021-01-25 15:00:00,16287,389715,8572.0,62184,,,16287,389715,8572,62184,24859,451791
2021-01-26 15:00:00,17536,407251,8953.0,71137,,,17536,407251,8953,71137,26489,478280
2021-01-27 15:00:00,24442,431693,12517.0,83654,,,24442,431693,12517,83654,36959,515239
2021-01-28 15:00:00,22643,454336,9288.0,92942,,,22643,454336,9288,92942,31931,547170
2021-01-29 15:00:00,24756,479092,7879.0,100821,,,24756,479092,7879,100821,32635,579805
2021-01-30 15:00:00,17762,496854,2528.0,103349,,,17762,496854,2528,103349,20290,600095
2021-01-31 15:00:00,3752,500606,1343.0,104692,,,3752,500606,1343,104692,5095,605190
2021-02-01 15:00:00,7809,508415,5225.0,109917,,,7809,508415,5225,109917,13034,618224
2021-02-02 15:00:00,12458,520873,13792.0,123709,,,12458,520873,13792,123709,26250,644474
2021-02-03 15:00:00,18216,539089,18084.0,141793,,,18216,539089,18084,141793,36300,680774
2021-02-04 15:00:00,22082,561171,15735.0,157528,,,22082,561171,15735,157528,37817,718591
2021-02-05 15:00:00,20327,581498,17369.0,174897,,,20327,581498,17369,174897,37696,756287
2021-02-06 15:00:00,11306,592804,14445.0,189342,,,11306,592804,14445,189342,25751,782038
2021-02-07 15:00:00,5939,598743,1801.0,191143,,,5939,598743,1801,191143,7740,789778
2021-02-08 15:00:00,12945,611688,12903.0,204046,,,12945,611688,12903,204046,25848,815626
2021-02-09 15:00:00,16616,628304,13833.0,217879,,,16616,628304,13833,217879,30449,846075
2021-02-10 15:00:00,19263,647567,21195.0,239074,,,19263,647567,21195,239074,40458,886533
2021-02-11 15:00:00,22849,670416,17293.0,256367,,,22849,670416,17293,256367,40142,926675
2021-02-12 15:00:00,20362,690778,19588.0,275955,,,20362,690778,19588,275955,39950,966625
2021-02-13 15:00:00,11414,702192,6392.0,282347,,,11414,702192,6392,282347,17806,984431
2021-02-14 15:00:00,7107,709299,2103.0,284450,,,7107,709299,2103,284450,9210,993641
2021-02-15 15:00:00,11739,721038,13294.0,297744,,,11739,721038,13294,297744,25033,1018674
2021-02-16 15:00:00,16580,737618,20982.0,318726,,,16580,737618,20982,318726,37562,1056236
2021-02-17 15:00:00,20640,758258,26348.0,345074,,,20640,758258,26348,345074,46988,1103224
2021-02-18 15:00:00,3189,761447,4606.0,349680,,,3189,761447,4606,349680,7795,1111019
2021-02-19 15:00:00,10243,771690,19902.0,369582,,,10243,771690,19902,369582,30145,1141164
2021-02-20 15:00:00,10295,781985,20256.0,389838,,,10295,781985,20256,389838,30551,1171715
2021-02-21 15:00:00,6158,788143,7625.0,397463,,,6158,788143,7625,397463,13783,1185498
2021-02-22 15:00:00,8016,796159,15449.0,412912,,,8016,796159,15449,412912,23465,1208963
2021-02-23 15:00:00,15512,811671,15940.0,428852,,,15512,811671,15940,428852,31452,1240415
2021-02-24 15:00:00,17919,829590,24730.0,453582,,,17919,829590,24730,453582,42649,1283064
2021-02-25 15:00:00,20379,849969,26524.0,480106,,,20379,849969,26524,480106,46903,1329967
2021-02-26 15:00:00,26694,876663,26172.0,506278,,,26694,876663,26172,506278,52866,1382833
2021-02-27 15:00:00,15982,892645,11122.0,517400,,,15982,892645,11122,517400,27104,1409937
2021-02-28 15:00:00,15489,908134,4863.0,522263,,,15489,908134,4863,522263,20352,1430289
2021-03-01 15:00:00,26471,934605,12465.0,534728,,,26471,934605,12465,534728,38936,1469225
2021-03-02 15:00:00,23863,958468,13240.0,547968,32.0,32.0,23895,958500,13272,548000,37135,1506360
2021-03-03 15:00:00,30125,988593,18357.0,566325,182.0,214.0,30307,988807,18539,566539,48664,1555024
2021-03-04 15:00:00,30934,1019527,18149.0,584474,4065.0,4279.0,34999,1023806,22214,588753,53148,1608172
2021-03-05 15:00:00,29412,1048939,19435.0,603909,4911.0,9190.0,34323,1058129,24346,613099,53758,1661930
2021-03-06 15:00:00,17849,1066788,8958.0,612867,6005.0,15195.0,23854,1081983,14963,628062,32812,1694742
2021-03-07 15:00:00,12107,1078895,4833.0,617700,6613.0,21808.0,18720,1100703,11446,639508,23553,1718295
2021-03-08 15:00:00,25830,1104725,8799.0,626499,8276.0,30084.0,34106,1134809,17075,656583,42905,1761200
2021-03-09 15:00:00,26082,1130807,15421.0,641920,8347.0,38431.0,34429,1169238,23768,680351,49850,1811050
2021-03-10 15:00:00,29813,1160620,15963.0,657883,7936.0,46367.0,37749,1206987,23899,704250,53712,1864762
2021-03-11 15:00:00,35937,1196557,16395.0,674278,3983.0,50350.0,39920,1246907,20378,724628,56315,1921077
2021-03-12 15:00:00,36876,1233433,18048.0,692326,2920.0,53270.0,39796,1286703,20968,745596,57844,1978921
2021-03-13 15:00:00,22645,1256078,10252.0,702578,1621.0,54891.0,24266,1310969,11873,757469,34518,2013439
2021-03-14 15:00:00,17838,1273916,6694.0,709272,999.0,55890.0,18837,1329806,7693,765162,25531,2038970
2021-03-15 15:00:00,29784,1303700,11257.0,720529,593.0,56483.0,30377,1360183,11850,777012,41634,2080604
2021-03-16 15:00:00,33403,1337103,13539.0,734068,766.0,57249.0,34169,1394352,14305,791317,47708,2128312
2021-03-17 15:00:00,37536,1374639,17004.0,751072,1175.0,58424.0,38711,1433063,18179,809496,55715,2184027
2021-03-18 15:00:00,41402,1416041,12592.0,763664,1348.0,59772.0,42750,1475813,13940,823436,55342,2239369
2021-03-19 15:00:00,38286,1454327,15372.0,779036,1036.0,60808.0,39322,1515135,16408,839844,54694,2294063
2021-03-20 15:00:00,24666,1478993,10110.0,789146,699.0,61507.0,25365,1540500,10809,850653,35475,2329538
2021-03-21 15:00:00,19156,1498149,7836.0,796982,334.0,61841.0,19490,1559990,8170,858823,27326,2356864
2021-03-22 15:00:00,32554,1530703,11434.0,808416,834.0,62675.0,33388,1593378,12268,871091,44822,2401686
2021-03-23 15:00:00,37727,1568430,17305.0,825721,1553.0,64228.0,39280,1632658,18858,889949,56585,2458271
2021-03-24 15:00:00,41054,1609484,21143.0,846864,1381.0,65609.0,42435,1675093,22524,912473,63578,2521849
2021-03-25 15:00:00,42322,1651806,21004.0,867868,2457.0,68066.0,44779,1719872,23461,935934,65783,2587632
2021-03-26 15:00:00,36590,1688396,26260.0,894128,2498.0,70564.0,39088,1758960,28758,964692,65348,2652980
2021-03-27 15:00:00,26915,1715311,16772.0,910900,2484.0,73048.0,29399,1788359,19256,983948,46171,2699151
2021-03-28 15:00:00,17005,1732316,12606.0,923506,1615.0,74663.0,18620,1806979,14221,998169,31226,2730377
2021-03-29 15:00:00,29702,1762018,26215.0,949721,1140.0,75803.0,30842,1837821,27355,1025524,57057,2787434
2021-03-30 15:00:00,40016,1802034,28915.0,978636,1856.0,77659.0,41872,1879693,30771,1056295,70787,2858221
2021-03-31 15:00:00,41021,1843055,34597.0,1013233,5749.0,83408.0,46770,1926463,40346,1096641,81367,2939588
2021-04-01 15:00:00,41083,1884138,39876.0,1053109,5664.0,89072.0,46747,1973210,45540,1142181,86623,3026211
2021-04-02 15:00:00,34987,1919125,32490.0,1085599,6119.0,95191.0,41106,2014316,38609,1180790,73596,3099807
2021-04-03 15:00:00,21615,1940740,18661.0,1104260,4367.0,99558.0,25982,2040298,23028,1203818,44643,3144450
2021-04-04 15:00:00,8243,1948983,10173.0,1114433,964.0,100522.0,9207,2049505,11137,1214955,19380,3163830
2021-04-05 15:00:00,27896,1976879,28846.0,1143279,6653.0,107175.0,34549,2084054,35499,1250454,63395,3227225
2021-04-06 15:00:00,39735,2016614,30393.0,1173672,10489.0,117664.0,50224,2134278,40882,1291336,80617,3307842
2021-04-07 15:00:00,36025,2052639,34192.0,1207864,12973.0,130637.0,48998,2183276,47165,1338501,83190,3391032
2021-04-08 15:00:00,42288,2094927,36004.0,1243868,13852.0,144489.0,56140,2239416,49856,1388357,92144,3483176
2021-04-09 15:00:00,34001,2128928,36276.0,1280144,14523.0,159012.0,48524,2287940,50799,1439156,84800,3567976
2021-04-10 15:00:00,23442,2152370,23092.0,1303236,7631.0,166643.0,31073,2319013,30723,1469879,54165,3622141
2021-04-11 15:00:00,17550,2169920,13265.0,1316501,10122.0,176765.0,27672,2346685,23387,1493266,40937,3663078
2021-04-12 15:00:00,24572,2194492,33125.0,1349626,10895.0,187660.0,35467,2382152,44020,1537286,68592,3731670
2021-04-13 15:00:00,126766,2321258,90566.0,1440192,3293.0,190953.0,130059,2512211,93859,1631145,220625,3952295
2021-04-14 15:00:00,40677,2361935,37753.0,1477945,210.0,191163.0,40887,2553098,37963,1669108,78640,4030935
2021-04-15 15:00:00,41666,2403601,39154.0,1517099,172.0,191335.0,41838,2594936,39326,1708434,80992,4111927
2021-04-16 15:00:00,37191,2440792,38721.0,1555820,23.0,191358.0,37214,2632150,38744,1747178,75935,4187862
2021-04-17 15:00:00,32775,2473567,21984.0,1577804,12.0,191370.0,32787,2664937,21996,1769174,54771,4242633
2021-04-18 15:00:00,20058,2493625,16171.0,1593975,5.0,191375.0,20063,2685000,16176,1785350,36234,4278867
2021-04-19 15:00:00,29881,2523506,36475.0,1630450,61.0,191436.0,29942,2714942,36536,1821886,66417,4345284
2021-04-20 15:00:00,33095,2556601,44173.0,1674623,56.0,191492.0,33151,2748093,44229,1866115,77324,4422608
2021-04-21 15:00:00,39794,2596395,46961.0,1721584,22.0,191514.0,39816,2787909,46983,1913098,86777,4509385
2021-04-22 15:00:00,36398,2632793,42013.0,1763597,16.0,191530.0,36414,2824323,42029,1955127,78427,4587812
2021-04-23 15:00:00,33111,2665904,40058.0,1803655,14.0,191544.0,33125,2857448,40072,1995199,73183,4660995
2021-04-24 15:00:00,26398,2692302,27836.0,1831491,81.0,191625.0,26479,2883927,27917,2023116,54315,4715310
2021-04-25 15:00:00,20212,2712514,10929.0,1842420,31.0,191656.0,20243,2904170,10960,2034076,31172,4746482
2021-04-26 15:00:00,27414,2739928,32644.0,1875064,202.0,191858.0,27616,2931786,32846,2066922,60260,4806742
2021-04-27 15:00:00,26687,2766615,32997.0,1908061,1098.0,192956.0,27785,2959571,34095,2101017,60782,4867524
2021-04-28 15:00:00,28923,2795538,39462.0,1947523,1362.0,194318.0,30285,2989856,40824,2141841,69747,4937271
2021-04-29 15:00:00,27294,2822832,39408.0,1986931,1466.0,195784.0,28760,3018616,40874,2182715,68168,5005439
2021-04-30 15:00:00,28189,2851021,32162.0,2019093,1646.0,197430.0,29835,3048451,33808,2216523,61997,5067436
2021-05-01 15:00:00,20510,2871531,26466.0,2045559,1034.0,198464.0,21544,3069995,27500,2244023,48010,5115446
2021-05-02 15:00:00,10277,2881808,17014.0,2062573,820.0,199284.0,11097,3081092,17834,2261857,28111,5143557
2021-05-03 15:00:00,12744,2894552,28506.0,2091079,1912.0,201196.0,14656,3095748,30418,2292275,43162,5186719
2021-05-04 15:00:00,13564,2908116,38526.0,2129605,1736.0,202932.0,15300,3111048,40262,2332537,53826,5240545
2021-05-05 15:00:00,19324,2927440,37680.0,2167285,1920.0,204852.0,21244,3132292,39600,2372137,58924,5299469
2021-05-06 15:00:00,16924,2944364,40539.0,2207824,1721.0,206573.0,18645,3150937,42260,2414397,59184,5358653
2021-05-07 15:00:00,17415,2961779,36020.0,2243844,1958.0,208531.0,19373,3170310,37978,2452375,55393,5414046
2021-05-08 15:00:00,10784,2972563,31198.0,2275042,1292.0,209823.0,12076,3182386,32490,2484865,43274,5457320
2021-05-09 15:00:00,5052,2977615,11906.0,2286948,695.0,210518.0,5747,3188133,12601,2497466,17653,5474973
2021-05-10 15:00:00,8951,2986566,31012.0,2317960,1359.0,211877.0,10310,3198443,32371,2529837,41322,5516295
2021-05-11 15:00:00,12186,2998752,30244.0,2348204,1437.0,213314.0,13623,3212066,31681,2561518,43867,5560162
2021-05-12 15:00:00,13945,3012697,38554.0,2386758,1919.0,215233.0,15864,3227930,40473,2601991,54418,5614580
2021-05-13 15:00:00,21849,3034546,33422.0,2420180,1347.0,216580.0,23196,3251126,34769,2636760,56618,5671198
2021-05-14 15:00:00,24348,3058894,29977.0,2450157,1774.0,218354.0,26122,3277248,31751,2668511,56099,5727297
2021-05-15 15:00:00,21901,3080795,25065.0,2475222,1490.0,219844.0,23391,3300639,26555,2695066,48456,5775753
2021-05-16 15:00:00,9077,3089872,17552.0,2492774,1113.0,220957.0,10190,3310829,18665,2713731,27742,5803495
2021-05-17 15:00:00,16842,3106714,28359.0,2521133,1949.0,222906.0,18791,3329620,30308,2744039,47150,5850645
2021-05-18 15:00:00,21243,3127957,30643.0,2551776,1941.0,224847.0,23184,3352804,32584,2776623,53827,5904472
2021-05-19 15:00:00,27617,3155574,32383.0,2584159,1626.0,226473.0,29243,3382047,34009,2810632,61626,5966098
2021-05-20 15:00:00,20792,3176366,33204.0,2617363,1970.0,228443.0,22762,3404809,35174,2845806,55966,6022064
2021-05-21 15:00:00,19157,3195523,30251.0,2647614,1607.0,230050.0,20764,3425573,31858,2877664,51015,6073079
2021-05-22 15:00:00,16915,3212438,20652.0,2668266,1270.0,231320.0,18185,3443758,21922,2899586,38837,6111916
2021-05-23 15:00:00,8752,3221190,11423.0,2679689,964.0,232284.0,9716,3453474,12387,2911973,21139,6133055
2021-05-24 15:00:00,13561,3234751,17733.0,2697422,1475.0,233759.0,15036,3468510,19208,2931181,32769,6165824
2021-05-25 15:00:00,12992,3247743,18656.0,2716078,1329.0,235088.0,14321,3482831,19985,2951166,32977,6198801
2021-05-26 15:00:00,18281,3266024,19435.0,2735513,1512.0,236600.0,19793,3502624,20947,2972113,39228,6238029
2021-05-27 15:00:00,11682,3277706,18628.0,2754141,1116.0,237716.0,12798,3515422,19744,2991857,31426,6269455
2021-05-28 15:00:00,12500,3290206,19708.0,2773849,1400.0,239116.0,13900,3529322,21108,3012965,33608,6303063
2021-05-29 15:00:00,9551,3299757,11638.0,2785487,935.0,240051.0,10486,3539808,12573,3025538,22124,6325187
2021-05-30 15:00:00,4964,3304721,6416.0,2791903,596.0,240647.0,5560,3545368,7012,3032550,11976,6337163
2021-05-31 15:00:00,1774,3306495,3704.0,2795607,305.0,240952.0,2079,3547447,4009,3036559,5783,6342946
2021-06-01 15:00:00,9780,3316275,16342.0,2811949,1153.0,242105.0,10933,3558380,17495,3054054,27275,6370221
2021-06-02 15:00:00,10228,3326503,16775.0,2828724,959.0,243064.0,11187,3569567,17734,3071788,27962,6398183
2021-06-03 15:00:00,7898,3334401,21150.0,2849874,1085.0,244149.0,8983,3578550,22235,3094023,30133,6428316
2021-06-04 15:00:00,8201,3342602,22261.0,2872135,1121.0,245270.0,9322,3587872,23382,3117405,31583,6459899
2021-06-05 15:00:00,7014,3349616,19410.0,2891545,720.0,245990.0,7734,3595606,20130,3137535,27144,6487043
2021-06-06 15:00:00,3464,3353080,7223.0,2898768,423.0,246413.0,3887,3599493,7646,3145181,11110,6498153
2021-06-07 15:00:00,6854,3359934,15735.0,2914503,725.0,247138.0,7579,3607072,16460,3161641,23314,6521467
2021-06-08 15:00:00,6670,3366604,19669.0,2934172,829.0,247967.0,7499,3614571,20498,3182139,27168,6548635
2021-06-09 15:00:00,8193,3374797,23909.0,2958081,969.0,248936.0,9162,3623733,24878,3207017,33071,6581706
2021-06-10 15:00:00,7147,3381944,19087.0,2977168,895.0,249831.0,8042,3631775,19982,3226999,27129,6608835
2021-06-11 15:00:00,7466,3389410,17698.0,2994866,1125.0,250956.0,8591,3640366,18823,3245822,26289,6635124
2021-06-12 15:00:00,5229,3394639,14737.0,3009603,604.0,251560.0,5833,3646199,15341,3261163,20570,6655694
2021-06-13 15:00:00,1931,3396570,7557.0,3017160,427.0,251987.0,2358,3648557,7984,3269147,9915,6665609
2021-06-14 15:00:00,5654,3402224,11803.0,3028963,734.0,252721.0,6388,3654945,12537,3281684,18191,6683800
2021-06-15 15:00:00,5650,3407874,14298.0,3043261,872.0,253593.0,6522,3661467,15170,3296854,20820,6704620
2021-06-16 15:00:00,8747,3416621,21556.0,3064817,757.0,254350.0,9504,3670971,22313,3319167,31060,6735680
2021-06-17 15:00:00,6681,3423302,12343.0,3077160,720.0,255070.0,7401,3678372,13063,3332230,19744,6755424
2021-06-18 15:00:00,6834,3430136,12699.0,3089859,702.0,255772.0,7536,3685908,13401,3345631,20235,6775659
2021-06-19 15:00:00,4662,3434798,9354.0,3099213,613.0,256385.0,5275,3691183,9967,3355598,14629,6790288
2021-06-20 15:00:00,2505,3437303,5037.0,3104250,378.0,256763.0,2883,3694066,5415,3361013,7920,6798208
2021-06-21 15:00:00,5555,3442858,5318.0,3109568,636.0,257399.0,6191,3700257,5954,3366967,11509,6809717
2021-06-22 15:00:00,5195,3448053,8849.0,3118417,682.0,258081.0,5877,3706134,9531,3376498,14726,6824443
2021-06-23 15:00:00,6063,3454116,10300.0,3128717,646.0,258727.0,6709,3712843,10946,3387444,17009,6841452
2021-06-24 15:00:00,5928,3460044,8183.0,3136900,594.0,259321.0,6522,3719365,8777,3396221,14705,6856157
2021-06-25 15:00:00,5827,3465871,8619.0,3145519,620.0,259941.0,6447,3725812,9239,3405460,15066,6871223
2021-06-26 15:00:00,3700,3469571,6293.0,3151812,396.0,260337.0,4096,3729908,6689,3412149,10389,6881612
2021-06-27 15:00:00,2810,3472381,3516.0,3155328,185.0,260522.0,2995,3732903,3701,3415850,6511,6888123
2021-06-28 15:00:00,4733,3477114,6084.0,3161412,523.0,261045.0,5256,3738159,6607,3422457,11340,6899463
2021-06-29 15:00:00,5057,3482171,6450.0,3167862,519.0,261564.0,5576,3743735,6969,3429426,12026,6911489
2021-06-30 15:00:00,5607,3487778,7366.0,3175228,605.0,262169.0,6212,3749947,7971,3437397,13578,6925067
2021-07-01 15:00:00,5353,3493131,6923.0,3182151,495.0,262664.0,5848,3755795,7418,3444815,12771,6937838
2021-07-02 15:00:00,5282,3498413,6816.0,3188967,521.0,263185.0,5803,3761598,7337,3452152,12619,6950457
2021-07-03 15:00:00,3262,3501675,4053.0,3193020,265.0,263450.0,3527,3765125,4318,3456470,7580,6958037
2021-07-04 15:00:00,492,3502167,545.0,3193565,67.0,263517.0,559,3765684,612,3457082,1104,6959141
2021-07-05 15:00:00,3758,3505925,3945.0,3197510,287.0,263804.0,4045,3769729,4232,3461314,7990,6967131
2021-07-06 15:00:00,4479,3510404,6234.0,3203744,452.0,264256.0,4931,3774660,6686,3468000,11165,6978296
2021-07-07 15:00:00,4460,3514864,6382.0,3210126,482.0,264738.0,4942,3779602,6864,3474864,11324,6989620
2021-07-08 15:00:00,4828,3519692,6142.0,3216268,564.0,265302.0,5392,3784994,6706,3481570,11534,7001154
2021-07-09 15:00:00,5347,3525039,6632.0,3222900,572.0,265874.0,5919,3790913,7204,3488774,12551,7013705
2021-07-10 15:00:00,3523,3528562,4386.0,3227286,302.0,266176.0,3825,3794738,4688,3493462,8211,7021916
2021-07-11 15:00:00,2669,3531231,2564.0,3229850,224.0,266400.0,2893,3797631,2788,3496250,5457,7027373
2021-07-12 15:00:00,4414,3535645,5099.0,3234949,377.0,266777.0,4791,3802422,5476,3501726,9890,7037263
2021-07-13 15:00:00,4761,3540406,4594.0,3239543,366.0,267143.0,5127,3807549,4960,3506686,9721,7046984
2021-07-14 15:00:00,4610,3545016,5250.0,3244793,421.0,267564.0,5031,3812580,5671,3512357,10281,7057265
2021-07-15 15:00:00,4885,3549901,4990.0,3249783,357.0,267921.0,5242,3817822,5347,3517704,10232,7067497
2021-07-16 15:00:00,6279,3556180,5813.0,3255596,401.0,268322.0,6680,3824502,6214,3523918,12493,7079990
2021-07-17 15:00:00,3408,3559588,3541.0,3259137,300.0,268622.0,3708,3828210,3841,3527759,7249,7087239
2021-07-18 15:00:00,2305,3561893,2370.0,3261507,110.0,268732.0,2415,3830625,2480,3530239,4785,7092024
2021-07-19 15:00:00,5255,3567148,4469.0,3265976,379.0,269111.0,5634,3836259,4848,3535087,10103,7102127
2021-07-20 15:00:00,5328,3572476,4685.0,3270661,366.0,269477.0,5694,3841953,5051,3540138,10379,7112506
2021-07-21 15:00:00,5636,3578112,4912.0,3275573,415.0,269892.0,6051,3848004,5327,3545465,10963,7123469
2021-07-22 15:00:00,6014,3584126,4603.0,3280176,469.0,270361.0,6483,3854487,5072,3550537,11086,7134555
2021-07-23 15:00:00,6833,3590959,4819.0,3284995,491.0,270852.0,7324,3861811,5310,3555847,12143,7146698
2021-07-24 15:00:00,4278,3595237,3194.0,3288189,267.0,271119.0,4545,3866356,3461,3559308,7739,7154437
2021-07-25 15:00:00,3290,3598527,1111.0,3289300,138.0,271257.0,3428,3869784,1249,3560557,4539,7158976
2021-07-26 15:00:00,6197,3604724,3887.0,3293187,418.0,271675.0,6615,3876399,4305,3564862,10502,7169478
2021-07-27 15:00:00,6347,3611071,4052.0,3297239,455.0,272130.0,6802,3883201,4507,3569369,10854,7180332
2021-07-28 15:00:00,6802,3617873,3998.0,3301237,458.0,272588.0,7260,3890461,4456,3573825,11258,7191590
2021-07-29 15:00:00,6800,3624673,4140.0,3305377,416.0,273004.0,7216,3897677,4556,3578381,11356,7202946
2021-07-30 15:00:00,7537,3632210,4508.0,3309885,523.0,273527.0,8060,3905737,5031,3583412,12568,7215514
2021-07-31 15:00:00,4781,3636991,3037.0,3312922,273.0,273800.0,5054,3910791,3310,3586722,8091,7223605
2021-08-01 15:00:00,3827,3640818,2118.0,3315040,160.0,273960.0,3987,3914778,2278,3589000,6105,7229710
2021-08-02 15:00:00,7021,3647839,3636.0,3318676,336.0,274296.0,7357,3922135,3972,3592972,10993,7240703
2021-08-03 15:00:00,6999,3654838,3894.0,3322570,511.0,274807.0,7510,3929645,4405,3597377,11404,7252107
2021-08-04 15:00:00,7157,3661995,3893.0,3326463,528.0,275335.0,7685,3937330,4421,3601798,11578,7263685
2021-08-05 15:00:00,7678,3669673,4110.0,3330573,537.0,275872.0,8215,3945545,4647,3606445,12325,7276010
2021-08-06 15:00:00,8293,3677966,4689.0,3335262,452.0,276324.0,8745,3954290,5141,3611586,13434,7289444
2021-08-07 15:00:00,5255,3683221,2802.0,3338064,264.0,276588.0,5519,3959809,3066,3614652,8321,7297765
2021-08-08 15:00:00,3944,3687165,2042.0,3340106,143.0,276731.0,4087,3963896,2185,3616837,6129,7303894
2021-08-09 15:00:00,6919,3694084,4509.0,3344615,367.0,277098.0,7286,3971182,4876,3621713,11795,7315689
2021-08-10 15:00:00,7120,3701204,4439.0,3349054,338.0,277436.0,7458,3978640,4777,3626490,11897,7327586
2021-08-11 15:00:00,7042,3708246,4417.0,3353471,440.0,277876.0,7482,3986122,4857,3631347,11899,7339485
2021-08-12 15:00:00,8588,3716834,4717.0,3358188,443.0,278319.0,9031,3995153,5160,3636507,13748,7353233
2021-08-13 15:00:00,7129,3723963,5352.0,3363540,394.0,278713.0,7523,4002676,5746,3642253,12875,7366108
2021-08-14 15:00:00,4910,3728873,3338.0,3366878,285.0,278998.0,5195,4007871,3623,3645876,8533,7374641
2021-08-15 15:00:00,3319,3732192,2729.0,3369607,163.0,279161.0,3482,4011353,2892,3648768,6211,7380852
2021-08-16 15:00:00,5428,3737620,5069.0,3374676,352.0,279513.0,5780,4017133,5421,3654189,10849,7391701
2021-08-17 15:00:00,6957,3744577,5174.0,3379850,389.0,279902.0,7346,4024479,5563,3659752,12520,7404221
2021-08-18 15:00:00,6498,3751075,5291.0,3385141,477.0,280379.0,6975,4031454,5768,3665520,12266,7416487
2021-08-19 15:00:00,5985,3757060,5314.0,3390455,415.0,280794.0,6400,4037854,5729,3671249,11714,7428201
2021-08-20 15:00:00,7029,3764089,6321.0,3396776,402.0,281196.0,7431,4045285,6723,3677972,13752,7441953
2021-08-21 15:00:00,4317,3768406,3912.0,3400688,227.0,281423.0,4544,4049829,4139,3682111,8456,7450409
2021-08-22 15:00:00,3060,3771466,3157.0,3403845,109.0,281532.0,3169,4052998,3266,3685377,6326,7456735
2021-08-23 15:00:00,6166,3777632,5915.0,3409760,285.0,281817.0,6451,4059449,6200,3691577,12366,7469101
2021-08-24 15:00:00,6646,3784278,5865.0,3415625,424.0,282241.0,7070,4066519,6289,3697866,12935,7482036
2021-08-25 15:00:00,6912,3791190,6013.0,3421638,439.0,282680.0,7351,4073870,6452,3704318,13364,7495400
2021-08-26 15:00:00,7179,3798369,6426.0,3428064,427.0,283107.0,7606,4081476,6853,3711171,14032,7509432
2021-08-27 15:00:00,6868,3805237,7011.0,3435075,317.0,283424.0,7185,4088661,7328,3718499,14196,7523628
2021-08-28 15:00:00,6906,3812143,6494.0,3441569,325.0,283749.0,7231,4095892,6819,3725318,13725,7537353
2021-08-29 15:00:00,3736,3815879,3677.0,3445246,611.0,284360.0,4347,4100239,4288,3729606,8024,7545377
2021-08-30 15:00:00,5942,3821821,6091.0,3451337,960.0,285320.0,6902,4107141,7051,3736657,12993,7558370
2021-08-31 15:00:00,5700,3827521,5914.0,3457251,945.0,286265.0,6645,4113786,6859,3743516,12559,7570929
2021-09-01 15:00:00,5558,3833079,5586.0,3462837,910.0,287175.0,6468,4120254,6496,3750012,12054,7582983
2021-09-02 15:00:00,5525,3838604,5895.0,3468732,703.0,287878.0,6228,4126482,6598,3756610,12123,7595106
2021-09-03 15:00:00,6000,3844604,6880.0,3475612,971.0,288849.0,6971,4133453,7851,3764461,13851,7608957
2021-09-04 15:00:00,3716,3848320,4333.0,3479945,879.0,289728.0,4595,4138048,5212,3769673,8928,7617885
2021-09-05 15:00:00,2956,3851276,2800.0,3482745,105.0,289833.0,3061,4141109,2905,3772578,5861,7623746
2021-09-06 15:00:00,1057,3852333,1147.0,3483892,63.0,289896.0,1120,4142229,1210,3773788,2267,7626013
2021-09-07 15:00:00,5344,3857677,7256.0,3491148,2304.0,292200.0,7648,4149877,9560,3783348,14904,7640917
2021-09-08 15:00:00,4663,3862340,5438.0,3496586,365.0,292565.0,5028,4154905,5803,3789151,10466,7651383
2021-09-09 15:00:00,5084,3867424,5355.0,3501941,324.0,292889.0,5408,4160313,5679,3794830,10763,7662146
2021-09-10 15:00:00,6544,3873968,6594.0,3508535,1716.0,294605.0,8260,4168573,8310,3803140,14854,7677000
2021-09-11 15:00:00,4167,3878135,4320.0,3512855,663.0,295268.0,4830,4173403,4983,3808123,9150,7686150
2021-09-12 15:00:00,3162,3881297,3229.0,3516084,436.0,295704.0,3598,4177001,3665,3811788,6827,7692977
2021-09-13 15:00:00,4669,3885966,4843.0,3520927,346.0,296050.0,5015,4182016,5189,3816977,9858,7702835
2021-09-14 15:00:00,4585,3890551,5190.0,3526117,434.0,296484.0,5019,4187035,5624,3822601,10209,7713044
2021-09-15 15:00:00,4849,3895400,5604.0,3531721,388.0,296872.0,5237,4192272,5992,3828593,10841,7723885
2021-09-16 15:00:00,4587,3899987,5613.0,3537334,335.0,297207.0,4922,4197194,5948,3834541,10535,7734420
2021-09-17 15:00:00,5042,3905029,6332.0,3543666,342.0,297549.0,5384,4202578,6674,3841215,11716,7746136
2021-09-18 15:00:00,3788,3908817,4559.0,3548225,185.0,297734.0,3973,4206551,4744,3845959,8532,7754668
2021-09-19 15:00:00,2742,3911559,3157.0,3551382,75.0,297809.0,2817,4209368,3232,3849191,5974,7760642
2021-09-20 15:00:00,3559,3915118,4467.0,3555849,430.0,298239.0,3989,4213357,4897,3854088,8456,7769098
2021-09-21 15:00:00,3808,3918926,4811.0,3560660,326.0,298565.0,4134,4217491,5137,3859225,8945,7778043
2021-09-22 15:00:00,4199,3923125,4750.0,3565410,459.0,299024.0,4658,4222149,5209,3864434,9408,7787451
2021-09-23 15:00:00,4183,3927308,4693.0,3570103,492.0,299516.0,4675,4226824,5185,3869619,9368,7796819
2021-09-24 15:00:00,5092,3932400,5576.0,3575679,422.0,299938.0,5514,4232338,5998,3875617,11090,7807909
2021-09-25 15:00:00,3628,3936028,3624.0,3579303,385.0,300323.0,4013,4236351,4009,3879626,7637,7815546
2021-09-26 15:00:00,2360,3938388,2657.0,3581960,423.0,300746.0,2783,4239134,3080,3882706,5440,7820986
2021-09-27 15:00:00,4518,3942906,2690.0,3584650,509.0,301255.0,5027,4244161,3199,3885905,7717,7828703
2021-09-28 15:00:00,4408,3947314,4440.0,3589090,211.0,301466.0,4619,4248780,4651,3890556,9059,7837762
2021-09-29 15:00:00,4710,3952024,4500.0,3593590,918.0,302384.0,5628,4254408,5418,3895974,10128,7847890
2021-09-30 15:00:00,4889,3956913,4555.0,3598145,792.0,303176.0,5681,4260089,5347,3901321,10236,7858126
2021-10-01 15:00:00,5480,3962393,5286.0,3603431,778.0,303954.0,6258,4266347,6064,3907385,11544,7869670
2021-10-02 15:00:00,2939,3965332,2889.0,3606320,187.0,304141.0,3126,4269473,3076,3910461,6015,7875685
2021-10-03 15:00:00,2082,3967414,2376.0,3608696,86.0,304227.0,2168,4271641,2462,3912923,4544,7880229
2021-10-04 15:00:00,4154,3971568,3371.0,3612067,233.0,304460.0,4387,4276028,3604,3916527,7758,7887987
2021-10-05 15:00:00,4058,3975626,3570.0,3615637,207.0,304667.0,4265,4280293,3777,3920304,7835,7895822
2021-10-06 15:00:00,4124,3979750,3490.0,3619127,264.0,304931.0,4388,4284681,3754,3924058,7878,7903700
2021-10-07 15:00:00,4370,3984120,3507.0,3622634,331.0,305262.0,4701,4289382,3838,3927896,8208,7911908
2021-10-08 15:00:00,4950,3989070,4122.0,3626756,283.0,305545.0,5233,4294615,4405,3932301,9355,7921263
2021-10-09 15:00:00,2688,3991758,2671.0,3629427,271.0,305816.0,2959,4297574,2942,3935243,5630,7926893
2021-10-10 15:00:00,1865,3993623,1844.0,3631271,59.0,305875.0,1924,4299498,1903,3937146,3768,7930661
2021-10-11 15:00:00,4372,3997995,3191.0,3634462,248.0,306123.0,4620,4304118,3439,3940585,7811,7938472
2021-10-12 15:00:00,3727,4001722,3402.0,3637864,270.0,306393.0,3997,4308115,3672,3944257,7399,7945871
2021-10-13 15:00:00,3983,4005705,3444.0,3641308,347.0,306740.0,4330,4312445,3791,3948048,7774,7953645
2021-10-14 15:00:00,5189,4010894,5475.0,3646783,429.0,307169.0,5618,4318063,5904,3953952,11093,7964738
2021-10-15 15:00:00,4735,4015629,4582.0,3651365,347.0,307516.0,5082,4323145,4929,3958881,9664,7974402
2021-10-16 15:00:00,2504,4018133,2501.0,3653866,291.0,307807.0,2795,4325940,2792,3961673,5296,7979698
2021-10-17 15:00:00,1810,4019943,1773.0,3655639,55.0,307862.0,1865,4327805,1828,3963501,3638,7983336
2021-10-18 15:00:00,4312,4024255,3570.0,3659209,267.0,308129.0,4579,4332384,3837,3967338,8149,7991485
2021-10-19 15:00:00,4322,4028577,4033.0,3663242,222.0,308351.0,4544,4336928,4255,3971593,8577,8000062
2021-10-20 15:00:00,3541,4032118,3423.0,3666665,254.0,308605.0,3795,4340723,3677,3975270,7218,8007280
2021-10-21 15:00:00,3312,4035430,3258.0,3669923,290.0,308895.0,3602,4344325,3548,3978818,6860,8014140
2021-10-22 15:00:00,4701,4040131,4039.0,3673962,475.0,309370.0,5176,4349501,4514,3983332,9215,8023355
2021-10-23 15:00:00,2905,4043036,2126.0,3676088,321.0,309691.0,3226,4352727,2447,3985779,5352,8028707
2021-10-24 15:00:00,2062,4045098,1559.0,3677647,78.0,309769.0,2140,4354867,1637,3987416,3699,8032406
2021-10-25 15:00:00,4553,4049651,3115.0,3680762,317.0,310086.0,4870,4359737,3432,3990848,7985,8040391
2021-10-26 15:00:00,4522,4054173,3145.0,3683907,311.0,310397.0,4833,4364570,3456,3994304,7978,8048369
2021-10-27 15:00:00,4744,4058917,3398.0,3687305,429.0,310826.0,5173,4369743,3827,3998131,8571,8056940
2021-10-28 15:00:00,4570,4063487,3432.0,3690737,495.0,311321.0,5065,4374808,3927,4002058,8497,8065437
2021-10-29 15:00:00,4982,4068469,3945.0,3694682,393.0,311714.0,5375,4380183,4338,4006396,9320,8074757
2021-10-30 15:00:00,2631,4071100,1859.0,3696541,308.0,312022.0,2939,4383122,2167,4008563,4798,8079555
2021-10-31 15:00:00,1952,4073052,1515.0,3698056,93.0,312115.0,2045,4385167,1608,4010171,3560,8083115
2021-11-01 15:00:00,4655,4077707,3479.0,3701535,339.0,312454.0,4994,4390161,3818,4013989,8473,8091588
2021-11-02 15:00:00,4253,4081960,3028.0,3704563,405.0,312859.0,4658,4394819,3433,4017422,7686,8099274
2021-11-03 15:00:00,4670,4086630,3134.0,3707697,460.0,313319.0,5130,4399949,3594,4021016,8264,8107538
2021-11-04 15:00:00,6241,4092871,3424.0,3711121,513.0,313832.0,6754,4406703,3937,4024953,10178,8117716
2021-11-05 15:00:00,8183,4101054,3842.0,3714963,407.0,314239.0,8590,4415293,4249,4029202,12432,8130148
2021-11-06 15:00:00,10056,4111110,1993.0,3716956,305.0,314544.0,10361,4425654,2298,4031500,12354,8142502
2021-11-07 15:00:00,7750,4118860,1425.0,3718381,94.0,314638.0,7844,4433498,1519,4033019,9269,8151771
2021-11-08 15:00:00,11284,4130144,3111.0,3721492,377.0,315015.0,11661,4445159,3488,4036507,14772,8166543
2021-11-09 15:00:00,11769,4141913,2715.0,3724207,268.0,315283.0,12037,4457196,2983,4039490,14752,8181295
2021-11-10 15:00:00,12560,4154473,2834.0,3727041,336.0,315619.0,12896,4470092,3170,4042660,15730,8197025
2021-11-11 15:00:00,11321,4165794,2464.0,3729505,281.0,315900.0,11602,4481694,2745,4045405,14066,8211091
2021-11-12 15:00:00,12252,4178046,3443.0,3732948,548.0,316448.0,12800,4494494,3991,4049396,16243,8227334
2021-11-13 15:00:00,9737,4187783,1605.0,3734553,341.0,316789.0,10078,4504572,1946,4051342,11683,8239017
2021-11-14 15:00:00,3915,4191698,1132.0,3735685,121.0,316910.0,4036,4508608,1253,4052595,5168,8244185
2021-11-15 15:00:00,8593,4200291,2620.0,3738305,205.0,317115.0,8798,4517406,2825,4055420,11418,8255603
2021-11-16 15:00:00,9218,4209509,2599.0,3740904,254.0,317369.0,9472,4526878,2853,4058273,12071,8267674
2021-11-17 15:00:00,9368,4218877,2961.0,3743865,312.0,317681.0,9680,4536558,3273,4061546,12641,8280315
2021-11-18 15:00:00,9268,4228145,2709.0,3746574,480.0,318161.0,9748,4546306,3189,4064735,12457,8292772
2021-11-19 15:00:00,9780,4237925,3017.0,3749591,383.0,318544.0,10163,4556469,3400,4068135,13180,8305952
2021-11-20 15:00:00,10622,4248547,1619.0,3751210,453.0,318997.0,11075,4567544,2072,4070207,12694,8318646
2021-11-21 15:00:00,4352,4252899,1207.0,3752417,99.0,319096.0,4451,4571995,1306,4071513,5658,8324304
2021-11-22 15:00:00,9769,4262668,2571.0,3754988,292.0,319388.0,10061,4582056,2863,4074376,12632,8336936
2021-11-23 15:00:00,9167,4271835,2496.0,3757484,280.0,319668.0,9447,4591503,2776,4077152,11943,8348879
2021-11-24 15:00:00,8098,4279933,2543.0,3760027,215.0,319883.0,8313,4599816,2758,4079910,10856,8359735
2021-11-25 15:00:00,238,4280171,77.0,3760104,9.0,319892.0,247,4600063,86,4079996,324,8360059
2021-11-26 15:00:00,5678,4285849,4064.0,3764168,152.0,320044.0,5830,4605893,4216,4084212,9894,8369953
2021-11-27 15:00:00,3780,4289629,5448.0,3769616,134.0,320178.0,3914,4609807,5582,4089794,9362,8379315
2021-11-28 15:00:00,2424,4292053,6362.0,3775978,77.0,320255.0,2501,4612308,6439,4096233,8863,8388178
2021-11-29 15:00:00,6365,4298418,9313.0,3785291,379.0,320634.0,6744,4619052,9692,4105925,16057,8404235
2021-11-30 15:00:00,6179,4304597,9336.0,3794627,264.0,320898.0,6443,4625495,9600,4115525,15779,8420014
2021-12-01 15:00:00,7162,4311759,9599.0,3804226,305.0,321203.0,7467,4632962,9904,4125429,17066,8437080
2021-12-02 15:00:00,6804,4318563,8745.0,3812971,447.0,321650.0,7251,4640213,9192,4134621,15996,8453076
2021-12-03 15:00:00,7440,4326003,9008.0,3821979,247.0,321897.0,7687,4647900,9255,4143876,16695,8469771
2021-12-04 15:00:00,5831,4331834,9547.0,3831526,455.0,322352.0,6286,4654186,10002,4153878,15833,8485604
2021-12-05 15:00:00,3359,4335193,3067.0,3834593,74.0,322426.0,3433,4657619,3141,4157019,6500,8492104
2021-12-06 15:00:00,6485,4341678,6925.0,3841518,266.0,322692.0,6751,4664370,7191,4164210,13676,8505780
2021-12-07 15:00:00,6134,4347812,6690.0,3848208,240.0,322932.0,6374,4670744,6930,4171140,13064,8518844
2021-12-08 15:00:00,6652,4354464,7106.0,3855314,309.0,323241.0,6961,4677705,7415,4178555,14067,8532911
2021-12-09 15:00:00,6215,4360679,6745.0,3862059,394.0,323635.0,6609,4684314,7139,4185694,13354,8546265
2021-12-10 15:00:00,6917,4367596,6987.0,3869046,226.0,323861.0,7143,4691457,7213,4192907,14130,8560395
2021-12-11 15:00:00,4240,4371836,7128.0,3876174,331.0,324192.0,4571,4696028,7459,4200366,11699,8572094
2021-12-12 15:00:00,3937,4375773,2759.0,3878933,57.0,324249.0,3994,4700022,2816,4203182,6753,8578847
2021-12-13 15:00:00,5499,4381272,5583.0,3884516,235.0,324484.0,5734,4705756,5818,4209000,11317,8590164
2021-12-14 15:00:00,6181,4387453,5763.0,3890279,203.0,324687.0,6384,4712140,5966,4214966,12147,8602311
2021-12-15 15:00:00,6785,4394238,5460.0,3895739,239.0,324926.0,7024,4719164,5699,4220665,12484,8614795
2021-12-16 15:00:00,7498,4401736,2744.0,3898483,412.0,325338.0,7910,4727074,3156,4223821,10654,8625449
2021-12-17 15:00:00,7428,4409164,3978.0,3902461,173.0,325511.0,7601,4734675,4151,4227972,11579,8637028
2021-12-18 15:00:00,5594,4414758,3062.0,3905523,294.0,325805.0,5888,4740563,3356,4231328,8950,8645978
2021-12-19 15:00:00,3288,4418046,1279.0,3906802,35.0,325840.0,3323,4743886,1314,4232642,4602,8650580
2021-12-20 15:00:00,7753,4425799,3657.0,3910459,149.0,325989.0,7902,4751788,3806,4236448,11559,8662139
2021-12-21 15:00:00,8550,4434349,4057.0,3914516,158.0,326147.0,8708,4760496,4215,4240663,12765,8674904
2021-12-22 15:00:00,8158,4442507,3696.0,3918212,169.0,326316.0,8327,4768823,3865,4244528,12023,8686927
2021-12-23 15:00:00,7875,4450382,3360.0,3921572,346.0,326662.0,8221,4777044,3706,4248234,11581,8698508
2021-12-24 15:00:00,1470,4451852,954.0,3922526,34.0,326696.0,1504,4778548,988,4249222,2458,8700966
2021-12-25 15:00:00,29,4451881,22.0,3922548,1.0,326697.0,30,4778578,23,4249245,52,8701018
2021-12-26 15:00:00,2365,4454246,1609.0,3924157,39.0,326736.0,2404,4780982,1648,4250893,4013,8705031
2021-12-27 15:00:00,6751,4460997,3747.0,3927904,288.0,327024.0,7039,4788021,4035,4254928,10786,8715817
2021-12-28 15:00:00,7238,4468235,3509.0,3931413,150.0,327174.0,7388,4795409,3659,4258587,10897,8726714
2021-12-29 15:00:00,7508,4475743,3699.0,3935112,147.0,327321.0,7655,4803064,3846,4262433,11354,8738068
2021-12-30 15:00:00,6349,4482092,3191.0,3938303,267.0,327588.0,6616,4809680,3458,4265891,9807,8747875
2021-12-31 15:00:00,2143,4484235,1312.0,3939615,78.0,327666.0,2221,4811901,1390,4267281,3533,8751408
2022-01-01 15:00:00,283,4484518,126.0,3939741,19.0,327685.0,302,4812203,145,4267426,428,8751836
