VACCINATION_DATE,Race,FirstDoseDaily,FirstDoseCumulative,SecondDoseDaily,SecondDoseCumulative,SingleDoseDaily,SingleDoseCumulative
2020-12-16 15:00:00,AMERICAN INDIAN OR ALASKAN NATIVE,3.0,3,,0,,0
2020-12-17 15:00:00,AMERICAN INDIAN OR ALASKAN NATIVE,4.0,7,,0,,0
2020-12-18 15:00:00,AMERICAN INDIAN OR ALASKAN NATIVE,31.0,38,,0,,0
2020-12-19 15:00:00,AMERICAN INDIAN OR ALASKAN NATIVE,10.0,48,,0,,0
2020-12-20 15:00:00,AMERICAN INDIAN OR ALASKAN NATIVE,4.0,52,,0,,0
2020-12-21 15:00:00,AMERICAN INDIAN OR ALASKAN NATIVE,43.0,95,,0,,0
2020-12-22 15:00:00,AMERICAN INDIAN OR ALASKAN NATIVE,56.0,151,,0,,0
2020-12-23 15:00:00,AMERICAN INDIAN OR ALASKAN NATIVE,53.0,204,,0,,0
2020-12-24 15:00:00,AMERICAN INDIAN OR ALASKAN NATIVE,21.0,225,,0,,0
2020-12-25 15:00:00,AMERICAN INDIAN OR ALASKAN NATIVE,8.0,233,,0,,0
2020-12-26 15:00:00,AMERICAN INDIAN OR ALASKAN NATIVE,13.0,246,,0,,0
2020-12-27 15:00:00,AMERICAN INDIAN OR ALASKAN NATIVE,12.0,258,,0,,0
2020-12-28 15:00:00,AMERICAN INDIAN OR ALASKAN NATIVE,78.0,336,,0,,0
2020-12-29 15:00:00,AMERICAN INDIAN OR ALASKAN NATIVE,70.0,406,,0,,0
2020-12-30 15:00:00,AMERICAN INDIAN OR ALASKAN NATIVE,104.0,510,,0,,0
2020-12-31 15:00:00,AMERICAN INDIAN OR ALASKAN NATIVE,47.0,557,,0,,0
2021-01-01 15:00:00,AMERICAN INDIAN OR ALASKAN NATIVE,5.0,562,,0,,0
2021-01-02 15:00:00,AMERICAN INDIAN OR ALASKAN NATIVE,21.0,583,,0,,0
2021-01-03 15:00:00,AMERICAN INDIAN OR ALASKAN NATIVE,20.0,603,,0,,0
2021-01-04 15:00:00,AMERICAN INDIAN OR ALASKAN NATIVE,96.0,699,2.0,2,,0
2021-01-05 15:00:00,AMERICAN INDIAN OR ALASKAN NATIVE,79.0,778,11.0,13,,0
2021-01-06 15:00:00,AMERICAN INDIAN OR ALASKAN NATIVE,73.0,851,6.0,19,,0
2021-01-07 15:00:00,AMERICAN INDIAN OR ALASKAN NATIVE,113.0,964,11.0,30,,0
2021-01-08 15:00:00,AMERICAN INDIAN OR ALASKAN NATIVE,106.0,1070,26.0,56,,0
2021-01-09 15:00:00,AMERICAN INDIAN OR ALASKAN NATIVE,31.0,1101,13.0,69,,0
2021-01-10 15:00:00,AMERICAN INDIAN OR ALASKAN NATIVE,20.0,1121,5.0,74,,0
2021-01-11 15:00:00,AMERICAN INDIAN OR ALASKAN NATIVE,90.0,1211,45.0,119,,0
2021-01-12 15:00:00,AMERICAN INDIAN OR ALASKAN NATIVE,102.0,1313,44.0,163,,0
2021-01-13 15:00:00,AMERICAN INDIAN OR ALASKAN NATIVE,93.0,1406,26.0,189,,0
2021-01-14 15:00:00,AMERICAN INDIAN OR ALASKAN NATIVE,97.0,1503,19.0,208,,0
2021-01-15 15:00:00,AMERICAN INDIAN OR ALASKAN NATIVE,122.0,1625,19.0,227,,0
2021-01-16 15:00:00,AMERICAN INDIAN OR ALASKAN NATIVE,37.0,1662,14.0,241,,0
2021-01-17 15:00:00,AMERICAN INDIAN OR ALASKAN NATIVE,10.0,1672,6.0,247,,0
2021-01-18 15:00:00,AMERICAN INDIAN OR ALASKAN NATIVE,36.0,1708,21.0,268,,0
2021-01-19 15:00:00,AMERICAN INDIAN OR ALASKAN NATIVE,95.0,1803,33.0,301,,0
2021-01-20 15:00:00,AMERICAN INDIAN OR ALASKAN NATIVE,104.0,1907,39.0,340,,0
2021-01-21 15:00:00,AMERICAN INDIAN OR ALASKAN NATIVE,100.0,2007,26.0,366,,0
2021-01-22 15:00:00,AMERICAN INDIAN OR ALASKAN NATIVE,145.0,2152,12.0,378,,0
2021-01-23 15:00:00,AMERICAN INDIAN OR ALASKAN NATIVE,44.0,2196,11.0,389,,0
2021-01-24 15:00:00,AMERICAN INDIAN OR ALASKAN NATIVE,23.0,2219,12.0,401,,0
2021-01-25 15:00:00,AMERICAN INDIAN OR ALASKAN NATIVE,70.0,2289,66.0,467,,0
2021-01-26 15:00:00,AMERICAN INDIAN OR ALASKAN NATIVE,78.0,2367,41.0,508,,0
2021-01-27 15:00:00,AMERICAN INDIAN OR ALASKAN NATIVE,118.0,2485,78.0,586,,0
2021-01-28 15:00:00,AMERICAN INDIAN OR ALASKAN NATIVE,118.0,2603,64.0,650,,0
2021-01-29 15:00:00,AMERICAN INDIAN OR ALASKAN NATIVE,162.0,2765,54.0,704,,0
2020-01-01 15:00:00,ASIAN,1.0,1,,0,,0
2020-01-05 15:00:00,ASIAN,2.0,3,,0,,0
2020-01-31 15:00:00,ASIAN,1.0,4,,0,,0
2020-09-03 15:00:00,ASIAN,1.0,5,,0,,0
2020-12-01 15:00:00,ASIAN,1.0,6,,0,,0
2020-12-11 15:00:00,ASIAN,1.0,7,,0,,0
2020-12-16 15:00:00,ASIAN,53.0,60,,0,,0
2020-12-17 15:00:00,ASIAN,106.0,166,,0,,0
2020-12-18 15:00:00,ASIAN,218.0,384,1.0,1,,0
2020-12-19 15:00:00,ASIAN,96.0,480,,1,,0
2020-12-20 15:00:00,ASIAN,20.0,500,,1,,0
2020-12-21 15:00:00,ASIAN,393.0,893,,1,,0
2020-12-22 15:00:00,ASIAN,470.0,1363,,1,,0
2020-12-23 15:00:00,ASIAN,492.0,1855,,1,,0
2020-12-24 15:00:00,ASIAN,292.0,2147,,1,,0
2020-12-25 15:00:00,ASIAN,35.0,2182,,1,,0
2020-12-26 15:00:00,ASIAN,105.0,2287,,1,,0
2020-12-27 15:00:00,ASIAN,88.0,2375,,1,,0
2020-12-28 15:00:00,ASIAN,709.0,3084,,1,,0
2020-12-29 15:00:00,ASIAN,731.0,3815,,1,,0
2020-12-30 15:00:00,ASIAN,1003.0,4818,,1,,0
2020-12-31 15:00:00,ASIAN,663.0,5481,1.0,2,,0
2021-01-01 15:00:00,ASIAN,33.0,5514,2.0,4,,0
2021-01-02 15:00:00,ASIAN,201.0,5715,4.0,8,,0
2021-01-03 15:00:00,ASIAN,238.0,5953,12.0,20,,0
2021-01-04 15:00:00,ASIAN,1017.0,6970,12.0,32,,0
2021-01-05 15:00:00,ASIAN,791.0,7761,52.0,84,,0
2021-01-06 15:00:00,ASIAN,946.0,8707,74.0,158,,0
2021-01-07 15:00:00,ASIAN,1198.0,9905,155.0,313,,0
2021-01-08 15:00:00,ASIAN,1222.0,11127,208.0,521,,0
2021-01-09 15:00:00,ASIAN,442.0,11569,97.0,618,,0
2021-01-10 15:00:00,ASIAN,176.0,11745,52.0,670,,0
2021-01-11 15:00:00,ASIAN,844.0,12589,364.0,1034,,0
2021-01-12 15:00:00,ASIAN,822.0,13411,408.0,1442,,0
2021-01-13 15:00:00,ASIAN,1013.0,14424,323.0,1765,,0
2021-01-14 15:00:00,ASIAN,1061.0,15485,187.0,1952,,0
2021-01-15 15:00:00,ASIAN,1257.0,16742,151.0,2103,,0
2021-01-16 15:00:00,ASIAN,350.0,17092,98.0,2201,,0
2021-01-17 15:00:00,ASIAN,137.0,17229,101.0,2302,,0
2021-01-18 15:00:00,ASIAN,308.0,17537,205.0,2507,,0
2021-01-19 15:00:00,ASIAN,909.0,18446,370.0,2877,,0
2021-01-20 15:00:00,ASIAN,1152.0,19598,461.0,3338,,0
2021-01-21 15:00:00,ASIAN,1265.0,20863,288.0,3626,,0
2021-01-22 15:00:00,ASIAN,1483.0,22346,225.0,3851,,0
2021-01-23 15:00:00,ASIAN,476.0,22822,113.0,3964,,0
2021-01-24 15:00:00,ASIAN,155.0,22977,63.0,4027,,0
2021-01-25 15:00:00,ASIAN,764.0,23741,546.0,4573,,0
2021-01-26 15:00:00,ASIAN,801.0,24542,472.0,5045,,0
2021-01-27 15:00:00,ASIAN,1004.0,25546,774.0,5819,,0
2021-01-28 15:00:00,ASIAN,888.0,26434,664.0,6483,,0
2021-01-29 15:00:00,ASIAN,1255.0,27689,447.0,6930,,0
2021-01-30 15:00:00,ASIAN,1068.0,28757,201.0,7131,,0
2021-01-31 15:00:00,ASIAN,216.0,28973,39.0,7170,,0
2021-02-01 15:00:00,ASIAN,221.0,29194,255.0,7425,,0
2021-02-02 15:00:00,ASIAN,618.0,29812,883.0,8308,,0
2021-02-03 15:00:00,ASIAN,759.0,30571,1205.0,9513,,0
2021-02-04 15:00:00,ASIAN,1029.0,31600,1116.0,10629,,0
2021-02-05 15:00:00,ASIAN,1240.0,32840,1261.0,11890,,0
2021-02-06 15:00:00,ASIAN,547.0,33387,443.0,12333,,0
2021-02-07 15:00:00,ASIAN,311.0,33698,109.0,12442,,0
2021-02-08 15:00:00,ASIAN,607.0,34305,809.0,13251,,0
2021-02-09 15:00:00,ASIAN,809.0,35114,755.0,14006,,0
2021-02-10 15:00:00,ASIAN,933.0,36047,1052.0,15058,,0
2021-02-11 15:00:00,ASIAN,1242.0,37289,964.0,16022,,0
2021-02-12 15:00:00,ASIAN,1225.0,38514,1221.0,17243,,0
2021-02-13 15:00:00,ASIAN,525.0,39039,364.0,17607,,0
2020-02-01 15:00:00,DATA NOT AVAILABLE,1.0,1,,0,,0
2020-12-16 15:00:00,DATA NOT AVAILABLE,1.0,2,,0,,0
2020-12-18 15:00:00,DATA NOT AVAILABLE,2.0,4,,0,,0
2020-12-21 15:00:00,DATA NOT AVAILABLE,2.0,6,,0,,0
2020-12-22 15:00:00,DATA NOT AVAILABLE,42.0,48,,0,,0
2020-12-23 15:00:00,DATA NOT AVAILABLE,18.0,66,,0,,0
2020-12-24 15:00:00,DATA NOT AVAILABLE,5.0,71,,0,,0
2020-12-25 15:00:00,DATA NOT AVAILABLE,24.0,95,,0,,0
2020-12-26 15:00:00,DATA NOT AVAILABLE,33.0,128,,0,,0
2020-12-27 15:00:00,DATA NOT AVAILABLE,17.0,145,,0,,0
2020-12-28 15:00:00,DATA NOT AVAILABLE,25.0,170,,0,,0
2020-12-29 15:00:00,DATA NOT AVAILABLE,34.0,204,,0,,0
2020-12-30 15:00:00,DATA NOT AVAILABLE,27.0,231,,0,,0
2020-12-31 15:00:00,DATA NOT AVAILABLE,7.0,238,,0,,0
2021-01-01 15:00:00,DATA NOT AVAILABLE,20.0,258,,0,,0
2021-01-02 15:00:00,DATA NOT AVAILABLE,26.0,284,,0,,0
2021-01-03 15:00:00,DATA NOT AVAILABLE,45.0,329,,0,,0
2021-01-04 15:00:00,DATA NOT AVAILABLE,61.0,390,1.0,1,,0
2021-01-05 15:00:00,DATA NOT AVAILABLE,55.0,445,1.0,2,,0
2021-01-06 15:00:00,DATA NOT AVAILABLE,44.0,489,,2,,0
2021-01-07 15:00:00,DATA NOT AVAILABLE,68.0,557,,2,,0
2021-01-08 15:00:00,DATA NOT AVAILABLE,16.0,573,,2,,0
2021-01-09 15:00:00,DATA NOT AVAILABLE,8.0,581,,2,,0
2021-01-10 15:00:00,DATA NOT AVAILABLE,32.0,613,,2,,0
2021-01-11 15:00:00,DATA NOT AVAILABLE,18.0,631,2.0,4,,0
2021-01-12 15:00:00,DATA NOT AVAILABLE,92.0,723,7.0,11,,0
2021-01-13 15:00:00,DATA NOT AVAILABLE,18.0,741,5.0,16,,0
2021-01-14 15:00:00,DATA NOT AVAILABLE,15.0,756,1.0,17,,0
2021-01-15 15:00:00,DATA NOT AVAILABLE,70.0,826,9.0,26,,0
2021-01-16 15:00:00,DATA NOT AVAILABLE,25.0,851,8.0,34,,0
2021-01-17 15:00:00,DATA NOT AVAILABLE,11.0,862,1.0,35,,0
2021-01-18 15:00:00,DATA NOT AVAILABLE,35.0,897,6.0,41,,0
2021-01-19 15:00:00,DATA NOT AVAILABLE,47.0,944,5.0,46,,0
2021-01-20 15:00:00,DATA NOT AVAILABLE,58.0,1002,6.0,52,,0
2021-01-21 15:00:00,DATA NOT AVAILABLE,51.0,1053,5.0,57,,0
2021-01-22 15:00:00,DATA NOT AVAILABLE,66.0,1119,6.0,63,,0
2021-01-23 15:00:00,DATA NOT AVAILABLE,49.0,1168,1.0,64,,0
2021-01-24 15:00:00,DATA NOT AVAILABLE,49.0,1217,3.0,67,,0
2021-01-25 15:00:00,DATA NOT AVAILABLE,45.0,1262,8.0,75,,0
2021-01-26 15:00:00,DATA NOT AVAILABLE,52.0,1314,8.0,83,,0
2021-01-27 15:00:00,DATA NOT AVAILABLE,54.0,1368,18.0,101,,0
2021-01-28 15:00:00,DATA NOT AVAILABLE,48.0,1416,16.0,117,,0
2021-01-29 15:00:00,DATA NOT AVAILABLE,54.0,1470,6.0,123,,0
2021-01-30 15:00:00,DATA NOT AVAILABLE,12.0,1482,,123,,0
2021-01-31 15:00:00,DATA NOT AVAILABLE,22.0,1504,2.0,125,,0
2021-02-01 15:00:00,DATA NOT AVAILABLE,51.0,1555,4.0,129,,0
2021-02-02 15:00:00,DATA NOT AVAILABLE,78.0,1633,9.0,138,,0
2021-02-03 15:00:00,DATA NOT AVAILABLE,35.0,1668,11.0,149,,0
2021-02-04 15:00:00,DATA NOT AVAILABLE,87.0,1755,6.0,155,,0
2021-02-05 15:00:00,DATA NOT AVAILABLE,104.0,1859,9.0,164,,0
2021-02-06 15:00:00,DATA NOT AVAILABLE,42.0,1901,2.0,166,,0
2021-02-07 15:00:00,DATA NOT AVAILABLE,84.0,1985,,166,,0
2021-02-08 15:00:00,DATA NOT AVAILABLE,50.0,2035,2.0,168,,0
2021-02-09 15:00:00,DATA NOT AVAILABLE,38.0,2073,8.0,176,,0
2021-02-10 15:00:00,DATA NOT AVAILABLE,67.0,2140,11.0,187,,0
2021-01-30 15:00:00,AMERICAN INDIAN OR ALASKAN NATIVE,129.0,2894,15.0,719,,0
2021-01-31 15:00:00,AMERICAN INDIAN OR ALASKAN NATIVE,19.0,2913,5.0,724,,0
2021-02-01 15:00:00,AMERICAN INDIAN OR ALASKAN NATIVE,34.0,2947,20.0,744,,0
2021-02-02 15:00:00,AMERICAN INDIAN OR ALASKAN NATIVE,48.0,2995,102.0,846,,0
2021-02-03 15:00:00,AMERICAN INDIAN OR ALASKAN NATIVE,87.0,3082,118.0,964,,0
2021-02-04 15:00:00,AMERICAN INDIAN OR ALASKAN NATIVE,104.0,3186,98.0,1062,,0
2021-02-05 15:00:00,AMERICAN INDIAN OR ALASKAN NATIVE,120.0,3306,86.0,1148,,0
2021-02-06 15:00:00,AMERICAN INDIAN OR ALASKAN NATIVE,43.0,3349,35.0,1183,,0
2021-02-07 15:00:00,AMERICAN INDIAN OR ALASKAN NATIVE,42.0,3391,11.0,1194,,0
2021-02-08 15:00:00,AMERICAN INDIAN OR ALASKAN NATIVE,66.0,3457,90.0,1284,,0
2021-02-09 15:00:00,AMERICAN INDIAN OR ALASKAN NATIVE,72.0,3529,76.0,1360,,0
2021-02-10 15:00:00,AMERICAN INDIAN OR ALASKAN NATIVE,117.0,3646,105.0,1465,,0
2021-02-11 15:00:00,AMERICAN INDIAN OR ALASKAN NATIVE,145.0,3791,92.0,1557,,0
2021-02-12 15:00:00,AMERICAN INDIAN OR ALASKAN NATIVE,116.0,3907,115.0,1672,,0
2021-02-13 15:00:00,AMERICAN INDIAN OR ALASKAN NATIVE,64.0,3971,36.0,1708,,0
2021-02-14 15:00:00,AMERICAN INDIAN OR ALASKAN NATIVE,36.0,4007,7.0,1715,,0
2021-02-15 15:00:00,AMERICAN INDIAN OR ALASKAN NATIVE,65.0,4072,77.0,1792,,0
2021-02-16 15:00:00,AMERICAN INDIAN OR ALASKAN NATIVE,84.0,4156,101.0,1893,,0
2021-02-17 15:00:00,AMERICAN INDIAN OR ALASKAN NATIVE,134.0,4290,116.0,2009,,0
2021-02-18 15:00:00,AMERICAN INDIAN OR ALASKAN NATIVE,23.0,4313,22.0,2031,,0
2021-02-19 15:00:00,AMERICAN INDIAN OR ALASKAN NATIVE,70.0,4383,101.0,2132,,0
2021-02-20 15:00:00,AMERICAN INDIAN OR ALASKAN NATIVE,61.0,4444,119.0,2251,,0
2021-02-21 15:00:00,AMERICAN INDIAN OR ALASKAN NATIVE,62.0,4506,43.0,2294,,0
2021-02-22 15:00:00,AMERICAN INDIAN OR ALASKAN NATIVE,46.0,4552,69.0,2363,,0
2021-02-23 15:00:00,AMERICAN INDIAN OR ALASKAN NATIVE,94.0,4646,72.0,2435,,0
2021-02-24 15:00:00,AMERICAN INDIAN OR ALASKAN NATIVE,85.0,4731,130.0,2565,,0
2021-02-25 15:00:00,AMERICAN INDIAN OR ALASKAN NATIVE,111.0,4842,122.0,2687,,0
2021-02-26 15:00:00,AMERICAN INDIAN OR ALASKAN NATIVE,159.0,5001,183.0,2870,,0
2021-02-27 15:00:00,AMERICAN INDIAN OR ALASKAN NATIVE,112.0,5113,54.0,2924,,0
2021-02-28 15:00:00,AMERICAN INDIAN OR ALASKAN NATIVE,110.0,5223,34.0,2958,,0
2021-03-01 15:00:00,AMERICAN INDIAN OR ALASKAN NATIVE,165.0,5388,64.0,3022,,0
2021-03-02 15:00:00,AMERICAN INDIAN OR ALASKAN NATIVE,176.0,5564,45.0,3067,,0
2021-03-03 15:00:00,AMERICAN INDIAN OR ALASKAN NATIVE,159.0,5723,93.0,3160,,0
2021-03-04 15:00:00,AMERICAN INDIAN OR ALASKAN NATIVE,195.0,5918,70.0,3230,16.0,16
2021-03-05 15:00:00,AMERICAN INDIAN OR ALASKAN NATIVE,196.0,6114,108.0,3338,21.0,37
2021-03-06 15:00:00,AMERICAN INDIAN OR ALASKAN NATIVE,157.0,6271,36.0,3374,40.0,77
2021-03-07 15:00:00,AMERICAN INDIAN OR ALASKAN NATIVE,115.0,6386,33.0,3407,45.0,122
2021-03-08 15:00:00,AMERICAN INDIAN OR ALASKAN NATIVE,191.0,6577,43.0,3450,46.0,168
2021-03-09 15:00:00,AMERICAN INDIAN OR ALASKAN NATIVE,193.0,6770,64.0,3514,58.0,226
2021-03-10 15:00:00,AMERICAN INDIAN OR ALASKAN NATIVE,199.0,6969,106.0,3620,72.0,298
2021-03-11 15:00:00,AMERICAN INDIAN OR ALASKAN NATIVE,218.0,7187,106.0,3726,22.0,320
2021-03-12 15:00:00,AMERICAN INDIAN OR ALASKAN NATIVE,261.0,7448,98.0,3824,11.0,331
2021-03-13 15:00:00,AMERICAN INDIAN OR ALASKAN NATIVE,167.0,7615,38.0,3862,12.0,343
2021-03-14 15:00:00,AMERICAN INDIAN OR ALASKAN NATIVE,297.0,7912,26.0,3888,,343
2021-02-14 15:00:00,ASIAN,400.0,39439,99.0,17706,,0
2021-02-15 15:00:00,ASIAN,443.0,39882,572.0,18278,,0
2021-02-16 15:00:00,ASIAN,1029.0,40911,1011.0,19289,,0
2021-02-17 15:00:00,ASIAN,1070.0,41981,1242.0,20531,,0
2021-02-18 15:00:00,ASIAN,181.0,42162,181.0,20712,,0
2021-02-19 15:00:00,ASIAN,690.0,42852,1136.0,21848,,0
2021-02-20 15:00:00,ASIAN,690.0,43542,1114.0,22962,,0
2021-02-21 15:00:00,ASIAN,622.0,44164,525.0,23487,,0
2021-02-22 15:00:00,ASIAN,361.0,44525,726.0,24213,,0
2021-02-23 15:00:00,ASIAN,709.0,45234,853.0,25066,,0
2021-02-24 15:00:00,ASIAN,886.0,46120,1283.0,26349,,0
2021-02-25 15:00:00,ASIAN,1076.0,47196,1034.0,27383,,0
2021-02-26 15:00:00,ASIAN,1625.0,48821,1475.0,28858,,0
2021-02-27 15:00:00,ASIAN,1187.0,50008,669.0,29527,,0
2021-02-28 15:00:00,ASIAN,1013.0,51021,329.0,29856,,0
2021-03-01 15:00:00,ASIAN,1656.0,52677,612.0,30468,,0
2021-03-02 15:00:00,ASIAN,1541.0,54218,432.0,30900,1.0,1
2021-03-03 15:00:00,ASIAN,1480.0,55698,719.0,31619,2.0,3
2021-03-04 15:00:00,ASIAN,1634.0,57332,594.0,32213,166.0,169
2021-03-05 15:00:00,ASIAN,1620.0,58952,1022.0,33235,200.0,369
2021-03-06 15:00:00,ASIAN,1119.0,60071,330.0,33565,420.0,789
2021-03-07 15:00:00,ASIAN,913.0,60984,257.0,33822,393.0,1182
2021-03-08 15:00:00,ASIAN,1844.0,62828,388.0,34210,451.0,1633
2021-03-09 15:00:00,ASIAN,1684.0,64512,660.0,34870,492.0,2125
2021-03-10 15:00:00,ASIAN,1834.0,66346,797.0,35667,484.0,2609
2021-03-11 15:00:00,ASIAN,1883.0,68229,944.0,36611,219.0,2828
2021-03-12 15:00:00,ASIAN,2296.0,70525,1069.0,37680,117.0,2945
2021-03-13 15:00:00,ASIAN,1975.0,72500,500.0,38180,48.0,2993
2021-03-14 15:00:00,ASIAN,1417.0,73917,337.0,38517,19.0,3012
2021-03-15 15:00:00,ASIAN,2311.0,76228,436.0,38953,44.0,3056
2021-03-16 15:00:00,ASIAN,2290.0,78518,915.0,39868,19.0,3075
2021-03-17 15:00:00,ASIAN,2452.0,80970,994.0,40862,43.0,3118
2021-03-18 15:00:00,ASIAN,2865.0,83835,552.0,41414,55.0,3173
2021-03-19 15:00:00,ASIAN,2778.0,86613,968.0,42382,57.0,3230
2021-03-20 15:00:00,ASIAN,2433.0,89046,568.0,42950,76.0,3306
2021-03-21 15:00:00,ASIAN,1689.0,90735,508.0,43458,14.0,3320
2021-03-22 15:00:00,ASIAN,2769.0,93504,1031.0,44489,61.0,3381
2021-03-23 15:00:00,ASIAN,3607.0,97111,797.0,45286,69.0,3450
2021-03-24 15:00:00,ASIAN,3536.0,100647,1044.0,46330,57.0,3507
2021-03-25 15:00:00,ASIAN,2834.0,103481,1021.0,47351,93.0,3600
2021-03-26 15:00:00,ASIAN,2620.0,106101,1542.0,48893,128.0,3728
2021-03-27 15:00:00,ASIAN,2581.0,108682,1369.0,50262,95.0,3823
2021-03-28 15:00:00,ASIAN,1510.0,110192,976.0,51238,83.0,3906
2021-03-29 15:00:00,ASIAN,2278.0,112470,1844.0,53082,62.0,3968
2021-03-30 15:00:00,ASIAN,2907.0,115377,1661.0,54743,68.0,4036
2021-03-31 15:00:00,ASIAN,2611.0,117988,1664.0,56407,279.0,4315
2021-04-01 15:00:00,ASIAN,1880.0,119868,1228.0,57635,170.0,4485
1971-02-27 15:00:00,WHITE,1.0,1,,0,,0
2012-01-26 15:00:00,WHITE,1.0,2,,0,,0
2012-02-02 15:00:00,WHITE,1.0,3,,0,,0
2012-02-03 15:00:00,WHITE,1.0,4,,0,,0
2012-02-26 15:00:00,WHITE,1.0,5,,0,,0
2019-02-01 15:00:00,WHITE,1.0,6,,0,,0
2019-03-17 15:00:00,WHITE,1.0,7,,0,,0
2019-03-27 15:00:00,WHITE,1.0,8,,0,,0
2020-01-01 15:00:00,WHITE,2.0,10,,0,,0
2020-01-03 15:00:00,WHITE,1.0,11,,0,,0
2020-01-04 15:00:00,WHITE,1.0,12,,0,,0
2020-01-05 15:00:00,WHITE,1.0,13,,0,,0
2020-01-06 15:00:00,WHITE,2.0,15,,0,,0
2020-01-12 15:00:00,WHITE,1.0,16,,0,,0
2020-01-16 15:00:00,WHITE,1.0,17,,0,,0
2020-01-17 15:00:00,WHITE,1.0,18,,0,,0
2020-01-21 15:00:00,WHITE,1.0,19,,0,,0
2020-01-22 15:00:00,WHITE,1.0,20,,0,,0
2021-02-11 15:00:00,DATA NOT AVAILABLE,70.0,2210,9.0,196,,0
2021-02-12 15:00:00,DATA NOT AVAILABLE,47.0,2257,32.0,228,,0
2021-02-13 15:00:00,DATA NOT AVAILABLE,37.0,2294,3.0,231,,0
2021-02-14 15:00:00,DATA NOT AVAILABLE,27.0,2321,1.0,232,,0
2021-02-15 15:00:00,DATA NOT AVAILABLE,49.0,2370,5.0,237,,0
2021-02-16 15:00:00,DATA NOT AVAILABLE,63.0,2433,7.0,244,,0
2021-02-17 15:00:00,DATA NOT AVAILABLE,65.0,2498,28.0,272,,0
2021-02-18 15:00:00,DATA NOT AVAILABLE,25.0,2523,1.0,273,,0
2021-02-19 15:00:00,DATA NOT AVAILABLE,79.0,2602,18.0,291,,0
2021-02-20 15:00:00,DATA NOT AVAILABLE,37.0,2639,8.0,299,,0
2021-02-21 15:00:00,DATA NOT AVAILABLE,29.0,2668,13.0,312,,0
2021-02-22 15:00:00,DATA NOT AVAILABLE,40.0,2708,6.0,318,,0
2021-02-23 15:00:00,DATA NOT AVAILABLE,118.0,2826,9.0,327,,0
2021-02-24 15:00:00,DATA NOT AVAILABLE,17.0,2843,20.0,347,,0
2021-02-25 15:00:00,DATA NOT AVAILABLE,88.0,2931,22.0,369,,0
2021-02-26 15:00:00,DATA NOT AVAILABLE,71.0,3002,30.0,399,,0
2021-02-27 15:00:00,DATA NOT AVAILABLE,48.0,3050,1.0,400,,0
2021-02-28 15:00:00,DATA NOT AVAILABLE,118.0,3168,1.0,401,,0
2021-03-01 15:00:00,DATA NOT AVAILABLE,162.0,3330,18.0,419,,0
2021-03-02 15:00:00,DATA NOT AVAILABLE,321.0,3651,6.0,425,,0
2021-03-03 15:00:00,DATA NOT AVAILABLE,496.0,4147,6.0,431,,0
2021-03-04 15:00:00,DATA NOT AVAILABLE,553.0,4700,26.0,457,6.0,6
2021-03-05 15:00:00,DATA NOT AVAILABLE,394.0,5094,38.0,495,5.0,11
2021-03-06 15:00:00,DATA NOT AVAILABLE,216.0,5310,3.0,498,7.0,18
2021-03-07 15:00:00,DATA NOT AVAILABLE,504.0,5814,9.0,507,333.0,351
2021-03-08 15:00:00,DATA NOT AVAILABLE,119.0,5933,5.0,512,457.0,808
2021-03-09 15:00:00,DATA NOT AVAILABLE,185.0,6118,10.0,522,383.0,1191
2021-03-10 15:00:00,DATA NOT AVAILABLE,206.0,6324,11.0,533,482.0,1673
2021-03-11 15:00:00,DATA NOT AVAILABLE,216.0,6540,21.0,554,10.0,1683
2021-03-12 15:00:00,DATA NOT AVAILABLE,961.0,7501,13.0,567,28.0,1711
2021-03-13 15:00:00,DATA NOT AVAILABLE,1058.0,8559,3.0,570,8.0,1719
2021-03-14 15:00:00,DATA NOT AVAILABLE,1043.0,9602,2.0,572,7.0,1726
2021-03-15 15:00:00,DATA NOT AVAILABLE,1398.0,11000,3.0,575,4.0,1730
2021-03-16 15:00:00,DATA NOT AVAILABLE,1477.0,12477,27.0,602,9.0,1739
2021-03-17 15:00:00,DATA NOT AVAILABLE,1343.0,13820,12.0,614,10.0,1749
2021-03-18 15:00:00,DATA NOT AVAILABLE,1491.0,15311,2.0,616,32.0,1781
2021-03-19 15:00:00,DATA NOT AVAILABLE,1162.0,16473,13.0,629,22.0,1803
2021-03-20 15:00:00,DATA NOT AVAILABLE,1156.0,17629,8.0,637,20.0,1823
2021-03-21 15:00:00,DATA NOT AVAILABLE,764.0,18393,4.0,641,3.0,1826
2021-03-22 15:00:00,DATA NOT AVAILABLE,1316.0,19709,4.0,645,22.0,1848
2021-03-23 15:00:00,DATA NOT AVAILABLE,1495.0,21204,50.0,695,53.0,1901
2021-03-24 15:00:00,DATA NOT AVAILABLE,2010.0,23214,2.0,697,64.0,1965
2021-03-25 15:00:00,DATA NOT AVAILABLE,1599.0,24813,6.0,703,196.0,2161
2021-03-26 15:00:00,DATA NOT AVAILABLE,1579.0,26392,7.0,710,254.0,2415
2021-03-27 15:00:00,DATA NOT AVAILABLE,1041.0,27433,5.0,715,248.0,2663
2021-03-28 15:00:00,DATA NOT AVAILABLE,1222.0,28655,13.0,728,268.0,2931
2021-03-29 15:00:00,DATA NOT AVAILABLE,1772.0,30427,7.0,735,51.0,2982
2021-03-30 15:00:00,DATA NOT AVAILABLE,1764.0,32191,32.0,767,107.0,3089
2021-03-31 15:00:00,DATA NOT AVAILABLE,1904.0,34095,8.0,775,594.0,3683
2021-04-01 15:00:00,DATA NOT AVAILABLE,1129.0,35224,11.0,786,598.0,4281
2020-10-13 15:00:00,OTHER,1.0,1,,0,,0
2020-11-06 15:00:00,OTHER,1.0,2,,0,,0
2020-11-11 15:00:00,OTHER,,2,1.0,1,,0
2020-12-01 15:00:00,OTHER,2.0,4,,1,,0
2021-03-15 15:00:00,AMERICAN INDIAN OR ALASKAN NATIVE,249.0,8161,68.0,3956,3.0,346
2021-03-16 15:00:00,AMERICAN INDIAN OR ALASKAN NATIVE,266.0,8427,73.0,4029,4.0,350
2021-03-17 15:00:00,AMERICAN INDIAN OR ALASKAN NATIVE,286.0,8713,109.0,4138,9.0,359
2021-03-18 15:00:00,AMERICAN INDIAN OR ALASKAN NATIVE,283.0,8996,81.0,4219,11.0,370
2021-03-19 15:00:00,AMERICAN INDIAN OR ALASKAN NATIVE,272.0,9268,106.0,4325,5.0,375
2021-03-20 15:00:00,AMERICAN INDIAN OR ALASKAN NATIVE,241.0,9509,77.0,4402,6.0,381
2021-03-21 15:00:00,AMERICAN INDIAN OR ALASKAN NATIVE,164.0,9673,47.0,4449,2.0,383
2021-03-22 15:00:00,AMERICAN INDIAN OR ALASKAN NATIVE,273.0,9946,100.0,4549,1.0,384
2021-03-23 15:00:00,AMERICAN INDIAN OR ALASKAN NATIVE,310.0,10256,98.0,4647,13.0,397
2021-03-24 15:00:00,AMERICAN INDIAN OR ALASKAN NATIVE,390.0,10646,101.0,4748,5.0,402
2021-03-25 15:00:00,AMERICAN INDIAN OR ALASKAN NATIVE,300.0,10946,115.0,4863,18.0,420
2021-03-26 15:00:00,AMERICAN INDIAN OR ALASKAN NATIVE,260.0,11206,141.0,5004,11.0,431
2021-03-27 15:00:00,AMERICAN INDIAN OR ALASKAN NATIVE,205.0,11411,123.0,5127,11.0,442
2021-03-28 15:00:00,AMERICAN INDIAN OR ALASKAN NATIVE,128.0,11539,120.0,5247,5.0,447
2021-03-29 15:00:00,AMERICAN INDIAN OR ALASKAN NATIVE,191.0,11730,187.0,5434,12.0,459
2021-03-30 15:00:00,AMERICAN INDIAN OR ALASKAN NATIVE,259.0,11989,196.0,5630,9.0,468
2021-03-31 15:00:00,AMERICAN INDIAN OR ALASKAN NATIVE,266.0,12255,189.0,5819,38.0,506
2021-04-01 15:00:00,AMERICAN INDIAN OR ALASKAN NATIVE,157.0,12412,138.0,5957,13.0,519
2020-12-17 15:00:00,NATIVE HAWAIIAN OR OTHER PACIFIC ISLANDER,4.0,4,,0,,0
2020-12-18 15:00:00,NATIVE HAWAIIAN OR OTHER PACIFIC ISLANDER,12.0,16,,0,,0
2020-12-19 15:00:00,NATIVE HAWAIIAN OR OTHER PACIFIC ISLANDER,4.0,20,,0,,0
2020-12-20 15:00:00,NATIVE HAWAIIAN OR OTHER PACIFIC ISLANDER,1.0,21,,0,,0
2020-12-21 15:00:00,NATIVE HAWAIIAN OR OTHER PACIFIC ISLANDER,13.0,34,,0,,0
2020-12-22 15:00:00,NATIVE HAWAIIAN OR OTHER PACIFIC ISLANDER,22.0,56,,0,,0
2020-12-23 15:00:00,NATIVE HAWAIIAN OR OTHER PACIFIC ISLANDER,19.0,75,,0,,0
2020-12-24 15:00:00,NATIVE HAWAIIAN OR OTHER PACIFIC ISLANDER,6.0,81,,0,,0
2020-12-25 15:00:00,NATIVE HAWAIIAN OR OTHER PACIFIC ISLANDER,3.0,84,,0,,0
2020-12-26 15:00:00,NATIVE HAWAIIAN OR OTHER PACIFIC ISLANDER,7.0,91,,0,,0
2020-12-27 15:00:00,NATIVE HAWAIIAN OR OTHER PACIFIC ISLANDER,1.0,92,,0,,0
2020-12-28 15:00:00,NATIVE HAWAIIAN OR OTHER PACIFIC ISLANDER,27.0,119,1.0,1,,0
2020-12-29 15:00:00,NATIVE HAWAIIAN OR OTHER PACIFIC ISLANDER,20.0,139,,1,,0
2020-12-30 15:00:00,NATIVE HAWAIIAN OR OTHER PACIFIC ISLANDER,27.0,166,,1,,0
2020-12-31 15:00:00,NATIVE HAWAIIAN OR OTHER PACIFIC ISLANDER,24.0,190,,1,,0
2021-01-01 15:00:00,NATIVE HAWAIIAN OR OTHER PACIFIC ISLANDER,1.0,191,,1,,0
2021-01-02 15:00:00,NATIVE HAWAIIAN OR OTHER PACIFIC ISLANDER,10.0,201,,1,,0
2021-01-03 15:00:00,NATIVE HAWAIIAN OR OTHER PACIFIC ISLANDER,9.0,210,,1,,0
2021-01-04 15:00:00,NATIVE HAWAIIAN OR OTHER PACIFIC ISLANDER,30.0,240,,1,,0
2021-01-05 15:00:00,NATIVE HAWAIIAN OR OTHER PACIFIC ISLANDER,26.0,266,2.0,3,,0
2021-01-06 15:00:00,NATIVE HAWAIIAN OR OTHER PACIFIC ISLANDER,30.0,296,3.0,6,,0
2021-01-07 15:00:00,NATIVE HAWAIIAN OR OTHER PACIFIC ISLANDER,46.0,342,10.0,16,,0
2021-01-08 15:00:00,NATIVE HAWAIIAN OR OTHER PACIFIC ISLANDER,42.0,384,9.0,25,,0
2021-01-09 15:00:00,NATIVE HAWAIIAN OR OTHER PACIFIC ISLANDER,10.0,394,1.0,26,,0
2020-01-23 15:00:00,WHITE,1.0,21,,0,,0
2020-01-27 15:00:00,WHITE,3.0,24,,0,,0
2020-01-30 15:00:00,WHITE,,24,1.0,1,,0
2020-02-02 15:00:00,WHITE,,24,1.0,2,,0
2020-02-03 15:00:00,WHITE,2.0,26,,2,,0
2020-02-04 15:00:00,WHITE,,26,1.0,3,,0
2020-02-07 15:00:00,WHITE,1.0,27,,3,,0
2020-02-16 15:00:00,WHITE,1.0,28,,3,,0
2020-02-19 15:00:00,WHITE,,28,1.0,4,,0
2020-02-23 15:00:00,WHITE,2.0,30,,4,,0
2020-02-24 15:00:00,WHITE,2.0,32,,4,,0
2020-03-01 15:00:00,WHITE,2.0,34,,4,,0
2020-03-06 15:00:00,WHITE,1.0,35,,4,,0
2020-03-10 15:00:00,WHITE,1.0,36,,4,,0
2020-03-11 15:00:00,WHITE,2.0,38,,4,,0
2020-03-17 15:00:00,WHITE,1.0,39,,4,,0
2020-04-01 15:00:00,WHITE,1.0,40,,4,,0
2020-05-01 15:00:00,WHITE,,40,1.0,5,,0
2020-08-04 15:00:00,WHITE,1.0,41,,5,,0
2020-08-10 15:00:00,WHITE,1.0,42,,5,,0
2020-08-14 15:00:00,WHITE,2.0,44,,5,,0
2020-08-21 15:00:00,WHITE,1.0,45,,5,,0
2020-08-27 15:00:00,WHITE,1.0,46,,5,,0
2020-08-31 15:00:00,WHITE,,46,1.0,6,,0
2020-09-01 15:00:00,WHITE,1.0,47,,6,,0
2020-09-04 15:00:00,WHITE,1.0,48,,6,,0
2020-09-08 15:00:00,WHITE,1.0,49,,6,,0
2020-09-13 15:00:00,WHITE,1.0,50,,6,,0
2020-09-15 15:00:00,WHITE,,50,2.0,8,,0
2020-09-16 15:00:00,WHITE,,50,1.0,9,,0
2020-09-19 15:00:00,WHITE,1.0,51,,9,,0
2020-09-20 15:00:00,WHITE,1.0,52,,9,,0
2020-09-21 15:00:00,WHITE,1.0,53,,9,,0
2020-09-22 15:00:00,WHITE,1.0,54,,9,,0
2020-09-23 15:00:00,WHITE,,54,1.0,10,,0
2020-09-24 15:00:00,WHITE,,54,1.0,11,,0
2020-09-28 15:00:00,WHITE,,54,1.0,12,,0
2020-10-01 15:00:00,WHITE,1.0,55,1.0,13,,0
2020-10-02 15:00:00,WHITE,1.0,56,,13,,0
2020-10-03 15:00:00,WHITE,,56,1.0,14,,0
2020-10-07 15:00:00,WHITE,,56,1.0,15,,0
2020-10-08 15:00:00,WHITE,1.0,57,,15,,0
2020-10-14 15:00:00,WHITE,1.0,58,,15,,0
2020-10-17 15:00:00,WHITE,1.0,59,,15,,0
2020-10-20 15:00:00,WHITE,,59,2.0,17,,0
2020-10-24 15:00:00,WHITE,,59,1.0,18,,0
2020-10-26 15:00:00,WHITE,,59,1.0,19,,0
2020-11-02 15:00:00,WHITE,1.0,60,,19,,0
2020-11-05 15:00:00,WHITE,,60,1.0,20,,0
2020-11-06 15:00:00,WHITE,1.0,61,,20,,0
2020-11-12 15:00:00,WHITE,,61,1.0,21,,0
2020-11-18 15:00:00,WHITE,1.0,62,,21,,0
2020-12-01 15:00:00,WHITE,7.0,69,,21,,0
2020-12-02 15:00:00,WHITE,1.0,70,,21,,0
2020-12-03 15:00:00,WHITE,2.0,72,,21,,0
2020-12-04 15:00:00,WHITE,1.0,73,1.0,22,,0
2020-12-07 15:00:00,WHITE,1.0,74,,22,,0
2020-12-08 15:00:00,WHITE,1.0,75,,22,,0
2020-12-09 15:00:00,WHITE,1.0,76,,22,,0
2020-12-11 15:00:00,WHITE,1.0,77,,22,,0
2020-12-14 15:00:00,WHITE,3.0,80,,22,,0
2020-12-15 15:00:00,WHITE,4.0,84,,22,,0
2020-12-16 15:00:00,WHITE,369.0,453,1.0,23,,0
2020-12-17 15:00:00,WHITE,754.0,1207,,23,,0
2020-12-18 15:00:00,WHITE,2063.0,3270,,23,,0
2020-12-19 15:00:00,WHITE,558.0,3828,,23,,0
2020-12-20 15:00:00,WHITE,160.0,3988,,23,,0
2020-12-21 15:00:00,WHITE,2491.0,6479,1.0,24,,0
2020-12-08 15:00:00,OTHER,1.0,5,,1,,0
2020-12-15 15:00:00,OTHER,1.0,6,,1,,0
2020-12-16 15:00:00,OTHER,35.0,41,,1,,0
2020-12-17 15:00:00,OTHER,43.0,84,,1,,0
2020-12-18 15:00:00,OTHER,133.0,217,,1,,0
2020-12-19 15:00:00,OTHER,43.0,260,,1,,0
2020-12-20 15:00:00,OTHER,26.0,286,,1,,0
2020-12-21 15:00:00,OTHER,185.0,471,,1,,0
2020-12-22 15:00:00,OTHER,290.0,761,,1,,0
2020-12-23 15:00:00,OTHER,203.0,964,1.0,2,,0
2020-12-24 15:00:00,OTHER,75.0,1039,,2,,0
2020-12-25 15:00:00,OTHER,27.0,1066,,2,,0
2020-12-26 15:00:00,OTHER,56.0,1122,,2,,0
2020-12-27 15:00:00,OTHER,82.0,1204,,2,,0
2020-12-28 15:00:00,OTHER,303.0,1507,,2,,0
2020-12-29 15:00:00,OTHER,355.0,1862,,2,,0
2020-12-30 15:00:00,OTHER,400.0,2262,,2,,0
2020-12-31 15:00:00,OTHER,268.0,2530,,2,,0
2021-01-01 15:00:00,OTHER,55.0,2585,,2,,0
2021-01-02 15:00:00,OTHER,106.0,2691,2.0,4,,0
2021-01-03 15:00:00,OTHER,159.0,2850,3.0,7,,0
2021-01-04 15:00:00,OTHER,512.0,3362,7.0,14,,0
2021-01-05 15:00:00,OTHER,375.0,3737,23.0,37,,0
2021-01-06 15:00:00,OTHER,471.0,4208,40.0,77,,0
2021-01-07 15:00:00,OTHER,637.0,4845,88.0,165,,0
2021-01-08 15:00:00,OTHER,727.0,5572,115.0,280,,0
2021-01-09 15:00:00,OTHER,308.0,5880,43.0,323,,0
2021-01-10 15:00:00,OTHER,215.0,6095,13.0,336,,0
2021-01-11 15:00:00,OTHER,393.0,6488,138.0,474,,0
2021-01-12 15:00:00,OTHER,756.0,7244,275.0,749,,0
2021-01-13 15:00:00,OTHER,539.0,7783,156.0,905,,0
2021-01-14 15:00:00,OTHER,603.0,8386,74.0,979,,0
2021-01-15 15:00:00,OTHER,764.0,9150,58.0,1037,,0
2021-01-16 15:00:00,OTHER,357.0,9507,52.0,1089,,0
2021-01-17 15:00:00,OTHER,191.0,9698,74.0,1163,,0
2021-01-18 15:00:00,OTHER,193.0,9891,93.0,1256,,0
2021-01-19 15:00:00,OTHER,579.0,10470,201.0,1457,,0
2021-01-20 15:00:00,OTHER,560.0,11030,165.0,1622,,0
2021-01-21 15:00:00,OTHER,694.0,11724,115.0,1737,,0
2021-01-22 15:00:00,OTHER,1467.0,13191,108.0,1845,,0
2021-01-23 15:00:00,OTHER,874.0,14065,67.0,1912,,0
2021-01-24 15:00:00,OTHER,396.0,14461,67.0,1979,,0
2021-01-25 15:00:00,OTHER,767.0,15228,253.0,2232,,0
2021-01-26 15:00:00,OTHER,926.0,16154,207.0,2439,,0
2021-01-27 15:00:00,OTHER,826.0,16980,322.0,2761,,0
2021-01-28 15:00:00,OTHER,760.0,17740,313.0,3074,,0
2021-01-29 15:00:00,OTHER,909.0,18649,247.0,3321,,0
2021-01-30 15:00:00,OTHER,932.0,19581,107.0,3428,,0
2021-01-31 15:00:00,OTHER,298.0,19879,75.0,3503,,0
2021-02-01 15:00:00,OTHER,371.0,20250,159.0,3662,,0
2021-02-02 15:00:00,OTHER,700.0,20950,646.0,4308,,0
2021-02-03 15:00:00,OTHER,872.0,21822,615.0,4923,,0
2021-02-04 15:00:00,OTHER,1207.0,23029,535.0,5458,,0
2021-02-05 15:00:00,OTHER,1085.0,24114,876.0,6334,,0
2021-02-06 15:00:00,OTHER,795.0,24909,409.0,6743,,0
2021-02-07 15:00:00,OTHER,480.0,25389,158.0,6901,,0
2021-02-08 15:00:00,OTHER,721.0,26110,437.0,7338,,0
2021-02-09 15:00:00,OTHER,895.0,27005,481.0,7819,,0
2021-02-10 15:00:00,OTHER,832.0,27837,662.0,8481,,0
2021-02-11 15:00:00,OTHER,837.0,28674,772.0,9253,,0
2021-02-12 15:00:00,OTHER,756.0,29430,971.0,10224,,0
2021-02-13 15:00:00,OTHER,423.0,29853,275.0,10499,,0
2021-02-14 15:00:00,OTHER,412.0,30265,144.0,10643,,0
2021-02-15 15:00:00,OTHER,368.0,30633,579.0,11222,,0
2021-02-16 15:00:00,OTHER,718.0,31351,929.0,12151,,0
2021-02-17 15:00:00,OTHER,930.0,32281,807.0,12958,,0
2020-12-22 15:00:00,WHITE,3695.0,10174,2.0,26,,0
2020-12-23 15:00:00,WHITE,3560.0,13734,4.0,30,,0
2020-12-24 15:00:00,WHITE,1555.0,15289,1.0,31,,0
2020-12-25 15:00:00,WHITE,491.0,15780,,31,,0
2020-12-26 15:00:00,WHITE,663.0,16443,,31,,0
2020-12-27 15:00:00,WHITE,1031.0,17474,1.0,32,,0
2020-12-28 15:00:00,WHITE,5648.0,23122,2.0,34,,0
2020-12-29 15:00:00,WHITE,6659.0,29781,2.0,36,,0
2020-12-30 15:00:00,WHITE,8508.0,38289,5.0,41,,0
2020-12-31 15:00:00,WHITE,4990.0,43279,2.0,43,,0
2021-01-01 15:00:00,WHITE,872.0,44151,9.0,52,,0
2021-01-02 15:00:00,WHITE,1487.0,45638,11.0,63,,0
2021-01-03 15:00:00,WHITE,1660.0,47298,50.0,113,,0
2021-01-04 15:00:00,WHITE,8128.0,55426,186.0,299,,0
2021-01-05 15:00:00,WHITE,7819.0,63245,266.0,565,,0
2021-01-06 15:00:00,WHITE,9654.0,72899,516.0,1081,,0
2021-01-07 15:00:00,WHITE,9565.0,82464,1091.0,2172,,0
2021-01-08 15:00:00,WHITE,10321.0,92785,1838.0,4010,,0
2021-01-09 15:00:00,WHITE,2946.0,95731,557.0,4567,,0
2021-01-10 15:00:00,WHITE,1137.0,96868,212.0,4779,,0
2021-01-11 15:00:00,WHITE,9071.0,105939,2119.0,6898,,0
2021-01-12 15:00:00,WHITE,11051.0,116990,3095.0,9993,,0
2021-01-13 15:00:00,WHITE,12539.0,129529,2312.0,12305,,0
2021-01-14 15:00:00,WHITE,11676.0,141205,1078.0,13383,,0
2021-01-15 15:00:00,WHITE,12620.0,153825,944.0,14327,,0
2021-01-16 15:00:00,WHITE,3756.0,157581,516.0,14843,,0
2021-01-17 15:00:00,WHITE,1058.0,158639,769.0,15612,,0
2021-01-18 15:00:00,WHITE,4979.0,163618,1644.0,17256,,0
2021-01-19 15:00:00,WHITE,11926.0,175544,2733.0,19989,,0
2021-01-20 15:00:00,WHITE,15531.0,191075,3150.0,23139,,0
2021-01-21 15:00:00,WHITE,16912.0,207987,2087.0,25226,,0
2021-01-22 15:00:00,WHITE,20135.0,228122,1992.0,27218,,0
2021-01-23 15:00:00,WHITE,6075.0,234197,785.0,28003,,0
2021-01-24 15:00:00,WHITE,1858.0,236055,829.0,28832,,0
2021-01-25 15:00:00,WHITE,11744.0,247799,5193.0,34025,,0
2021-01-26 15:00:00,WHITE,12427.0,260226,5905.0,39930,,0
2021-01-27 15:00:00,WHITE,17747.0,277973,8146.0,48076,,0
2021-01-28 15:00:00,WHITE,16074.0,294047,6027.0,54103,,0
2021-01-29 15:00:00,WHITE,17232.0,311279,4439.0,58542,,0
2021-01-30 15:00:00,WHITE,12165.0,323444,1445.0,59987,,0
2021-01-31 15:00:00,WHITE,1882.0,325326,441.0,60428,,0
2021-02-01 15:00:00,WHITE,4314.0,329640,2203.0,62631,,0
2021-02-02 15:00:00,WHITE,7723.0,337363,8333.0,70964,,0
2021-02-03 15:00:00,WHITE,11924.0,349287,12505.0,83469,,0
2021-02-04 15:00:00,WHITE,13715.0,363002,10036.0,93505,,0
2021-02-05 15:00:00,WHITE,13485.0,376487,11302.0,104807,,0
2021-02-06 15:00:00,WHITE,7229.0,383716,4075.0,108882,,0
2021-02-07 15:00:00,WHITE,3066.0,386782,909.0,109791,,0
2021-02-08 15:00:00,WHITE,8006.0,394788,8488.0,118279,,0
2021-02-09 15:00:00,WHITE,10657.0,405445,8960.0,127239,,0
2021-02-10 15:00:00,WHITE,12131.0,417576,15212.0,142451,,0
2021-02-11 15:00:00,WHITE,15236.0,432812,11433.0,153884,,0
2021-02-12 15:00:00,WHITE,12686.0,445498,12482.0,166366,,0
2021-02-13 15:00:00,WHITE,6901.0,452399,4371.0,170737,,0
2021-02-14 15:00:00,WHITE,3887.0,456286,1173.0,171910,,0
2021-02-15 15:00:00,WHITE,7942.0,464228,8670.0,180580,,0
2021-02-16 15:00:00,WHITE,10180.0,474408,15062.0,195642,,0
2021-02-17 15:00:00,WHITE,13630.0,488038,19531.0,215173,,0
2021-02-18 15:00:00,WHITE,2020.0,490058,2716.0,217889,,0
2021-02-19 15:00:00,WHITE,6686.0,496744,13010.0,230899,,0
2021-02-20 15:00:00,WHITE,6038.0,502782,14289.0,245188,,0
2021-02-21 15:00:00,WHITE,3258.0,506040,4892.0,250080,,0
2021-02-22 15:00:00,WHITE,4994.0,511034,10479.0,260559,,0
2021-02-23 15:00:00,WHITE,9555.0,520589,10545.0,271104,,0
2021-02-24 15:00:00,WHITE,11996.0,532585,17229.0,288333,,0
2021-01-10 15:00:00,NATIVE HAWAIIAN OR OTHER PACIFIC ISLANDER,3.0,397,2.0,28,,0
2021-01-11 15:00:00,NATIVE HAWAIIAN OR OTHER PACIFIC ISLANDER,27.0,424,4.0,32,,0
2021-01-12 15:00:00,NATIVE HAWAIIAN OR OTHER PACIFIC ISLANDER,34.0,458,28.0,60,,0
2021-01-13 15:00:00,NATIVE HAWAIIAN OR OTHER PACIFIC ISLANDER,42.0,500,9.0,69,,0
2021-01-14 15:00:00,NATIVE HAWAIIAN OR OTHER PACIFIC ISLANDER,28.0,528,10.0,79,,0
2021-01-15 15:00:00,NATIVE HAWAIIAN OR OTHER PACIFIC ISLANDER,44.0,572,3.0,82,,0
2021-01-16 15:00:00,NATIVE HAWAIIAN OR OTHER PACIFIC ISLANDER,13.0,585,4.0,86,,0
2021-01-17 15:00:00,NATIVE HAWAIIAN OR OTHER PACIFIC ISLANDER,3.0,588,3.0,89,,0
2021-01-18 15:00:00,NATIVE HAWAIIAN OR OTHER PACIFIC ISLANDER,12.0,600,6.0,95,,0
2021-01-19 15:00:00,NATIVE HAWAIIAN OR OTHER PACIFIC ISLANDER,19.0,619,17.0,112,,0
2021-01-20 15:00:00,NATIVE HAWAIIAN OR OTHER PACIFIC ISLANDER,34.0,653,9.0,121,,0
2021-01-21 15:00:00,NATIVE HAWAIIAN OR OTHER PACIFIC ISLANDER,38.0,691,3.0,124,,0
2021-01-22 15:00:00,NATIVE HAWAIIAN OR OTHER PACIFIC ISLANDER,33.0,724,3.0,127,,0
2021-01-23 15:00:00,NATIVE HAWAIIAN OR OTHER PACIFIC ISLANDER,15.0,739,4.0,131,,0
2021-01-24 15:00:00,NATIVE HAWAIIAN OR OTHER PACIFIC ISLANDER,6.0,745,7.0,138,,0
2021-01-25 15:00:00,NATIVE HAWAIIAN OR OTHER PACIFIC ISLANDER,16.0,761,14.0,152,,0
2021-01-26 15:00:00,NATIVE HAWAIIAN OR OTHER PACIFIC ISLANDER,19.0,780,14.0,166,,0
2021-01-27 15:00:00,NATIVE HAWAIIAN OR OTHER PACIFIC ISLANDER,42.0,822,33.0,199,,0
2021-01-28 15:00:00,NATIVE HAWAIIAN OR OTHER PACIFIC ISLANDER,33.0,855,23.0,222,,0
2021-01-29 15:00:00,NATIVE HAWAIIAN OR OTHER PACIFIC ISLANDER,35.0,890,17.0,239,,0
2021-01-30 15:00:00,NATIVE HAWAIIAN OR OTHER PACIFIC ISLANDER,26.0,916,8.0,247,,0
2021-01-31 15:00:00,NATIVE HAWAIIAN OR OTHER PACIFIC ISLANDER,7.0,923,1.0,248,,0
2021-02-01 15:00:00,NATIVE HAWAIIAN OR OTHER PACIFIC ISLANDER,10.0,933,6.0,254,,0
2021-02-02 15:00:00,NATIVE HAWAIIAN OR OTHER PACIFIC ISLANDER,23.0,956,37.0,291,,0
2021-02-03 15:00:00,NATIVE HAWAIIAN OR OTHER PACIFIC ISLANDER,28.0,984,44.0,335,,0
2021-02-04 15:00:00,NATIVE HAWAIIAN OR OTHER PACIFIC ISLANDER,30.0,1014,36.0,371,,0
2021-02-05 15:00:00,NATIVE HAWAIIAN OR OTHER PACIFIC ISLANDER,44.0,1058,40.0,411,,0
2021-02-06 15:00:00,NATIVE HAWAIIAN OR OTHER PACIFIC ISLANDER,28.0,1086,10.0,421,,0
2021-02-07 15:00:00,NATIVE HAWAIIAN OR OTHER PACIFIC ISLANDER,7.0,1093,2.0,423,,0
2021-02-08 15:00:00,NATIVE HAWAIIAN OR OTHER PACIFIC ISLANDER,13.0,1106,28.0,451,,0
2021-02-09 15:00:00,NATIVE HAWAIIAN OR OTHER PACIFIC ISLANDER,39.0,1145,27.0,478,,0
2021-02-10 15:00:00,NATIVE HAWAIIAN OR OTHER PACIFIC ISLANDER,23.0,1168,44.0,522,,0
2021-02-11 15:00:00,NATIVE HAWAIIAN OR OTHER PACIFIC ISLANDER,43.0,1211,26.0,548,,0
2021-02-12 15:00:00,NATIVE HAWAIIAN OR OTHER PACIFIC ISLANDER,35.0,1246,32.0,580,,0
2021-02-13 15:00:00,NATIVE HAWAIIAN OR OTHER PACIFIC ISLANDER,16.0,1262,12.0,592,,0
2021-02-14 15:00:00,NATIVE HAWAIIAN OR OTHER PACIFIC ISLANDER,7.0,1269,3.0,595,,0
2021-02-15 15:00:00,NATIVE HAWAIIAN OR OTHER PACIFIC ISLANDER,15.0,1284,14.0,609,,0
2021-02-16 15:00:00,NATIVE HAWAIIAN OR OTHER PACIFIC ISLANDER,32.0,1316,29.0,638,,0
2021-02-17 15:00:00,NATIVE HAWAIIAN OR OTHER PACIFIC ISLANDER,30.0,1346,34.0,672,,0
2021-02-18 15:00:00,NATIVE HAWAIIAN OR OTHER PACIFIC ISLANDER,6.0,1352,10.0,682,,0
2021-02-19 15:00:00,NATIVE HAWAIIAN OR OTHER PACIFIC ISLANDER,22.0,1374,29.0,711,,0
2021-02-18 15:00:00,OTHER,222.0,32503,274.0,13232,,0
2021-02-19 15:00:00,OTHER,442.0,32945,868.0,14100,,0
2021-02-20 15:00:00,OTHER,426.0,33371,821.0,14921,,0
2021-02-21 15:00:00,OTHER,322.0,33693,434.0,15355,,0
2021-02-22 15:00:00,OTHER,400.0,34093,588.0,15943,,0
2021-02-23 15:00:00,OTHER,775.0,34868,871.0,16814,,0
2021-02-24 15:00:00,OTHER,619.0,35487,997.0,17811,,0
2021-02-25 15:00:00,OTHER,718.0,36205,1289.0,19100,,0
2021-02-26 15:00:00,OTHER,1107.0,37312,1273.0,20373,,0
2021-02-27 15:00:00,OTHER,780.0,38092,827.0,21200,,0
2021-02-28 15:00:00,OTHER,770.0,38862,466.0,21666,,0
2021-03-01 15:00:00,OTHER,1100.0,39962,546.0,22212,,0
2021-03-02 15:00:00,OTHER,992.0,40954,691.0,22903,,0
2021-03-03 15:00:00,OTHER,1311.0,42265,716.0,23619,1.0,1
2021-03-04 15:00:00,OTHER,1358.0,43623,763.0,24382,88.0,89
2021-03-05 15:00:00,OTHER,1286.0,44909,670.0,25052,167.0,256
2021-03-06 15:00:00,OTHER,802.0,45711,342.0,25394,335.0,591
2021-03-07 15:00:00,OTHER,676.0,46387,421.0,25815,297.0,888
2021-03-08 15:00:00,OTHER,1430.0,47817,344.0,26159,347.0,1235
2021-03-09 15:00:00,OTHER,1501.0,49318,447.0,26606,436.0,1671
2021-03-10 15:00:00,OTHER,1070.0,50388,599.0,27205,427.0,2098
2021-03-11 15:00:00,OTHER,1422.0,51810,568.0,27773,202.0,2300
2021-03-12 15:00:00,OTHER,1512.0,53322,538.0,28311,117.0,2417
2021-03-13 15:00:00,OTHER,1114.0,54436,423.0,28734,154.0,2571
2021-03-14 15:00:00,OTHER,1033.0,55469,231.0,28965,80.0,2651
2021-03-15 15:00:00,OTHER,1465.0,56934,322.0,29287,26.0,2677
2021-03-16 15:00:00,OTHER,1943.0,58877,590.0,29877,22.0,2699
2021-03-17 15:00:00,OTHER,1969.0,60846,879.0,30756,34.0,2733
2021-03-18 15:00:00,OTHER,2251.0,63097,427.0,31183,48.0,2781
2021-03-19 15:00:00,OTHER,2035.0,65132,454.0,31637,54.0,2835
2021-03-20 15:00:00,OTHER,1852.0,66984,479.0,32116,39.0,2874
2021-03-21 15:00:00,OTHER,1362.0,68346,297.0,32413,4.0,2878
2021-03-22 15:00:00,OTHER,1736.0,70082,465.0,32878,27.0,2905
2021-03-23 15:00:00,OTHER,2256.0,72338,715.0,33593,77.0,2982
2021-03-24 15:00:00,OTHER,2445.0,74783,852.0,34445,144.0,3126
2021-03-25 15:00:00,OTHER,2667.0,77450,659.0,35104,92.0,3218
2021-03-26 15:00:00,OTHER,2387.0,79837,1166.0,36270,116.0,3334
2021-03-27 15:00:00,OTHER,2216.0,82053,743.0,37013,97.0,3431
2021-03-28 15:00:00,OTHER,1224.0,83277,696.0,37709,66.0,3497
2021-03-29 15:00:00,OTHER,1675.0,84952,1536.0,39245,38.0,3535
2021-03-30 15:00:00,OTHER,2158.0,87110,1501.0,40746,54.0,3589
2021-03-31 15:00:00,OTHER,2659.0,89769,1154.0,41900,272.0,3861
2021-04-01 15:00:00,OTHER,1250.0,91019,977.0,42877,171.0,4032
2020-12-16 15:00:00,UNKNOWN,2.0,2,,0,,0
2020-12-17 15:00:00,UNKNOWN,4.0,6,,0,,0
2020-12-18 15:00:00,UNKNOWN,87.0,93,,0,,0
2020-12-19 15:00:00,UNKNOWN,23.0,116,,0,,0
2020-12-20 15:00:00,UNKNOWN,26.0,142,,0,,0
2020-12-21 15:00:00,UNKNOWN,58.0,200,,0,,0
2020-12-22 15:00:00,UNKNOWN,418.0,618,,0,,0
2020-12-23 15:00:00,UNKNOWN,155.0,773,,0,,0
2020-12-24 15:00:00,UNKNOWN,135.0,908,,0,,0
2020-12-25 15:00:00,UNKNOWN,173.0,1081,,0,,0
2020-12-26 15:00:00,UNKNOWN,225.0,1306,,0,,0
2020-12-27 15:00:00,UNKNOWN,163.0,1469,,0,,0
2020-12-28 15:00:00,UNKNOWN,299.0,1768,,0,,0
2020-12-29 15:00:00,UNKNOWN,461.0,2229,,0,,0
2020-12-30 15:00:00,UNKNOWN,266.0,2495,,0,,0
2020-12-31 15:00:00,UNKNOWN,143.0,2638,,0,,0
2021-01-01 15:00:00,UNKNOWN,154.0,2792,,0,,0
2021-01-02 15:00:00,UNKNOWN,143.0,2935,,0,,0
2021-01-03 15:00:00,UNKNOWN,219.0,3154,,0,,0
2021-01-04 15:00:00,UNKNOWN,629.0,3783,,0,,0
2021-01-05 15:00:00,UNKNOWN,439.0,4222,15.0,15,,0
2021-02-25 15:00:00,WHITE,12633.0,545218,18479.0,306812,,0
2021-02-26 15:00:00,WHITE,16790.0,562008,17867.0,324679,,0
2021-02-27 15:00:00,WHITE,9405.0,571413,6860.0,331539,,0
2021-02-28 15:00:00,WHITE,8592.0,580005,2293.0,333832,,0
2021-03-01 15:00:00,WHITE,14119.0,594124,7572.0,341404,,0
2021-03-02 15:00:00,WHITE,14158.0,608282,8771.0,350175,6.0,6
2021-03-03 15:00:00,WHITE,17886.0,626168,11756.0,361931,92.0,98
2021-03-04 15:00:00,WHITE,18429.0,644597,11605.0,373536,2731.0,2829
2021-03-05 15:00:00,WHITE,16682.0,661279,12400.0,385936,2966.0,5795
2021-03-06 15:00:00,WHITE,9344.0,670623,5187.0,391123,3657.0,9452
2021-03-07 15:00:00,WHITE,6524.0,677147,2237.0,393360,4023.0,13475
2021-03-08 15:00:00,WHITE,14768.0,691915,5410.0,398770,4440.0,17915
2021-03-09 15:00:00,WHITE,14349.0,706264,10152.0,408922,4682.0,22597
2021-03-10 15:00:00,WHITE,17041.0,723305,9904.0,418826,4333.0,26930
2021-03-11 15:00:00,WHITE,19433.0,742738,10803.0,429629,1627.0,28557
2021-03-12 15:00:00,WHITE,19918.0,762656,10872.0,440501,1096.0,29653
2021-03-13 15:00:00,WHITE,10329.0,772985,5461.0,445962,738.0,30391
2021-03-14 15:00:00,WHITE,8217.0,781202,3246.0,449208,402.0,30793
2021-03-15 15:00:00,WHITE,14700.0,795902,6927.0,456135,314.0,31107
2021-03-16 15:00:00,WHITE,17656.0,813558,8446.0,464581,333.0,31440
2021-03-17 15:00:00,WHITE,20000.0,833558,10778.0,475359,419.0,31859
2021-03-18 15:00:00,WHITE,21315.0,854873,7866.0,483225,622.0,32481
2021-03-19 15:00:00,WHITE,19444.0,874317,9172.0,492397,580.0,33061
2021-03-20 15:00:00,WHITE,10976.0,885293,5965.0,498362,229.0,33290
2021-03-21 15:00:00,WHITE,8790.0,894083,3366.0,501728,112.0,33402
2021-03-22 15:00:00,WHITE,16630.0,910713,6135.0,507863,479.0,33881
2021-03-23 15:00:00,WHITE,19191.0,929904,10493.0,518356,806.0,34687
2021-03-24 15:00:00,WHITE,21872.0,951776,12660.0,531016,530.0,35217
2021-03-25 15:00:00,WHITE,23001.0,974777,12076.0,543092,1328.0,36545
2021-03-26 15:00:00,WHITE,19232.0,994009,14937.0,558029,1332.0,37877
2021-03-27 15:00:00,WHITE,13075.0,1007084,9134.0,567163,1285.0,39162
2021-03-28 15:00:00,WHITE,8481.0,1015565,7005.0,574168,901.0,40063
2021-03-29 15:00:00,WHITE,14623.0,1030188,13797.0,587965,661.0,40724
2021-03-30 15:00:00,WHITE,19519.0,1049707,15418.0,603383,993.0,41717
2021-03-31 15:00:00,WHITE,18600.0,1068307,18243.0,621626,3179.0,44896
2021-04-01 15:00:00,WHITE,11378.0,1079685,12602.0,634228,2240.0,47136
2021-02-20 15:00:00,NATIVE HAWAIIAN OR OTHER PACIFIC ISLANDER,25.0,1399,43.0,754,,0
2021-02-21 15:00:00,NATIVE HAWAIIAN OR OTHER PACIFIC ISLANDER,14.0,1413,16.0,770,,0
2021-02-22 15:00:00,NATIVE HAWAIIAN OR OTHER PACIFIC ISLANDER,20.0,1433,19.0,789,,0
2021-02-23 15:00:00,NATIVE HAWAIIAN OR OTHER PACIFIC ISLANDER,22.0,1455,22.0,811,,0
2021-02-24 15:00:00,NATIVE HAWAIIAN OR OTHER PACIFIC ISLANDER,39.0,1494,36.0,847,,0
2021-02-25 15:00:00,NATIVE HAWAIIAN OR OTHER PACIFIC ISLANDER,42.0,1536,32.0,879,,0
2021-02-26 15:00:00,NATIVE HAWAIIAN OR OTHER PACIFIC ISLANDER,50.0,1586,43.0,922,,0
2021-02-27 15:00:00,NATIVE HAWAIIAN OR OTHER PACIFIC ISLANDER,22.0,1608,15.0,937,,0
2021-02-28 15:00:00,NATIVE HAWAIIAN OR OTHER PACIFIC ISLANDER,24.0,1632,10.0,947,,0
2021-03-01 15:00:00,NATIVE HAWAIIAN OR OTHER PACIFIC ISLANDER,40.0,1672,16.0,963,,0
2021-03-02 15:00:00,NATIVE HAWAIIAN OR OTHER PACIFIC ISLANDER,41.0,1713,22.0,985,,0
2021-03-03 15:00:00,NATIVE HAWAIIAN OR OTHER PACIFIC ISLANDER,58.0,1771,26.0,1011,,0
2021-03-04 15:00:00,NATIVE HAWAIIAN OR OTHER PACIFIC ISLANDER,62.0,1833,21.0,1032,4.0,4
2021-03-05 15:00:00,NATIVE HAWAIIAN OR OTHER PACIFIC ISLANDER,49.0,1882,37.0,1069,11.0,15
2021-03-06 15:00:00,NATIVE HAWAIIAN OR OTHER PACIFIC ISLANDER,32.0,1914,22.0,1091,10.0,25
2021-03-07 15:00:00,NATIVE HAWAIIAN OR OTHER PACIFIC ISLANDER,34.0,1948,4.0,1095,15.0,40
2021-03-08 15:00:00,NATIVE HAWAIIAN OR OTHER PACIFIC ISLANDER,60.0,2008,13.0,1108,15.0,55
2021-03-09 15:00:00,NATIVE HAWAIIAN OR OTHER PACIFIC ISLANDER,61.0,2069,32.0,1140,21.0,76
2021-03-10 15:00:00,NATIVE HAWAIIAN OR OTHER PACIFIC ISLANDER,66.0,2135,20.0,1160,15.0,91
2021-03-11 15:00:00,NATIVE HAWAIIAN OR OTHER PACIFIC ISLANDER,73.0,2208,27.0,1187,7.0,98
2021-03-12 15:00:00,NATIVE HAWAIIAN OR OTHER PACIFIC ISLANDER,81.0,2289,30.0,1217,4.0,102
2021-03-13 15:00:00,NATIVE HAWAIIAN OR OTHER PACIFIC ISLANDER,44.0,2333,11.0,1228,4.0,106
2021-03-14 15:00:00,NATIVE HAWAIIAN OR OTHER PACIFIC ISLANDER,40.0,2373,11.0,1239,1.0,107
2021-03-15 15:00:00,NATIVE HAWAIIAN OR OTHER PACIFIC ISLANDER,74.0,2447,14.0,1253,1.0,108
2021-03-16 15:00:00,NATIVE HAWAIIAN OR OTHER PACIFIC ISLANDER,82.0,2529,23.0,1276,1.0,109
2021-03-17 15:00:00,NATIVE HAWAIIAN OR OTHER PACIFIC ISLANDER,88.0,2617,31.0,1307,2.0,111
2021-03-18 15:00:00,NATIVE HAWAIIAN OR OTHER PACIFIC ISLANDER,104.0,2721,19.0,1326,4.0,115
2021-03-19 15:00:00,NATIVE HAWAIIAN OR OTHER PACIFIC ISLANDER,83.0,2804,25.0,1351,1.0,116
2021-03-20 15:00:00,NATIVE HAWAIIAN OR OTHER PACIFIC ISLANDER,58.0,2862,19.0,1370,1.0,117
2021-03-21 15:00:00,NATIVE HAWAIIAN OR OTHER PACIFIC ISLANDER,36.0,2898,14.0,1384,,117
2021-03-22 15:00:00,NATIVE HAWAIIAN OR OTHER PACIFIC ISLANDER,73.0,2971,23.0,1407,1.0,118
2021-03-23 15:00:00,NATIVE HAWAIIAN OR OTHER PACIFIC ISLANDER,98.0,3069,29.0,1436,1.0,119
2021-03-24 15:00:00,NATIVE HAWAIIAN OR OTHER PACIFIC ISLANDER,105.0,3174,39.0,1475,3.0,122
2021-03-25 15:00:00,NATIVE HAWAIIAN OR OTHER PACIFIC ISLANDER,97.0,3271,36.0,1511,6.0,128
2021-03-26 15:00:00,NATIVE HAWAIIAN OR OTHER PACIFIC ISLANDER,88.0,3359,34.0,1545,5.0,133
2021-03-27 15:00:00,NATIVE HAWAIIAN OR OTHER PACIFIC ISLANDER,63.0,3422,28.0,1573,1.0,134
2021-03-28 15:00:00,NATIVE HAWAIIAN OR OTHER PACIFIC ISLANDER,39.0,3461,29.0,1602,4.0,138
2021-03-29 15:00:00,NATIVE HAWAIIAN OR OTHER PACIFIC ISLANDER,62.0,3523,38.0,1640,1.0,139
2021-03-30 15:00:00,NATIVE HAWAIIAN OR OTHER PACIFIC ISLANDER,84.0,3607,63.0,1703,8.0,147
2021-03-31 15:00:00,NATIVE HAWAIIAN OR OTHER PACIFIC ISLANDER,92.0,3699,67.0,1770,12.0,159
2012-01-15 15:00:00,BLACK OR AFRICAN AMERICAN,1.0,1,,0,,0
2020-01-22 15:00:00,BLACK OR AFRICAN AMERICAN,1.0,2,,0,,0
2020-01-30 15:00:00,BLACK OR AFRICAN AMERICAN,1.0,3,,0,,0
2020-01-31 15:00:00,BLACK OR AFRICAN AMERICAN,1.0,4,,0,,0
2020-02-06 15:00:00,BLACK OR AFRICAN AMERICAN,1.0,5,,0,,0
2020-03-08 15:00:00,BLACK OR AFRICAN AMERICAN,1.0,6,,0,,0
2020-09-01 15:00:00,BLACK OR AFRICAN AMERICAN,1.0,7,,0,,0
2020-09-04 15:00:00,BLACK OR AFRICAN AMERICAN,1.0,8,,0,,0
2020-09-05 15:00:00,BLACK OR AFRICAN AMERICAN,1.0,9,,0,,0
2020-09-15 15:00:00,BLACK OR AFRICAN AMERICAN,1.0,10,,0,,0
2020-09-19 15:00:00,BLACK OR AFRICAN AMERICAN,1.0,11,,0,,0
2020-09-29 15:00:00,BLACK OR AFRICAN AMERICAN,1.0,12,,0,,0
2020-10-01 15:00:00,BLACK OR AFRICAN AMERICAN,1.0,13,1.0,1,,0
2020-10-05 15:00:00,BLACK OR AFRICAN AMERICAN,1.0,14,,1,,0
2020-10-06 15:00:00,BLACK OR AFRICAN AMERICAN,,14,1.0,2,,0
2020-10-15 15:00:00,BLACK OR AFRICAN AMERICAN,1.0,15,,2,,0
2020-10-16 15:00:00,BLACK OR AFRICAN AMERICAN,,15,1.0,3,,0
2020-10-17 15:00:00,BLACK OR AFRICAN AMERICAN,,15,1.0,4,,0
2020-11-07 15:00:00,BLACK OR AFRICAN AMERICAN,1.0,16,,4,,0
2020-12-01 15:00:00,BLACK OR AFRICAN AMERICAN,2.0,18,1.0,5,,0
2020-12-08 15:00:00,BLACK OR AFRICAN AMERICAN,1.0,19,,5,,0
2020-12-10 15:00:00,BLACK OR AFRICAN AMERICAN,1.0,20,,5,,0
2020-12-15 15:00:00,BLACK OR AFRICAN AMERICAN,4.0,24,,5,,0
2020-12-16 15:00:00,BLACK OR AFRICAN AMERICAN,70.0,94,,5,,0
2020-12-17 15:00:00,BLACK OR AFRICAN AMERICAN,110.0,204,,5,,0
2020-12-18 15:00:00,BLACK OR AFRICAN AMERICAN,299.0,503,,5,,0
2020-12-19 15:00:00,BLACK OR AFRICAN AMERICAN,109.0,612,,5,,0
2020-12-20 15:00:00,BLACK OR AFRICAN AMERICAN,35.0,647,,5,,0
2020-12-21 15:00:00,BLACK OR AFRICAN AMERICAN,500.0,1147,,5,,0
2020-12-22 15:00:00,BLACK OR AFRICAN AMERICAN,1154.0,2301,,5,,0
2020-12-23 15:00:00,BLACK OR AFRICAN AMERICAN,927.0,3228,,5,,0
2020-12-24 15:00:00,BLACK OR AFRICAN AMERICAN,525.0,3753,,5,,0
2020-12-25 15:00:00,BLACK OR AFRICAN AMERICAN,269.0,4022,,5,,0
2020-12-26 15:00:00,BLACK OR AFRICAN AMERICAN,537.0,4559,1.0,6,,0
2020-12-27 15:00:00,BLACK OR AFRICAN AMERICAN,364.0,4923,,6,,0
2020-12-28 15:00:00,BLACK OR AFRICAN AMERICAN,1446.0,6369,1.0,7,,0
2020-12-29 15:00:00,BLACK OR AFRICAN AMERICAN,1915.0,8284,1.0,8,,0
2020-12-30 15:00:00,BLACK OR AFRICAN AMERICAN,1748.0,10032,,8,,0
2020-12-31 15:00:00,BLACK OR AFRICAN AMERICAN,1127.0,11159,,8,,0
2021-01-01 15:00:00,BLACK OR AFRICAN AMERICAN,335.0,11494,3.0,11,,0
2021-01-02 15:00:00,BLACK OR AFRICAN AMERICAN,518.0,12012,3.0,14,,0
2021-01-03 15:00:00,BLACK OR AFRICAN AMERICAN,785.0,12797,2.0,16,,0
2021-01-04 15:00:00,BLACK OR AFRICAN AMERICAN,2266.0,15063,26.0,42,,0
2021-01-05 15:00:00,BLACK OR AFRICAN AMERICAN,2028.0,17091,49.0,91,,0
2021-01-06 15:00:00,BLACK OR AFRICAN AMERICAN,2510.0,19601,102.0,193,,0
2021-01-07 15:00:00,BLACK OR AFRICAN AMERICAN,2563.0,22164,164.0,357,,0
2021-01-08 15:00:00,BLACK OR AFRICAN AMERICAN,2630.0,24794,271.0,628,,0
2021-01-09 15:00:00,BLACK OR AFRICAN AMERICAN,915.0,25709,121.0,749,,0
2021-01-10 15:00:00,BLACK OR AFRICAN AMERICAN,855.0,26564,35.0,784,,0
2021-01-11 15:00:00,BLACK OR AFRICAN AMERICAN,2468.0,29032,468.0,1252,,0
2021-01-06 15:00:00,UNKNOWN,504.0,4726,18.0,33,,0
2021-01-07 15:00:00,UNKNOWN,326.0,5052,49.0,82,,0
2021-01-08 15:00:00,UNKNOWN,8244.0,13296,64.0,146,,0
2021-01-09 15:00:00,UNKNOWN,98.0,13394,28.0,174,,0
2021-01-10 15:00:00,UNKNOWN,117.0,13511,2.0,176,,0
2021-01-11 15:00:00,UNKNOWN,278.0,13789,77.0,253,,0
2021-01-12 15:00:00,UNKNOWN,506.0,14295,373.0,626,,0
2021-01-13 15:00:00,UNKNOWN,250.0,14545,127.0,753,,0
2021-01-14 15:00:00,UNKNOWN,279.0,14824,54.0,807,,0
2021-01-15 15:00:00,UNKNOWN,241.0,15065,179.0,986,,0
2021-01-16 15:00:00,UNKNOWN,153.0,15218,159.0,1145,,0
2021-01-17 15:00:00,UNKNOWN,51.0,15269,103.0,1248,,0
2021-01-18 15:00:00,UNKNOWN,109.0,15378,223.0,1471,,0
2021-01-19 15:00:00,UNKNOWN,337.0,15715,230.0,1701,,0
2021-01-20 15:00:00,UNKNOWN,390.0,16105,116.0,1817,,0
2021-01-21 15:00:00,UNKNOWN,298.0,16403,94.0,1911,,0
2021-01-22 15:00:00,UNKNOWN,199.0,16602,227.0,2138,,0
2021-01-23 15:00:00,UNKNOWN,56.0,16658,157.0,2295,,0
2021-01-24 15:00:00,UNKNOWN,48.0,16706,181.0,2476,,0
2021-01-25 15:00:00,UNKNOWN,240.0,16946,509.0,2985,,0
2021-01-26 15:00:00,UNKNOWN,221.0,17167,321.0,3306,,0
2021-01-27 15:00:00,UNKNOWN,186.0,17353,514.0,3820,,0
2021-01-28 15:00:00,UNKNOWN,212.0,17565,259.0,4079,,0
2021-01-29 15:00:00,UNKNOWN,144.0,17709,165.0,4244,,0
2021-01-30 15:00:00,UNKNOWN,130.0,17839,25.0,4269,,0
2021-01-31 15:00:00,UNKNOWN,129.0,17968,80.0,4349,,0
2021-02-01 15:00:00,UNKNOWN,202.0,18170,166.0,4515,,0
2021-02-02 15:00:00,UNKNOWN,270.0,18440,497.0,5012,,0
2021-02-03 15:00:00,UNKNOWN,314.0,18754,350.0,5362,,0
2021-02-04 15:00:00,UNKNOWN,309.0,19063,306.0,5668,,0
2021-02-05 15:00:00,UNKNOWN,209.0,19272,282.0,5950,,0
2021-02-06 15:00:00,UNKNOWN,117.0,19389,75.0,6025,,0
2021-02-07 15:00:00,UNKNOWN,132.0,19521,21.0,6046,,0
2021-02-08 15:00:00,UNKNOWN,299.0,19820,204.0,6250,,0
2021-02-09 15:00:00,UNKNOWN,369.0,20189,407.0,6657,,0
2021-02-10 15:00:00,UNKNOWN,660.0,20849,357.0,7014,,0
2021-02-11 15:00:00,UNKNOWN,596.0,21445,294.0,7308,,0
2021-02-12 15:00:00,UNKNOWN,628.0,22073,246.0,7554,,0
2021-02-13 15:00:00,UNKNOWN,439.0,22512,83.0,7637,,0
2021-02-14 15:00:00,UNKNOWN,461.0,22973,19.0,7656,,0
2021-02-15 15:00:00,UNKNOWN,435.0,23408,202.0,7858,,0
2021-02-16 15:00:00,UNKNOWN,603.0,24011,199.0,8057,,0
2021-02-17 15:00:00,UNKNOWN,577.0,24588,194.0,8251,,0
2021-02-18 15:00:00,UNKNOWN,76.0,24664,86.0,8337,,0
2021-02-19 15:00:00,UNKNOWN,604.0,25268,266.0,8603,,0
2021-02-20 15:00:00,UNKNOWN,600.0,25868,92.0,8695,,0
2021-02-21 15:00:00,UNKNOWN,479.0,26347,128.0,8823,,0
2021-02-22 15:00:00,UNKNOWN,507.0,26854,183.0,9006,,0
2021-02-23 15:00:00,UNKNOWN,523.0,27377,262.0,9268,,0
2021-02-24 15:00:00,UNKNOWN,560.0,27937,293.0,9561,,0
2021-02-25 15:00:00,UNKNOWN,502.0,28439,341.0,9902,,0
2021-02-26 15:00:00,UNKNOWN,529.0,28968,207.0,10109,,0
2021-02-27 15:00:00,UNKNOWN,588.0,29556,168.0,10277,,0
2021-02-28 15:00:00,UNKNOWN,543.0,30099,89.0,10366,,0
2021-03-01 15:00:00,UNKNOWN,686.0,30785,198.0,10564,,0
2021-03-02 15:00:00,UNKNOWN,682.0,31467,270.0,10834,,0
2021-03-03 15:00:00,UNKNOWN,775.0,32242,551.0,11385,,0
2021-03-04 15:00:00,UNKNOWN,952.0,33194,531.0,11916,11.0,11
2021-03-05 15:00:00,UNKNOWN,813.0,34007,508.0,12424,5.0,16
2021-03-06 15:00:00,UNKNOWN,840.0,34847,379.0,12803,293.0,309
2021-03-07 15:00:00,UNKNOWN,880.0,35727,438.0,13241,206.0,515
2021-03-08 15:00:00,UNKNOWN,636.0,36363,444.0,13685,234.0,749
2021-03-09 15:00:00,UNKNOWN,699.0,37062,594.0,14279,410.0,1159
2021-04-01 15:00:00,NATIVE HAWAIIAN OR OTHER PACIFIC ISLANDER,48.0,3747,39.0,1809,4.0,163
2020-08-31 15:00:00,TWO OR MORE RACES,1.0,1,,0,,0
2020-09-29 15:00:00,TWO OR MORE RACES,,1,1.0,1,,0
2020-12-16 15:00:00,TWO OR MORE RACES,7.0,8,,1,,0
2020-12-17 15:00:00,TWO OR MORE RACES,17.0,25,,1,,0
2020-12-18 15:00:00,TWO OR MORE RACES,11.0,36,,1,,0
2020-12-19 15:00:00,TWO OR MORE RACES,3.0,39,,1,,0
2020-12-20 15:00:00,TWO OR MORE RACES,4.0,43,,1,,0
2020-12-21 15:00:00,TWO OR MORE RACES,29.0,72,,1,,0
2020-12-22 15:00:00,TWO OR MORE RACES,24.0,96,,1,,0
2020-12-23 15:00:00,TWO OR MORE RACES,23.0,119,,1,,0
2020-12-24 15:00:00,TWO OR MORE RACES,18.0,137,,1,,0
2020-12-26 15:00:00,TWO OR MORE RACES,6.0,143,,1,,0
2020-12-27 15:00:00,TWO OR MORE RACES,7.0,150,,1,,0
2020-12-28 15:00:00,TWO OR MORE RACES,49.0,199,,1,,0
2020-12-29 15:00:00,TWO OR MORE RACES,56.0,255,,1,,0
2020-12-30 15:00:00,TWO OR MORE RACES,67.0,322,,1,,0
2020-12-31 15:00:00,TWO OR MORE RACES,29.0,351,,1,,0
2021-01-01 15:00:00,TWO OR MORE RACES,1.0,352,,1,,0
2021-01-02 15:00:00,TWO OR MORE RACES,18.0,370,1.0,2,,0
2021-01-03 15:00:00,TWO OR MORE RACES,11.0,381,,2,,0
2021-01-04 15:00:00,TWO OR MORE RACES,59.0,440,9.0,11,,0
2021-01-05 15:00:00,TWO OR MORE RACES,44.0,484,10.0,21,,0
2021-01-06 15:00:00,TWO OR MORE RACES,71.0,555,4.0,25,,0
2021-01-07 15:00:00,TWO OR MORE RACES,54.0,609,15.0,40,,0
2021-01-08 15:00:00,TWO OR MORE RACES,76.0,685,19.0,59,,0
2021-01-09 15:00:00,TWO OR MORE RACES,16.0,701,4.0,63,,0
2021-01-10 15:00:00,TWO OR MORE RACES,9.0,710,4.0,67,,0
2021-01-11 15:00:00,TWO OR MORE RACES,67.0,777,24.0,91,,0
2021-01-12 15:00:00,TWO OR MORE RACES,59.0,836,10.0,101,,0
2021-01-13 15:00:00,TWO OR MORE RACES,71.0,907,18.0,119,,0
2021-01-14 15:00:00,TWO OR MORE RACES,69.0,976,9.0,128,,0
2021-01-15 15:00:00,TWO OR MORE RACES,58.0,1034,2.0,130,,0
2021-01-16 15:00:00,TWO OR MORE RACES,13.0,1047,11.0,141,,0
2021-01-17 15:00:00,TWO OR MORE RACES,8.0,1055,11.0,152,,0
2021-01-18 15:00:00,TWO OR MORE RACES,19.0,1074,14.0,166,,0
2021-01-19 15:00:00,TWO OR MORE RACES,62.0,1136,30.0,196,,0
2021-01-20 15:00:00,TWO OR MORE RACES,57.0,1193,26.0,222,,0
2021-01-21 15:00:00,TWO OR MORE RACES,67.0,1260,31.0,253,,0
2021-01-22 15:00:00,TWO OR MORE RACES,77.0,1337,14.0,267,,0
2021-01-23 15:00:00,TWO OR MORE RACES,28.0,1365,12.0,279,,0
2021-01-24 15:00:00,TWO OR MORE RACES,5.0,1370,3.0,282,,0
2021-01-25 15:00:00,TWO OR MORE RACES,46.0,1416,44.0,326,,0
2021-01-26 15:00:00,TWO OR MORE RACES,45.0,1461,36.0,362,,0
2021-01-27 15:00:00,TWO OR MORE RACES,58.0,1519,47.0,409,,0
2021-01-28 15:00:00,TWO OR MORE RACES,74.0,1593,36.0,445,,0
2021-01-29 15:00:00,TWO OR MORE RACES,68.0,1661,28.0,473,,0
2021-01-30 15:00:00,TWO OR MORE RACES,62.0,1723,9.0,482,,0
2021-01-31 15:00:00,TWO OR MORE RACES,6.0,1729,2.0,484,,0
2021-02-01 15:00:00,TWO OR MORE RACES,6.0,1735,22.0,506,,0
2021-02-02 15:00:00,TWO OR MORE RACES,29.0,1764,56.0,562,,0
2021-02-03 15:00:00,TWO OR MORE RACES,50.0,1814,81.0,643,,0
2021-02-04 15:00:00,TWO OR MORE RACES,67.0,1881,63.0,706,,0
2021-02-05 15:00:00,TWO OR MORE RACES,65.0,1946,65.0,771,,0
2021-01-12 15:00:00,BLACK OR AFRICAN AMERICAN,3200.0,32232,1053.0,2305,,0
2021-01-13 15:00:00,BLACK OR AFRICAN AMERICAN,3235.0,35467,645.0,2950,,0
2021-01-14 15:00:00,BLACK OR AFRICAN AMERICAN,3406.0,38873,376.0,3326,,0
2021-01-15 15:00:00,BLACK OR AFRICAN AMERICAN,3653.0,42526,407.0,3733,,0
2021-01-16 15:00:00,BLACK OR AFRICAN AMERICAN,883.0,43409,438.0,4171,,0
2021-01-17 15:00:00,BLACK OR AFRICAN AMERICAN,548.0,43957,252.0,4423,,0
2021-01-18 15:00:00,BLACK OR AFRICAN AMERICAN,1410.0,45367,655.0,5078,,0
2021-01-19 15:00:00,BLACK OR AFRICAN AMERICAN,2265.0,47632,918.0,5996,,0
2021-01-20 15:00:00,BLACK OR AFRICAN AMERICAN,2571.0,50203,798.0,6794,,0
2021-01-21 15:00:00,BLACK OR AFRICAN AMERICAN,3375.0,53578,506.0,7300,,0
2021-01-22 15:00:00,BLACK OR AFRICAN AMERICAN,4590.0,58168,606.0,7906,,0
2021-01-23 15:00:00,BLACK OR AFRICAN AMERICAN,1813.0,59981,330.0,8236,,0
2021-01-24 15:00:00,BLACK OR AFRICAN AMERICAN,695.0,60676,395.0,8631,,0
2021-01-25 15:00:00,BLACK OR AFRICAN AMERICAN,2454.0,63130,1450.0,10081,,0
2021-01-26 15:00:00,BLACK OR AFRICAN AMERICAN,2679.0,65809,1219.0,11300,,0
2021-01-27 15:00:00,BLACK OR AFRICAN AMERICAN,3900.0,69709,1940.0,13240,,0
2021-01-28 15:00:00,BLACK OR AFRICAN AMERICAN,3911.0,73620,1427.0,14667,,0
2021-01-29 15:00:00,BLACK OR AFRICAN AMERICAN,3762.0,77382,1283.0,15950,,0
2021-01-30 15:00:00,BLACK OR AFRICAN AMERICAN,2777.0,80159,436.0,16386,,0
2021-01-31 15:00:00,BLACK OR AFRICAN AMERICAN,1060.0,81219,539.0,16925,,0
2021-02-01 15:00:00,BLACK OR AFRICAN AMERICAN,1086.0,82305,1165.0,18090,,0
2021-02-02 15:00:00,BLACK OR AFRICAN AMERICAN,2168.0,84473,2433.0,20523,,0
2021-02-03 15:00:00,BLACK OR AFRICAN AMERICAN,3336.0,87809,2681.0,23204,,0
2021-02-04 15:00:00,BLACK OR AFRICAN AMERICAN,4865.0,92674,2832.0,26036,,0
2021-02-05 15:00:00,BLACK OR AFRICAN AMERICAN,3432.0,96106,2747.0,28783,,0
2021-02-06 15:00:00,BLACK OR AFRICAN AMERICAN,2166.0,98272,959.0,29742,,0
2021-02-07 15:00:00,BLACK OR AFRICAN AMERICAN,1606.0,99878,330.0,30072,,0
2021-02-08 15:00:00,BLACK OR AFRICAN AMERICAN,2710.0,102588,2213.0,32285,,0
2021-02-09 15:00:00,BLACK OR AFRICAN AMERICAN,2996.0,105584,2408.0,34693,,0
2021-02-10 15:00:00,BLACK OR AFRICAN AMERICAN,3999.0,109583,3049.0,37742,,0
2021-02-11 15:00:00,BLACK OR AFRICAN AMERICAN,4345.0,113928,2964.0,40706,,0
2021-02-12 15:00:00,BLACK OR AFRICAN AMERICAN,4121.0,118049,3795.0,44501,,0
2021-02-13 15:00:00,BLACK OR AFRICAN AMERICAN,2415.0,120464,742.0,45243,,0
2021-02-14 15:00:00,BLACK OR AFRICAN AMERICAN,1628.0,122092,451.0,45694,,0
2021-02-15 15:00:00,BLACK OR AFRICAN AMERICAN,2291.0,124383,1848.0,47542,,0
2021-02-16 15:00:00,BLACK OR AFRICAN AMERICAN,3684.0,128067,2947.0,50489,,0
2021-02-17 15:00:00,BLACK OR AFRICAN AMERICAN,3987.0,132054,3527.0,54016,,0
2021-02-18 15:00:00,BLACK OR AFRICAN AMERICAN,755.0,132809,836.0,54852,,0
2021-02-19 15:00:00,BLACK OR AFRICAN AMERICAN,2091.0,134900,3290.0,58142,,0
2021-02-20 15:00:00,BLACK OR AFRICAN AMERICAN,2114.0,137014,3087.0,61229,,0
2021-02-21 15:00:00,BLACK OR AFRICAN AMERICAN,1216.0,138230,1101.0,62330,,0
2021-02-22 15:00:00,BLACK OR AFRICAN AMERICAN,1690.0,139920,2654.0,64984,,0
2021-02-23 15:00:00,BLACK OR AFRICAN AMERICAN,3577.0,143497,2523.0,67507,,0
2021-02-24 15:00:00,BLACK OR AFRICAN AMERICAN,3472.0,146969,4028.0,71535,,0
2021-02-25 15:00:00,BLACK OR AFRICAN AMERICAN,4672.0,151641,4387.0,75922,,0
2021-02-26 15:00:00,BLACK OR AFRICAN AMERICAN,5717.0,157358,4083.0,80005,,0
2021-02-27 15:00:00,BLACK OR AFRICAN AMERICAN,3504.0,160862,2001.0,82006,,0
2021-02-28 15:00:00,BLACK OR AFRICAN AMERICAN,4133.0,164995,1099.0,83105,,0
2021-03-01 15:00:00,BLACK OR AFRICAN AMERICAN,5919.0,170914,2068.0,85173,,0
2021-03-10 15:00:00,UNKNOWN,673.0,37735,594.0,14873,423.0,1582
2021-03-11 15:00:00,UNKNOWN,1237.0,38972,132.0,15005,8.0,1590
2021-03-12 15:00:00,UNKNOWN,880.0,39852,618.0,15623,4.0,1594
2021-03-13 15:00:00,UNKNOWN,539.0,40391,537.0,16160,7.0,1601
2021-03-14 15:00:00,UNKNOWN,522.0,40913,476.0,16636,2.0,1603
2021-03-15 15:00:00,UNKNOWN,663.0,41576,490.0,17126,3.0,1606
2021-03-16 15:00:00,UNKNOWN,635.0,42211,556.0,17682,1.0,1607
2021-03-17 15:00:00,UNKNOWN,626.0,42837,474.0,18156,5.0,1612
2021-03-18 15:00:00,UNKNOWN,726.0,43563,458.0,18614,8.0,1620
2021-03-19 15:00:00,UNKNOWN,568.0,44131,495.0,19109,9.0,1629
2021-03-20 15:00:00,UNKNOWN,554.0,44685,604.0,19713,3.0,1632
2021-03-21 15:00:00,UNKNOWN,370.0,45055,194.0,19907,1.0,1633
2021-03-22 15:00:00,UNKNOWN,594.0,45649,553.0,20460,1.0,1634
2021-03-23 15:00:00,UNKNOWN,674.0,46323,484.0,20944,7.0,1641
2021-03-24 15:00:00,UNKNOWN,879.0,47202,445.0,21389,15.0,1656
2021-03-25 15:00:00,UNKNOWN,729.0,47931,622.0,22011,82.0,1738
2021-03-26 15:00:00,UNKNOWN,760.0,48691,614.0,22625,125.0,1863
2021-03-27 15:00:00,UNKNOWN,478.0,49169,719.0,23344,157.0,2020
2021-03-28 15:00:00,UNKNOWN,601.0,49770,602.0,23946,135.0,2155
2021-03-29 15:00:00,UNKNOWN,833.0,50603,635.0,24581,8.0,2163
2021-03-30 15:00:00,UNKNOWN,809.0,51412,679.0,25260,11.0,2174
2021-03-31 15:00:00,UNKNOWN,736.0,52148,623.0,25883,277.0,2451
2021-04-01 15:00:00,UNKNOWN,972.0,53120,1076.0,26959,150.0,2601
2021-03-02 15:00:00,BLACK OR AFRICAN AMERICAN,5158.0,176072,2288.0,87461,1.0,1
2021-03-03 15:00:00,BLACK OR AFRICAN AMERICAN,6744.0,182816,3731.0,91192,19.0,20
2021-03-04 15:00:00,BLACK OR AFRICAN AMERICAN,6990.0,189806,3795.0,94987,536.0,556
2021-03-05 15:00:00,BLACK OR AFRICAN AMERICAN,7072.0,196878,3636.0,98623,962.0,1518
2021-03-06 15:00:00,BLACK OR AFRICAN AMERICAN,4863.0,201741,2225.0,100848,1077.0,2595
2021-03-07 15:00:00,BLACK OR AFRICAN AMERICAN,2212.0,203953,1027.0,101875,1215.0,3810
2021-03-08 15:00:00,BLACK OR AFRICAN AMERICAN,6021.0,209974,1617.0,103492,2112.0,5922
2021-03-09 15:00:00,BLACK OR AFRICAN AMERICAN,6615.0,216589,2862.0,106354,1709.0,7631
2021-03-10 15:00:00,BLACK OR AFRICAN AMERICAN,7619.0,224208,3300.0,109654,1556.0,9187
2021-03-11 15:00:00,BLACK OR AFRICAN AMERICAN,8473.0,232681,3096.0,112750,1465.0,10652
2021-03-12 15:00:00,BLACK OR AFRICAN AMERICAN,9407.0,242088,2670.0,115420,915.0,11567
2021-03-13 15:00:00,BLACK OR AFRICAN AMERICAN,5827.0,247915,1693.0,117113,353.0,11920
2021-03-14 15:00:00,BLACK OR AFRICAN AMERICAN,3559.0,251474,961.0,118074,272.0,12192
2021-03-15 15:00:00,BLACK OR AFRICAN AMERICAN,7520.0,258994,2047.0,120121,136.0,12328
2021-03-16 15:00:00,BLACK OR AFRICAN AMERICAN,8058.0,267052,2299.0,122420,357.0,12685
2021-03-17 15:00:00,BLACK OR AFRICAN AMERICAN,9638.0,276690,2991.0,125411,607.0,13292
2021-03-18 15:00:00,BLACK OR AFRICAN AMERICAN,11196.0,287886,2219.0,127630,356.0,13648
2021-03-19 15:00:00,BLACK OR AFRICAN AMERICAN,10046.0,297932,2986.0,130616,249.0,13897
2021-03-20 15:00:00,BLACK OR AFRICAN AMERICAN,6473.0,304405,1869.0,132485,254.0,14151
2021-03-21 15:00:00,BLACK OR AFRICAN AMERICAN,3664.0,308069,1489.0,133974,151.0,14302
2021-03-22 15:00:00,BLACK OR AFRICAN AMERICAN,8280.0,316349,2360.0,136334,215.0,14517
2021-03-23 15:00:00,BLACK OR AFRICAN AMERICAN,9046.0,325395,3699.0,140033,467.0,14984
2021-03-24 15:00:00,BLACK OR AFRICAN AMERICAN,8333.0,333728,4669.0,144702,396.0,15380
2021-03-25 15:00:00,BLACK OR AFRICAN AMERICAN,9762.0,343490,4875.0,149577,493.0,15873
2021-03-26 15:00:00,BLACK OR AFRICAN AMERICAN,8613.0,352103,6154.0,155731,440.0,16313
2021-03-27 15:00:00,BLACK OR AFRICAN AMERICAN,6495.0,358598,3898.0,159629,439.0,16752
2021-03-28 15:00:00,BLACK OR AFRICAN AMERICAN,3333.0,361931,2519.0,162148,135.0,16887
2021-03-29 15:00:00,BLACK OR AFRICAN AMERICAN,7505.0,369436,6841.0,168989,215.0,17102
2021-03-30 15:00:00,BLACK OR AFRICAN AMERICAN,8937.0,378373,6093.0,175082,333.0,17435
2021-03-31 15:00:00,BLACK OR AFRICAN AMERICAN,8661.0,387034,6978.0,182060,777.0,18212
2021-04-01 15:00:00,BLACK OR AFRICAN AMERICAN,5673.0,392707,5515.0,187575,699.0,18911
2021-02-06 15:00:00,TWO OR MORE RACES,24.0,1970,21.0,792,,0
2021-02-07 15:00:00,TWO OR MORE RACES,10.0,1980,4.0,796,,0
2021-02-08 15:00:00,TWO OR MORE RACES,37.0,2017,41.0,837,,0
2021-02-09 15:00:00,TWO OR MORE RACES,43.0,2060,48.0,885,,0
2021-02-10 15:00:00,TWO OR MORE RACES,52.0,2112,76.0,961,,0
2021-02-11 15:00:00,TWO OR MORE RACES,51.0,2163,57.0,1018,,0
2021-02-12 15:00:00,TWO OR MORE RACES,55.0,2218,57.0,1075,,0
2021-02-13 15:00:00,TWO OR MORE RACES,34.0,2252,32.0,1107,,0
2021-02-14 15:00:00,TWO OR MORE RACES,19.0,2271,4.0,1111,,0
2021-02-15 15:00:00,TWO OR MORE RACES,34.0,2305,34.0,1145,,0
2021-02-16 15:00:00,TWO OR MORE RACES,40.0,2345,47.0,1192,,0
2021-02-17 15:00:00,TWO OR MORE RACES,57.0,2402,67.0,1259,,0
2021-02-18 15:00:00,TWO OR MORE RACES,10.0,2412,14.0,1273,,0
2021-02-19 15:00:00,TWO OR MORE RACES,33.0,2445,63.0,1336,,0
2021-02-20 15:00:00,TWO OR MORE RACES,45.0,2490,60.0,1396,,0
2021-02-21 15:00:00,TWO OR MORE RACES,27.0,2517,24.0,1420,,0
2021-02-22 15:00:00,TWO OR MORE RACES,18.0,2535,46.0,1466,,0
2021-02-23 15:00:00,TWO OR MORE RACES,37.0,2572,36.0,1502,,0
2021-02-24 15:00:00,TWO OR MORE RACES,61.0,2633,63.0,1565,,0
2021-02-25 15:00:00,TWO OR MORE RACES,58.0,2691,64.0,1629,,0
2021-02-26 15:00:00,TWO OR MORE RACES,72.0,2763,87.0,1716,,0
2021-02-27 15:00:00,TWO OR MORE RACES,45.0,2808,28.0,1744,,0
2021-02-28 15:00:00,TWO OR MORE RACES,41.0,2849,9.0,1753,,0
2021-03-01 15:00:00,TWO OR MORE RACES,67.0,2916,38.0,1791,,0
2021-03-02 15:00:00,TWO OR MORE RACES,74.0,2990,30.0,1821,,0
2021-03-03 15:00:00,TWO OR MORE RACES,66.0,3056,47.0,1868,,0
2021-03-04 15:00:00,TWO OR MORE RACES,86.0,3142,48.0,1916,10.0,10
2021-03-05 15:00:00,TWO OR MORE RACES,105.0,3247,48.0,1964,8.0,18
2021-03-06 15:00:00,TWO OR MORE RACES,49.0,3296,22.0,1986,24.0,42
2021-03-07 15:00:00,TWO OR MORE RACES,33.0,3329,11.0,1997,24.0,66
2021-03-08 15:00:00,TWO OR MORE RACES,81.0,3410,20.0,2017,24.0,90
2021-03-09 15:00:00,TWO OR MORE RACES,75.0,3485,37.0,2054,31.0,121
2021-03-10 15:00:00,TWO OR MORE RACES,86.0,3571,53.0,2107,42.0,163
2021-03-11 15:00:00,TWO OR MORE RACES,102.0,3673,37.0,2144,4.0,167
2021-03-12 15:00:00,TWO OR MORE RACES,90.0,3763,40.0,2184,4.0,171
2021-03-13 15:00:00,TWO OR MORE RACES,80.0,3843,37.0,2221,4.0,175
2021-03-14 15:00:00,TWO OR MORE RACES,56.0,3899,23.0,2244,3.0,178
2021-03-15 15:00:00,TWO OR MORE RACES,90.0,3989,24.0,2268,,178
2021-03-16 15:00:00,TWO OR MORE RACES,85.0,4074,37.0,2305,1.0,179
2021-03-17 15:00:00,TWO OR MORE RACES,123.0,4197,40.0,2345,5.0,184
2021-03-18 15:00:00,TWO OR MORE RACES,123.0,4320,31.0,2376,3.0,187
2021-03-19 15:00:00,TWO OR MORE RACES,93.0,4413,48.0,2424,1.0,188
2021-03-20 15:00:00,TWO OR MORE RACES,98.0,4511,41.0,2465,3.0,191
2021-03-21 15:00:00,TWO OR MORE RACES,68.0,4579,30.0,2495,1.0,192
2021-03-22 15:00:00,TWO OR MORE RACES,102.0,4681,28.0,2523,2.0,194
2021-03-23 15:00:00,TWO OR MORE RACES,96.0,4777,30.0,2553,1.0,195
2021-03-24 15:00:00,TWO OR MORE RACES,115.0,4892,59.0,2612,2.0,197
2021-03-25 15:00:00,TWO OR MORE RACES,128.0,5020,71.0,2683,5.0,202
2021-03-26 15:00:00,TWO OR MORE RACES,124.0,5144,84.0,2767,8.0,210
2021-03-27 15:00:00,TWO OR MORE RACES,91.0,5235,53.0,2820,8.0,218
2021-03-28 15:00:00,TWO OR MORE RACES,42.0,5277,40.0,2860,1.0,219
2021-03-29 15:00:00,TWO OR MORE RACES,84.0,5361,67.0,2927,6.0,225
2021-03-30 15:00:00,TWO OR MORE RACES,108.0,5469,84.0,3011,4.0,229
2021-03-31 15:00:00,TWO OR MORE RACES,85.0,5554,81.0,3092,10.0,239
2021-04-01 15:00:00,TWO OR MORE RACES,70.0,5624,67.0,3159,8.0,247
