VACCINATION_DATE,AgeRange,FirstDailyDose,PercentFirstDailyDose,SecondDailyDose,PercentSecondDailyDose,SingleDailyDose,PercentSingleDailyDose,CombinedAllDoses,PercentCombinedAllDoses,FullyVaccinated,PercentFullyVaccinated,AtLeastOneVaccine,PercentAtLeastOneVaccine
2020-12-14,18-49,1,0.0,,,,,,,,,1,0.0
2020-12-14,50-64,3,0.0,,,,,,,,,3,0.0
2020-12-15,18-49,4,0.0,,,,,,,,,4,0.0
2020-12-15,50-64,7,0.001,,,,,,,,,7,0.001
2020-12-16,18-49,406,0.016,,,,,,,,,406,0.016
2020-12-16,50-64,116,0.009,,,,,,,,,116,0.009
2020-12-16,65 and Older,21,0.002,1.0,0.0,,,,,,,21,0.002
2020-12-17,18-49,717,0.028,,,,,,,,,717,0.028
2020-12-17,50-64,275,0.022,,,,,,,,,275,0.022
2020-12-17,65 and Older,53,0.006,,,,,,,,,53,0.006
2020-12-18,18-49,1805,0.072,,,,,,,,,1805,0.072
2020-12-18,50-64,881,0.072,1.0,0.0,,,,,,,881,0.072
2020-12-18,65 and Older,175,0.018,,,,,,,,,175,0.018
2020-12-19,18-49,526,0.021,1.0,0.0,,,,,,,526,0.021
2020-12-19,50-64,266,0.022,,,,,,,,,266,0.022
2020-12-19,65 and Older,57,0.006,,,,,,,,,57,0.006
2020-12-20,18-49,195,0.008,,,,,,,,,195,0.008
2020-12-20,50-64,69,0.006,,,,,,,,,69,0.006
2020-12-20,65 and Older,16,0.002,,,,,,,,,16,0.002
2020-12-21,18-49,2457,0.097,1.0,0.0,,,,,,,2457,0.097
2020-12-21,50-64,1057,0.086,,,,,,,,,1057,0.086
2020-12-21,65 and Older,206,0.021,,,,,,,,,206,0.021
2020-12-22,16-17,7,0.005,,,,,,,,,7,0.005
2020-12-22,18-49,3113,0.123,2.0,0.0,,,,,,,3113,0.123
2020-12-22,50-64,1771,0.144,2.0,0.0,,,,,,,1771,0.144
2020-12-22,65 and Older,1282,0.134,,,,,,,,,1282,0.134
2020-12-23,16-17,1,0.001,,,,,,,,,1,0.001
2020-12-23,18-49,3091,0.122,3.0,0.0,,,,,,,3091,0.122
2020-12-23,50-64,1709,0.139,2.0,0.0,,,,,,,1709,0.139
2020-12-23,65 and Older,658,0.069,1.0,0.0,,,,,,,658,0.069
2020-12-24,18-49,1553,0.062,1.0,0.0,,,,,,,1553,0.062
2020-12-24,50-64,856,0.07,,,,,,,,,856,0.07
2020-12-24,65 and Older,228,0.024,,,,,,,,,228,0.024
2020-12-25,16-17,9,0.006,,,,,,,,,9,0.006
2020-12-25,18-49,293,0.012,,,,,,,,,293,0.012
2020-12-25,50-64,338,0.028,,,,,,,,,338,0.028
2020-12-25,65 and Older,391,0.041,,,,,,,,,391,0.041
2020-12-26,18-49,642,0.025,1.0,0.0,,,,,,,642,0.025
2020-12-26,50-64,560,0.046,,,,,,,,,560,0.046
2020-12-26,65 and Older,449,0.047,1.0,0.0,,,,,,,449,0.047
2020-12-27,16-17,1,0.001,,,,,,,,,1,0.001
2020-12-27,18-49,736,0.029,2.0,0.0,,,,,,,736,0.029
2020-12-27,50-64,524,0.043,1.0,0.0,,,,,,,524,0.043
2020-12-27,65 and Older,504,0.053,,,,,,,,,504,0.053
2020-12-28,16-17,2,0.001,,,,,,,,,2,0.001
2020-12-28,18-49,4824,0.191,5.0,0.0,,,,,,,4824,0.191
2020-12-28,50-64,2672,0.218,2.0,0.0,,,,,,,2672,0.218
2020-12-28,65 and Older,1095,0.114,2.0,0.0,,,,,,,1095,0.114
2020-12-29,16-17,1,0.001,,,,,,,,,1,0.001
2020-12-29,18-49,5484,0.217,3.0,0.0,,,,,,,5484,0.217
2020-12-29,50-64,3357,0.273,1.0,0.0,,,,,,,3357,0.273
2020-12-29,65 and Older,1470,0.153,1.0,0.0,,,,,,,1470,0.153
2020-12-30,16-17,3,0.002,,,,,,,,,3,0.002
2020-12-30,18-49,6997,0.277,3.0,0.0,,,,,,,6997,0.277
2020-12-30,50-64,3917,0.319,3.0,0.0,,,,,,,3917,0.319
2020-12-30,65 and Older,1247,0.13,1.0,0.0,,,,,,,1247,0.13
2020-12-31,16-17,1,0.001,,,,,,,,,1,0.001
2020-12-31,18-49,4202,0.167,1.0,0.0,,,,,,,4202,0.167
2020-12-31,50-64,2267,0.185,4.0,0.0,,,,,,,2267,0.185
2020-12-31,65 and Older,833,0.087,2.0,0.0,,,,,,,833,0.087
2021-01-01,16-17,1,0.001,,,,,,,,,1,0.001
2021-01-01,18-49,480,0.019,7.0,0.0,,,,,,,480,0.019
2021-01-01,50-64,400,0.033,10.0,0.001,,,,,,,400,0.033
2021-01-01,65 and Older,645,0.067,1.0,0.0,,,,,,,645,0.067
2021-01-02,16-17,1,0.001,,,,,,,,,1,0.001
2021-01-02,18-49,1302,0.052,17.0,0.001,,,,,,,1302,0.052
2021-01-02,50-64,639,0.052,4.0,0.0,,,,,,,639,0.052
2021-01-02,65 and Older,652,0.068,2.0,0.0,,,,,,,652,0.068
2021-01-03,16-17,2,0.001,,,,,,,,,2,0.001
2021-01-03,18-49,1509,0.06,54.0,0.002,,,,,,,1509,0.06
2021-01-03,50-64,931,0.076,11.0,0.001,,,,,,,931,0.076
2021-01-03,65 and Older,715,0.075,3.0,0.0,,,,,,,715,0.075
2021-01-04,16-17,5,0.003,,,,,,,,,5,0.003
2021-01-04,18-49,6528,0.259,176.0,0.007,,,,,,,6528,0.259
2021-01-04,50-64,4052,0.33,60.0,0.005,,,,,,,4052,0.33
2021-01-04,65 and Older,2224,0.232,12.0,0.001,,,,,,,2224,0.232
2021-01-05,16-17,9,0.006,,,,,,,,,9,0.006
2021-01-05,18-49,5904,0.234,285.0,0.011,,,,,,,5904,0.234
2021-01-05,50-64,3650,0.297,123.0,0.01,,,,,,,3650,0.297
2021-01-05,65 and Older,2113,0.22,26.0,0.003,,,,,,,2113,0.22
2021-01-06,16-17,14,0.009,,,,,,,,,14,0.009
2021-01-06,18-49,7310,0.29,540.0,0.021,,,,,,,7310,0.29
2021-01-06,50-64,4679,0.381,200.0,0.016,,,,,,,4679,0.381
2021-01-06,65 and Older,2316,0.241,27.0,0.003,,,,,,,2316,0.241
2021-01-07,16-17,10,0.007,,,,,,,,,10,0.007
2021-01-07,18-49,7827,0.31,1052.0,0.042,,,,,,,7827,0.31
2021-01-07,50-64,4599,0.374,439.0,0.036,,,,,,,4599,0.374
2021-01-07,65 and Older,2153,0.224,93.0,0.01,,,,,,,2153,0.224
2021-01-08,16-17,30,0.02,,,,,,,,,30,0.02
2021-01-08,18-49,8106,0.321,1593.0,0.063,,,,,,,8106,0.321
2021-01-08,50-64,4736,0.386,783.0,0.064,,,,,,,4736,0.386
2021-01-08,65 and Older,2540,0.265,176.0,0.018,,,,,,,2540,0.265
2021-01-09,16-17,5,0.003,,,,,,,,,5,0.003
2021-01-09,18-49,2349,0.093,559.0,0.022,,,,,,,2349,0.093
2021-01-09,50-64,1380,0.112,256.0,0.021,,,,,,,1380,0.112
2021-01-09,65 and Older,1055,0.11,51.0,0.005,,,,,,,1055,0.11
2021-01-10,16-17,4,0.003,,,,,,,,,4,0.003
2021-01-10,18-49,1205,0.048,236.0,0.009,,,,,,,1205,0.048
2021-01-10,50-64,778,0.063,83.0,0.007,,,,,,,778,0.063
2021-01-10,65 and Older,581,0.061,8.0,0.001,,,,,,,581,0.061
2021-01-11,16-17,15,0.01,,,,,,,,,15,0.01
2021-01-11,18-49,6431,0.255,2077.0,0.082,,,,,,,6431,0.255
2021-01-11,50-64,3939,0.321,943.0,0.077,,,,,,,3939,0.321
2021-01-11,65 and Older,2891,0.301,229.0,0.024,,,,,,,2891,0.301
2021-01-12,16-17,25,0.017,7.0,0.005,,,,,,,25,0.017
2021-01-12,18-49,7913,0.314,2709.0,0.107,,,,,,,7913,0.314
2021-01-12,50-64,4699,0.383,1582.0,0.129,,,,,,,4699,0.383
2021-01-12,65 and Older,4004,0.417,1007.0,0.105,,,,,,,4004,0.417
2021-01-13,16-17,15,0.01,1.0,0.001,,,,,,,15,0.01
2021-01-13,18-49,9237,0.366,1995.0,0.079,,,,,,,9237,0.366
2021-01-13,50-64,5423,0.442,1120.0,0.091,,,,,,,5423,0.442
2021-01-13,65 and Older,3157,0.329,513.0,0.053,,,,,,,3157,0.329
2021-01-14,16-17,10,0.007,,,,,,,,,10,0.007
2021-01-14,18-49,8652,0.343,1075.0,0.043,,,,,,,8652,0.343
2021-01-14,50-64,5149,0.419,545.0,0.044,,,,,,,5149,0.419
2021-01-14,65 and Older,3446,0.359,193.0,0.02,,,,,,,3446,0.359
2021-01-15,16-17,11,0.007,8.0,0.005,,,,,,,11,0.007
2021-01-15,18-49,9278,0.368,781.0,0.031,,,,,,,9278,0.368
2021-01-15,50-64,5207,0.424,590.0,0.048,,,,,,,5207,0.424
2021-01-15,65 and Older,4368,0.455,407.0,0.042,,,,,,,4368,0.455
2021-01-16,16-17,1,0.001,,,,,,,,,1,0.001
2021-01-16,18-49,2420,0.096,569.0,0.023,,,,,,,2420,0.096
2021-01-16,50-64,1157,0.094,387.0,0.032,,,,,,,1157,0.094
2021-01-16,65 and Older,2017,0.21,352.0,0.037,,,,,,,2017,0.21
2021-01-17,16-17,2,0.001,1.0,0.001,,,,,,,2,0.001
2021-01-17,18-49,855,0.034,614.0,0.024,,,,,,,855,0.034
2021-01-17,50-64,553,0.045,341.0,0.028,,,,,,,553,0.045
2021-01-17,65 and Older,620,0.065,366.0,0.038,,,,,,,620,0.065
2021-01-18,16-17,4,0.003,1.0,0.001,,,,,,,4,0.003
2021-01-18,18-49,2124,0.084,1249.0,0.049,,,,,,,2124,0.084
2021-01-18,50-64,1404,0.114,918.0,0.075,,,,,,,1404,0.114
2021-01-18,65 and Older,3578,0.373,709.0,0.074,,,,,,,3578,0.373
2021-01-19,16-17,9,0.006,,,,,,,,,9,0.006
2021-01-19,18-49,4627,0.183,2521.0,0.1,,,,,,,4627,0.183
2021-01-19,50-64,2693,0.219,1370.0,0.112,,,,,,,2693,0.219
2021-01-19,65 and Older,8944,0.932,728.0,0.076,,,,,,,8944,0.932
2021-01-20,16-17,9,0.006,2.0,0.001,,,,,,,9,0.006
2021-01-20,18-49,5512,0.218,2772.0,0.11,,,,,,,5512,0.218
2021-01-20,50-64,3351,0.273,1510.0,0.123,,,,,,,3351,0.273
2021-01-20,65 and Older,11605,1.21,510.0,0.053,,,,,,,11605,1.21
2021-01-21,16-17,12,0.008,1.0,0.001,,,,,,,12,0.008
2021-01-21,18-49,6829,0.271,1891.0,0.075,,,,,,,6829,0.271
2021-01-21,50-64,4100,0.334,972.0,0.079,,,,,,,4100,0.334
2021-01-21,65 and Older,11896,1.24,316.0,0.033,,,,,,,11896,1.24
2021-01-22,16-17,13,0.009,4.0,0.003,,,,,,,13,0.009
2021-01-22,18-49,9414,0.373,1492.0,0.059,,,,,,,9414,0.373
2021-01-22,50-64,5786,0.471,909.0,0.074,,,,,,,5786,0.471
2021-01-22,65 and Older,13001,1.355,802.0,0.084,,,,,,,13001,1.355
2021-01-23,16-17,12,0.008,,,,,,,,,12,0.008
2021-01-23,18-49,3016,0.12,662.0,0.026,,,,,,,3016,0.12
2021-01-23,50-64,1655,0.135,412.0,0.034,,,,,,,1655,0.135
2021-01-23,65 and Older,4758,0.496,416.0,0.043,,,,,,,4758,0.496
2021-01-24,16-17,13,0.009,1.0,0.001,,,,,,,13,0.009
2021-01-24,18-49,759,0.03,623.0,0.025,,,,,,,759,0.03
2021-01-24,50-64,575,0.047,521.0,0.042,,,,,,,575,0.047
2021-01-24,65 and Older,1921,0.2,418.0,0.044,,,,,,,1921,0.2
2021-01-25,16-17,10,0.007,4.0,0.003,,,,,,,10,0.007
2021-01-25,18-49,4258,0.169,4041.0,0.16,,,,,,,4258,0.169
2021-01-25,50-64,2518,0.205,2717.0,0.221,,,,,,,2518,0.205
2021-01-25,65 and Older,9383,0.978,1338.0,0.139,,,,,,,9383,0.978
2021-01-26,16-17,11,0.007,7.0,0.005,,,,,,,11,0.007
2021-01-26,18-49,4727,0.187,4122.0,0.163,,,,,,,4727,0.187
2021-01-26,50-64,2705,0.22,2691.0,0.219,,,,,,,2705,0.22
2021-01-26,65 and Older,9836,1.025,1422.0,0.148,,,,,,,9836,1.025
2021-01-27,16-17,18,0.012,9.0,0.006,,,,,,,18,0.012
2021-01-27,18-49,5854,0.232,6297.0,0.25,,,,,,,5854,0.232
2021-01-27,50-64,3455,0.281,3781.0,0.308,,,,,,,3455,0.281
2021-01-27,65 and Older,14631,1.525,1805.0,0.188,,,,,,,14631,1.525
2021-01-28,16-17,13,0.009,8.0,0.005,,,,,,,13,0.009
2021-01-28,18-49,5640,0.224,4676.0,0.185,,,,,,,5640,0.224
2021-01-28,50-64,3527,0.287,2824.0,0.23,,,,,,,3527,0.287
2021-01-28,65 and Older,12963,1.351,1341.0,0.14,,,,,,,12963,1.351
2021-01-29,16-17,54,0.036,22.0,0.015,,,,,,,54,0.036
2021-01-29,18-49,5571,0.221,3650.0,0.145,,,,,,,5571,0.221
2021-01-29,50-64,3678,0.299,2143.0,0.174,,,,,,,3678,0.299
2021-01-29,65 and Older,14340,1.495,903.0,0.094,,,,,,,14340,1.495
2021-01-30,16-17,16,0.011,3.0,0.002,,,,,,,16,0.011
2021-01-30,18-49,4302,0.17,1268.0,0.05,,,,,,,4302,0.17
2021-01-30,50-64,2541,0.207,638.0,0.052,,,,,,,2541,0.207
2021-01-30,65 and Older,10472,1.092,349.0,0.036,,,,,,,10472,1.092
2021-01-31,16-17,9,0.006,3.0,0.002,,,,,,,9,0.006
2021-01-31,18-49,1306,0.052,400.0,0.016,,,,,,,1306,0.052
2021-01-31,50-64,762,0.062,350.0,0.028,,,,,,,762,0.062
2021-01-31,65 and Older,1572,0.164,440.0,0.046,,,,,,,1572,0.164
2021-02-01,16-17,31,0.021,2.0,0.001,,,,,,,31,0.021
2021-02-01,18-49,1319,0.052,1883.0,0.075,,,,,,,1319,0.052
2021-02-01,50-64,1053,0.086,1306.0,0.106,,,,,,,1053,0.086
2021-02-01,65 and Older,3948,0.412,871.0,0.091,,,,,,,3948,0.412
2021-02-02,16-17,23,0.015,9.0,0.006,,,,,,,23,0.015
2021-02-02,18-49,2773,0.11,6321.0,0.25,,,,,,,2773,0.11
2021-02-02,50-64,1957,0.159,3887.0,0.316,,,,,,,1957,0.159
2021-02-02,65 and Older,6947,0.724,2817.0,0.294,,,,,,,6947,0.724
2021-02-03,16-17,17,0.011,12.0,0.008,,,,,,,17,0.011
2021-02-03,18-49,4490,0.178,9411.0,0.373,,,,,,,4490,0.178
2021-02-03,50-64,2981,0.243,5534.0,0.451,,,,,,,2981,0.243
2021-02-03,65 and Older,9956,1.038,2673.0,0.279,,,,,,,9956,1.038
2021-02-04,16-17,12,0.008,12.0,0.008,,,,,,,12,0.008
2021-02-04,18-49,5017,0.199,7709.0,0.306,,,,,,,5017,0.199
2021-02-04,50-64,3900,0.318,4668.0,0.38,,,,,,,3900,0.318
2021-02-04,65 and Older,12503,1.303,2678.0,0.279,,,,,,,12503,1.303
2021-02-05,16-17,10,0.007,12.0,0.008,,,,,,,10,0.007
2021-02-05,18-49,5088,0.202,8302.0,0.329,,,,,,,5088,0.202
2021-02-05,50-64,3456,0.281,4908.0,0.4,,,,,,,3456,0.281
2021-02-05,65 and Older,11256,1.173,3486.0,0.363,,,,,,,11256,1.173
2021-02-06,16-17,11,0.007,5.0,0.003,,,,,,,11,0.007
2021-02-06,18-49,3287,0.13,2937.0,0.116,,,,,,,3287,0.13
2021-02-06,50-64,1971,0.16,1655.0,0.135,,,,,,,1971,0.16
2021-02-06,65 and Older,5745,0.599,1438.0,0.15,,,,,,,5745,0.599
2021-02-07,16-17,6,0.004,2.0,0.001,,,,,,,6,0.004
2021-02-07,18-49,1440,0.057,614.0,0.024,,,,,,,1440,0.057
2021-02-07,50-64,1041,0.085,381.0,0.031,,,,,,,1041,0.085
2021-02-07,65 and Older,3262,0.34,559.0,0.058,,,,,,,3262,0.34
2021-02-08,16-17,13,0.009,11.0,0.007,,,,,,,13,0.009
2021-02-08,18-49,3050,0.121,5766.0,0.229,,,,,,,3050,0.121
2021-02-08,50-64,2017,0.164,3352.0,0.273,,,,,,,2017,0.164
2021-02-08,65 and Older,7454,0.777,3199.0,0.333,,,,,,,7454,0.777
2021-02-09,16-17,7,0.005,11.0,0.007,,,,,,,7,0.005
2021-02-09,18-49,3989,0.158,5587.0,0.221,,,,,,,3989,0.158
2021-02-09,50-64,2617,0.213,3309.0,0.269,,,,,,,2617,0.213
2021-02-09,65 and Older,9443,0.984,4266.0,0.445,,,,,,,9443,0.984
2021-02-10,16-17,22,0.015,16.0,0.011,,,,,,,22,0.015
2021-02-10,18-49,4153,0.165,8943.0,0.354,,,,,,,4153,0.165
2021-02-10,50-64,3038,0.247,5202.0,0.424,,,,,,,3038,0.247
2021-02-10,65 and Older,11648,1.214,6428.0,0.67,,,,,,,11648,1.214
2021-02-11,16-17,23,0.015,10.0,0.007,,,,,,,23,0.015
2021-02-11,18-49,5650,0.224,7467.0,0.296,,,,,,,5650,0.224
2021-02-11,50-64,3933,0.32,3953.0,0.322,,,,,,,3933,0.32
2021-02-11,65 and Older,12989,1.354,5225.0,0.545,,,,,,,12989,1.354
2021-02-12,16-17,11,0.007,11.0,0.007,,,,,,,11,0.007
2021-02-12,18-49,5702,0.226,8396.0,0.333,,,,,,,5702,0.226
2021-02-12,50-64,3951,0.322,4688.0,0.382,,,,,,,3951,0.322
2021-02-12,65 and Older,10053,1.048,5892.0,0.614,,,,,,,10053,1.048
2021-02-13,16-17,18,0.012,7.0,0.005,,,,,,,18,0.012
2021-02-13,18-49,2677,0.106,2126.0,0.084,,,,,,,2677,0.106
2021-02-13,50-64,1930,0.157,991.0,0.081,,,,,,,1930,0.157
2021-02-13,65 and Older,6260,0.652,2801.0,0.292,,,,,,,6260,0.652
2021-02-14,16-17,16,0.011,3.0,0.002,,,,,,,16,0.011
2021-02-14,18-49,2062,0.082,639.0,0.025,,,,,,,2062,0.082
2021-02-14,50-64,1360,0.111,426.0,0.035,,,,,,,1360,0.111
2021-02-14,65 and Older,3452,0.36,861.0,0.09,,,,,,,3452,0.36
2021-02-15,16-17,11,0.007,13.0,0.009,,,,,,,11,0.007
2021-02-15,18-49,2713,0.108,4078.0,0.162,,,,,,,2713,0.108
2021-02-15,50-64,1788,0.146,2092.0,0.17,,,,,,,1788,0.146
2021-02-15,65 and Older,7166,0.747,5842.0,0.609,,,,,,,7166,0.747
2021-02-16,16-17,25,0.017,14.0,0.009,,,,,,,25,0.017
2021-02-16,18-49,4250,0.168,5883.0,0.233,,,,,,,4250,0.168
2021-02-16,50-64,3229,0.263,3573.0,0.291,,,,,,,3229,0.263
2021-02-16,65 and Older,8959,0.934,10901.0,1.136,,,,,,,8959,0.934
2021-02-17,16-17,3,0.002,18.0,0.012,,,,,,,3,0.002
2021-02-17,18-49,6262,0.248,7638.0,0.303,,,,,,,6262,0.248
2021-02-17,50-64,4196,0.342,4748.0,0.387,,,,,,,4196,0.342
2021-02-17,65 and Older,10016,1.044,13189.0,1.375,,,,,,,10016,1.044
2021-02-18,16-17,4,0.003,1.0,0.001,,,,,,,4,0.003
2021-02-18,18-49,1019,0.04,1394.0,0.055,,,,,,,1019,0.04
2021-02-18,50-64,739,0.06,976.0,0.079,,,,,,,739,0.06
2021-02-18,65 and Older,1565,0.163,1789.0,0.186,,,,,,,1565,0.163
2021-02-19,16-17,20,0.013,10.0,0.007,,,,,,,20,0.013
2021-02-19,18-49,2881,0.114,6130.0,0.243,,,,,,,2881,0.114
2021-02-19,50-64,1990,0.162,3842.0,0.313,,,,,,,1990,0.162
2021-02-19,65 and Older,5844,0.609,8826.0,0.92,,,,,,,5844,0.609
2021-02-20,16-17,26,0.017,34.0,0.023,,,,,,,26,0.017
2021-02-20,18-49,2647,0.105,5896.0,0.234,,,,,,,2647,0.105
2021-02-20,50-64,1932,0.157,3436.0,0.28,,,,,,,1932,0.157
2021-02-20,65 and Older,5440,0.567,10294.0,1.073,,,,,,,5440,0.567
2021-02-21,16-17,14,0.009,10.0,0.007,,,,,,,14,0.009
2021-02-21,18-49,1325,0.053,1407.0,0.056,,,,,,,1325,0.053
2021-02-21,50-64,974,0.079,885.0,0.072,,,,,,,974,0.079
2021-02-21,65 and Older,3726,0.388,4893.0,0.51,,,,,,,3726,0.388
2021-02-22,16-17,13,0.009,22.0,0.015,,,,,,,13,0.009
2021-02-22,18-49,2082,0.083,4400.0,0.174,,,,,,,2082,0.083
2021-02-22,50-64,1460,0.119,2752.0,0.224,,,,,,,1460,0.119
2021-02-22,65 and Older,4531,0.472,7630.0,0.795,,,,,,,4531,0.472
2021-02-23,16-17,36,0.024,37.0,0.025,,,,,,,36,0.024
2021-02-23,18-49,4124,0.163,3559.0,0.141,,,,,,,4124,0.163
2021-02-23,50-64,2915,0.237,2173.0,0.177,,,,,,,2915,0.237
2021-02-23,65 and Older,8356,0.871,9464.0,0.986,,,,,,,8356,0.871
2021-02-24,16-17,35,0.023,16.0,0.011,,,,,,,35,0.023
2021-02-24,18-49,4852,0.192,5894.0,0.234,,,,,,,4852,0.192
2021-02-24,50-64,3731,0.304,3590.0,0.292,,,,,,,3731,0.304
2021-02-24,65 and Older,9150,0.954,14615.0,1.523,,,,,,,9150,0.954
2021-02-25,16-17,33,0.022,33.0,0.022,,,,,,,33,0.022
2021-02-25,18-49,4830,0.191,6220.0,0.246,,,,,,,4830,0.191
2021-02-25,50-64,3552,0.289,4150.0,0.338,,,,,,,3552,0.289
2021-02-25,65 and Older,11545,1.203,15383.0,1.603,,,,,,,11545,1.203
2021-02-26,16-17,28,0.019,14.0,0.009,,,,,,,28,0.019
2021-02-26,18-49,6466,0.256,6948.0,0.275,,,,,,,6466,0.256
2021-02-26,50-64,4446,0.362,4499.0,0.366,,,,,,,4446,0.362
2021-02-26,65 and Older,15205,1.585,13801.0,1.439,,,,,,,15205,1.585
2021-02-27,16-17,47,0.031,15.0,0.01,,,,,,,47,0.031
2021-02-27,18-49,4520,0.179,2964.0,0.117,,,,,,,4520,0.179
2021-02-27,50-64,3292,0.268,1753.0,0.143,,,,,,,3292,0.268
2021-02-27,65 and Older,7857,0.819,5921.0,0.617,,,,,,,7857,0.819
2021-02-28,16-17,33,0.022,,,,,,,,,33,0.022
2021-02-28,18-49,4261,0.169,1051.0,0.042,,,,,,,4261,0.169
2021-02-28,50-64,3275,0.267,707.0,0.058,,,,,,,3275,0.267
2021-02-28,65 and Older,7807,0.814,2591.0,0.27,,,,,,,7807,0.814
2021-03-01,16-17,41,0.027,16.0,0.011,,,,,,,41,0.027
2021-03-01,18-49,6620,0.262,2275.0,0.09,,,,,,,6620,0.262
2021-03-01,50-64,5328,0.434,1510.0,0.123,,,,,,,5328,0.434
2021-03-01,65 and Older,11983,1.249,7379.0,0.769,,,,,,,11983,1.249
2021-03-02,16-17,31,0.021,7.0,0.005,,,,,,,31,0.021
2021-03-02,18-49,6036,0.239,2696.0,0.107,1.0,0.0,8733.0,0.346,2697.0,0.107,6037,0.239
2021-03-02,50-64,4777,0.389,1931.0,0.157,3.0,0.0,6711.0,0.546,1934.0,0.157,4780,0.389
2021-03-02,65 and Older,12353,1.288,8069.0,0.841,6.0,0.001,20428.0,2.129,8075.0,0.842,12359,1.288
2021-03-03,16-17,37,0.025,17.0,0.011,,,,,,,37,0.025
2021-03-03,18-49,8431,0.334,4503.0,0.178,35.0,0.001,12969.0,0.514,4538.0,0.18,8466,0.336
2021-03-03,50-64,6273,0.511,3060.0,0.249,51.0,0.004,9384.0,0.764,3111.0,0.253,6324,0.515
2021-03-03,65 and Older,14346,1.495,10121.0,1.055,37.0,0.004,24504.0,2.554,10158.0,1.059,14383,1.499
2021-03-04,16-17,27,0.018,20.0,0.013,,,,,,,27,0.018
2021-03-04,18-49,8397,0.333,3883.0,0.154,1114.0,0.044,13394.0,0.531,4997.0,0.198,9511,0.377
2021-03-04,50-64,6309,0.514,2890.0,0.235,910.0,0.074,10109.0,0.823,3800.0,0.309,7219,0.588
2021-03-04,65 and Older,15595,1.626,10679.0,1.113,1548.0,0.161,27822.0,2.9,12227.0,1.274,17143,1.787
2021-03-05,16-17,32,0.021,17.0,0.011,,,,,,,32,0.021
2021-03-05,18-49,7107,0.282,4871.0,0.193,976.0,0.039,12954.0,0.513,5847.0,0.232,8083,0.32
2021-03-05,50-64,5936,0.483,3435.0,0.28,848.0,0.069,10219.0,0.832,4283.0,0.349,6784,0.552
2021-03-05,65 and Older,15243,1.589,10166.0,1.06,2541.0,0.265,27950.0,2.913,12707.0,1.324,17784,1.854
2021-03-06,16-17,65,0.043,14.0,0.009,3.0,0.002,82.0,0.055,17.0,0.011,68,0.045
2021-03-06,18-49,5322,0.211,2439.0,0.097,2152.0,0.085,9913.0,0.393,4591.0,0.182,7474,0.296
2021-03-06,50-64,4178,0.34,1701.0,0.138,1624.0,0.132,7503.0,0.611,3325.0,0.271,5802,0.472
2021-03-06,65 and Older,7889,0.822,4410.0,0.46,2136.0,0.223,14435.0,1.505,6546.0,0.682,10025,1.045
2021-03-07,16-17,37,0.025,13.0,0.009,1.0,0.001,51.0,0.034,14.0,0.009,38,0.025
2021-03-07,18-49,3512,0.139,1330.0,0.053,2608.0,0.103,7450.0,0.295,3938.0,0.156,6120,0.243
2021-03-07,50-64,2603,0.212,779.0,0.063,1801.0,0.147,5183.0,0.422,2580.0,0.21,4404,0.359
2021-03-07,65 and Older,5738,0.598,2332.0,0.243,2140.0,0.223,10210.0,1.064,4472.0,0.466,7878,0.821
2021-03-08,16-17,79,0.053,11.0,0.007,,,,,,,79,0.053
2021-03-08,18-49,6680,0.265,2363.0,0.094,2646.0,0.105,11689.0,0.463,5009.0,0.199,9326,0.37
2021-03-08,50-64,5476,0.446,1525.0,0.124,2039.0,0.166,9040.0,0.736,3564.0,0.29,7515,0.612
2021-03-08,65 and Older,12984,1.353,4410.0,0.46,3443.0,0.359,20837.0,2.172,7853.0,0.819,16427,1.712
2021-03-09,16-17,91,0.061,20.0,0.013,1.0,0.001,112.0,0.075,21.0,0.014,92,0.061
2021-03-09,18-49,7178,0.284,3640.0,0.144,2681.0,0.106,13499.0,0.535,6321.0,0.25,9859,0.391
2021-03-09,50-64,5846,0.476,2655.0,0.216,1967.0,0.16,10468.0,0.852,4622.0,0.376,7813,0.636
2021-03-09,65 and Older,12314,1.284,8557.0,0.892,3573.0,0.372,24444.0,2.548,12130.0,1.264,15887,1.656
2021-03-10,16-17,94,0.063,11.0,0.007,,,,,,,94,0.063
2021-03-10,18-49,8235,0.326,4452.0,0.176,3047.0,0.121,15734.0,0.624,7499.0,0.297,11282,0.447
2021-03-10,50-64,6926,0.564,2918.0,0.238,2273.0,0.185,12117.0,0.987,5191.0,0.423,9199,0.749
2021-03-10,65 and Older,13608,1.418,8032.0,0.837,2536.0,0.264,24176.0,2.52,10568.0,1.102,16144,1.683
2021-03-11,16-17,120,0.08,7.0,0.005,,,,,,,120,0.08
2021-03-11,18-49,10402,0.412,3726.0,0.148,987.0,0.039,15115.0,0.599,4713.0,0.187,11389,0.451
2021-03-11,50-64,8552,0.696,2728.0,0.222,879.0,0.072,12159.0,0.99,3607.0,0.294,9431,0.768
2021-03-11,65 and Older,14098,1.469,9343.0,0.974,1708.0,0.178,25149.0,2.621,11051.0,1.152,15806,1.647
2021-03-12,16-17,124,0.083,12.0,0.008,,,,,,,124,0.083
2021-03-12,18-49,11367,0.45,4770.0,0.189,632.0,0.025,16769.0,0.665,5402.0,0.214,11999,0.476
2021-03-12,50-64,9170,0.747,2969.0,0.242,652.0,0.053,12791.0,1.041,3621.0,0.295,9822,0.8
2021-03-12,65 and Older,14927,1.556,8267.0,0.862,1082.0,0.113,24276.0,2.53,9349.0,0.974,16009,1.669
2021-03-13,16-17,148,0.099,8.0,0.005,,,,,,,148,0.099
2021-03-13,18-49,8066,0.32,2397.0,0.095,369.0,0.015,10832.0,0.429,2766.0,0.11,8435,0.334
2021-03-13,50-64,6186,0.504,1673.0,0.136,535.0,0.044,8394.0,0.683,2208.0,0.18,6721,0.547
2021-03-13,65 and Older,6865,0.716,4672.0,0.487,435.0,0.045,11972.0,1.248,5107.0,0.532,7300,0.761
2021-03-14,16-17,133,0.089,16.0,0.011,,,,,,,133,0.089
2021-03-14,18-49,6796,0.269,1519.0,0.06,309.0,0.012,8624.0,0.342,1828.0,0.072,7105,0.282
2021-03-14,50-64,4934,0.402,995.0,0.081,269.0,0.022,6198.0,0.505,1264.0,0.103,5203,0.424
2021-03-14,65 and Older,4375,0.456,2883.0,0.301,212.0,0.022,7470.0,0.779,3095.0,0.323,4587,0.478
2021-03-15,16-17,153,0.102,18.0,0.012,,,,,,,153,0.102
2021-03-15,18-49,11661,0.462,2471.0,0.098,181.0,0.007,14313.0,0.567,2652.0,0.105,11842,0.469
2021-03-15,50-64,8607,0.701,1760.0,0.143,163.0,0.013,10530.0,0.857,1923.0,0.157,8770,0.714
2021-03-15,65 and Older,8172,0.852,6123.0,0.638,187.0,0.019,14482.0,1.509,6310.0,0.658,8359,0.871
2021-03-16,16-17,203,0.136,16.0,0.011,,,,,,,203,0.136
2021-03-16,18-49,12245,0.485,3156.0,0.125,170.0,0.007,15571.0,0.617,3326.0,0.132,12415,0.492
2021-03-16,50-64,9474,0.771,2366.0,0.193,224.0,0.018,12064.0,0.982,2590.0,0.211,9698,0.79
2021-03-16,65 and Older,10685,1.114,7483.0,0.78,362.0,0.038,18530.0,1.931,7845.0,0.818,11047,1.151
2021-03-17,16-17,242,0.162,39.0,0.026,,,,,,,242,0.162
2021-03-17,18-49,13202,0.523,4075.0,0.161,476.0,0.019,17753.0,0.704,4551.0,0.18,13678,0.542
2021-03-17,50-64,10390,0.846,2894.0,0.236,381.0,0.031,13665.0,1.113,3275.0,0.267,10771,0.877
2021-03-17,65 and Older,12837,1.338,9340.0,0.974,276.0,0.029,22453.0,2.34,9616.0,1.002,13113,1.367
2021-03-18,16-17,224,0.15,29.0,0.019,,,,,,,224,0.15
2021-03-18,18-49,16106,0.638,3302.0,0.131,470.0,0.019,19878.0,0.788,3772.0,0.149,16576,0.657
2021-03-18,50-64,12377,1.008,2227.0,0.181,373.0,0.03,14977.0,1.219,2600.0,0.212,12750,1.038
2021-03-18,65 and Older,11715,1.221,6142.0,0.64,298.0,0.031,18155.0,1.892,6440.0,0.671,12013,1.252
2021-03-19,16-17,184,0.123,24.0,0.016,,,,,,,184,0.123
2021-03-19,18-49,14288,0.566,3476.0,0.138,349.0,0.014,18113.0,0.718,3825.0,0.152,14637,0.58
2021-03-19,50-64,11747,0.956,2309.0,0.188,371.0,0.03,14427.0,1.175,2680.0,0.218,12118,0.987
2021-03-19,65 and Older,10953,1.142,8939.0,0.932,276.0,0.029,20168.0,2.102,9215.0,0.961,11229,1.17
2021-03-20,16-17,236,0.158,34.0,0.023,,,,,,,236,0.158
2021-03-20,18-49,10665,0.423,2969.0,0.118,256.0,0.01,13890.0,0.55,3225.0,0.128,10921,0.433
2021-03-20,50-64,8235,0.67,1938.0,0.158,250.0,0.02,10423.0,0.849,2188.0,0.178,8485,0.691
2021-03-20,65 and Older,4892,0.51,4728.0,0.493,141.0,0.015,9761.0,1.017,4869.0,0.508,5033,0.525
2021-03-21,16-17,215,0.144,26.0,0.017,,,,,,,215,0.144
2021-03-21,18-49,8655,0.343,1978.0,0.078,122.0,0.005,10755.0,0.426,2100.0,0.083,8777,0.348
2021-03-21,50-64,6681,0.544,1413.0,0.115,111.0,0.009,8205.0,0.668,1524.0,0.124,6792,0.553
2021-03-21,65 and Older,3153,0.329,3880.0,0.404,60.0,0.006,7093.0,0.739,3940.0,0.411,3213,0.335
2021-03-22,16-17,257,0.172,30.0,0.02,,,,,,,257,0.172
2021-03-22,18-49,13521,0.536,2948.0,0.117,280.0,0.011,16749.0,0.664,3228.0,0.128,13801,0.547
2021-03-22,50-64,11692,0.952,2075.0,0.169,316.0,0.026,14083.0,1.147,2391.0,0.195,12008,0.978
2021-03-22,65 and Older,6380,0.665,5721.0,0.596,216.0,0.023,12317.0,1.284,5937.0,0.619,6596,0.688
2021-03-23,16-17,304,0.203,34.0,0.023,,,,,,,304,0.203
2021-03-23,18-49,15203,0.602,4712.0,0.187,374.0,0.015,20289.0,0.804,5086.0,0.202,15577,0.617
2021-03-23,50-64,14240,1.159,3249.0,0.265,650.0,0.053,18139.0,1.477,3899.0,0.317,14890,1.212
2021-03-23,65 and Older,7236,0.754,8500.0,0.886,470.0,0.049,16206.0,1.689,8970.0,0.935,7706,0.803
2021-03-24,16-17,304,0.203,36.0,0.024,,,,,,,304,0.203
2021-03-24,18-49,16632,0.659,5726.0,0.227,377.0,0.015,22735.0,0.901,6103.0,0.242,17009,0.674
2021-03-24,50-64,16123,1.313,4332.0,0.353,501.0,0.041,20956.0,1.706,4833.0,0.393,16624,1.354
2021-03-24,65 and Older,7252,0.756,10111.0,1.054,362.0,0.038,17725.0,1.848,10473.0,1.092,7614,0.794
2021-03-25,16-17,335,0.224,31.0,0.021,1.0,0.001,367.0,0.245,32.0,0.021,336,0.225
2021-03-25,18-49,18226,0.722,5184.0,0.205,844.0,0.033,24254.0,0.961,6028.0,0.239,19070,0.756
2021-03-25,50-64,16908,1.377,3924.0,0.319,973.0,0.079,21805.0,1.775,4897.0,0.399,17881,1.456
2021-03-25,65 and Older,6154,0.641,10723.0,1.118,531.0,0.055,17408.0,1.814,11254.0,1.173,6685,0.697
2021-03-26,16-17,240,0.16,26.0,0.017,1.0,0.001,267.0,0.178,27.0,0.018,241,0.161
2021-03-26,18-49,15292,0.606,6298.0,0.25,971.0,0.038,22561.0,0.894,7269.0,0.288,16263,0.644
2021-03-26,50-64,15157,1.234,4927.0,0.401,1017.0,0.083,21101.0,1.718,5944.0,0.484,16174,1.317
2021-03-26,65 and Older,5455,0.569,13681.0,1.426,441.0,0.046,19577.0,2.041,14122.0,1.472,5896,0.615
2021-03-27,16-17,238,0.159,60.0,0.04,,,,,,,238,0.159
2021-03-27,18-49,11757,0.466,4184.0,0.166,624.0,0.025,16565.0,0.656,4808.0,0.191,12381,0.491
2021-03-27,50-64,10451,0.851,3213.0,0.262,1431.0,0.117,15095.0,1.229,4644.0,0.378,11882,0.967
2021-03-27,65 and Older,4068,0.424,8798.0,0.917,310.0,0.032,13176.0,1.373,9108.0,0.949,4378,0.456
2021-03-28,16-17,194,0.13,28.0,0.019,2.0,0.001,224.0,0.15,30.0,0.02,196,0.131
2021-03-28,18-49,7433,0.295,3137.0,0.124,530.0,0.021,11100.0,0.44,3667.0,0.145,7963,0.316
2021-03-28,50-64,7678,0.625,2391.0,0.195,995.0,0.081,11064.0,0.901,3386.0,0.276,8673,0.706
2021-03-28,65 and Older,1604,0.167,6645.0,0.693,74.0,0.008,8323.0,0.868,6719.0,0.7,1678,0.175
2021-03-29,16-17,318,0.212,68.0,0.045,1.0,0.001,387.0,0.259,69.0,0.046,319,0.213
2021-03-29,18-49,12859,0.51,7189.0,0.285,369.0,0.015,20417.0,0.809,7558.0,0.3,13228,0.524
2021-03-29,50-64,13102,1.067,5637.0,0.459,462.0,0.038,19201.0,1.563,6099.0,0.497,13564,1.104
2021-03-29,65 and Older,3247,0.338,12412.0,1.294,263.0,0.027,15922.0,1.66,12675.0,1.321,3510,0.366
2021-03-30,16-17,506,0.338,71.0,0.047,1.0,0.001,578.0,0.386,72.0,0.048,507,0.339
2021-03-30,18-49,17563,0.696,7465.0,0.296,599.0,0.024,25627.0,1.016,8064.0,0.32,18162,0.72
2021-03-30,50-64,17098,1.392,5736.0,0.467,716.0,0.058,23550.0,1.917,6452.0,0.525,17814,1.45
2021-03-30,65 and Older,4061,0.423,14563.0,1.518,419.0,0.044,19043.0,1.985,14982.0,1.562,4480,0.467
2021-03-31,16-17,662,0.442,74.0,0.049,7.0,0.005,743.0,0.496,81.0,0.054,669,0.447
2021-03-31,18-49,18669,0.74,9172.0,0.363,2501.0,0.099,30342.0,1.202,11673.0,0.463,21170,0.839
2021-03-31,50-64,15869,1.292,7118.0,0.58,2418.0,0.197,25405.0,2.068,9536.0,0.776,18287,1.489
2021-03-31,65 and Older,5062,0.528,16900.0,1.762,745.0,0.078,22707.0,2.367,17645.0,1.839,5807,0.605
2021-04-01,16-17,545,0.364,100.0,0.067,1.0,0.001,646.0,0.432,101.0,0.067,546,0.365
2021-04-01,18-49,18432,0.73,10488.0,0.416,2260.0,0.09,31180.0,1.236,12748.0,0.505,20692,0.82
2021-04-01,50-64,17013,1.385,8144.0,0.663,2243.0,0.183,27400.0,2.231,10387.0,0.846,19256,1.568
2021-04-01,65 and Older,4151,0.433,17158.0,1.788,765.0,0.08,22074.0,2.301,17923.0,1.868,4916,0.512
2021-04-02,16-17,695,0.464,104.0,0.069,5.0,0.003,804.0,0.537,109.0,0.073,700,0.468
2021-04-02,18-49,16041,0.636,9038.0,0.358,2663.0,0.106,27742.0,1.099,11701.0,0.464,18704,0.741
2021-04-02,50-64,13509,1.1,6996.0,0.57,2173.0,0.177,22678.0,1.846,9169.0,0.747,15682,1.277
2021-04-02,65 and Older,4332,0.452,14608.0,1.523,663.0,0.069,19603.0,2.043,15271.0,1.592,4995,0.521
2021-04-03,16-17,580,0.388,112.0,0.075,8.0,0.005,700.0,0.468,120.0,0.08,588,0.393
2021-04-03,18-49,11846,0.469,6078.0,0.241,2201.0,0.087,20125.0,0.798,8279.0,0.328,14047,0.557
2021-04-03,50-64,7121,0.58,4270.0,0.348,1688.0,0.137,13079.0,1.065,5958.0,0.485,8809,0.717
2021-04-03,65 and Older,2194,0.229,7126.0,0.743,405.0,0.042,9725.0,1.014,7531.0,0.785,2599,0.271
2021-04-04,16-17,217,0.145,70.0,0.047,,,,,,,217,0.145
2021-04-04,18-49,4995,0.198,3545.0,0.14,507.0,0.02,9047.0,0.359,4052.0,0.161,5502,0.218
2021-04-04,50-64,2961,0.241,2632.0,0.214,294.0,0.024,5887.0,0.479,2926.0,0.238,3255,0.265
2021-04-04,65 and Older,797,0.083,2828.0,0.295,99.0,0.01,3724.0,0.388,2927.0,0.305,896,0.093
2021-04-05,16-17,820,0.548,113.0,0.076,3.0,0.002,936.0,0.625,116.0,0.078,823,0.55
2021-04-05,18-49,15365,0.609,8729.0,0.346,3089.0,0.122,27183.0,1.077,11818.0,0.468,18454,0.731
2021-04-05,50-64,9218,0.751,7297.0,0.594,2514.0,0.205,19029.0,1.549,9811.0,0.799,11732,0.955
2021-04-05,65 and Older,2418,0.252,11278.0,1.176,890.0,0.093,14586.0,1.52,12168.0,1.268,3308,0.345
2021-04-06,16-17,1126,0.752,127.0,0.085,2.0,0.001,1255.0,0.839,129.0,0.086,1128,0.754
2021-04-06,18-49,21295,0.844,10032.0,0.398,5368.0,0.213,36695.0,1.454,15400.0,0.61,26663,1.057
2021-04-06,50-64,13371,1.089,8261.0,0.673,3481.0,0.283,25113.0,2.045,11742.0,0.956,16852,1.372
2021-04-06,65 and Older,3354,0.35,10594.0,1.104,1351.0,0.141,15299.0,1.595,11945.0,1.245,4705,0.49
2021-04-07,16-17,1173,0.784,201.0,0.134,6.0,0.004,1380.0,0.922,207.0,0.138,1179,0.788
2021-04-07,18-49,19169,0.76,10915.0,0.433,6599.0,0.262,36683.0,1.454,17514.0,0.694,25768,1.021
2021-04-07,50-64,11746,0.956,9171.0,0.747,4355.0,0.355,25272.0,2.058,13526.0,1.101,16101,1.311
2021-04-07,65 and Older,3183,0.332,12410.0,1.294,1416.0,0.148,17009.0,1.773,13826.0,1.441,4599,0.479
2021-04-08,16-17,1172,0.783,202.0,0.135,4.0,0.003,1378.0,0.921,206.0,0.138,1176,0.786
2021-04-08,18-49,22884,0.907,12608.0,0.5,6840.0,0.271,42332.0,1.678,19448.0,0.771,29724,1.178
2021-04-08,50-64,13791,1.123,9828.0,0.8,4711.0,0.384,28330.0,2.307,14539.0,1.184,18502,1.506
2021-04-08,65 and Older,3580,0.373,12009.0,1.252,1809.0,0.189,17398.0,1.813,13818.0,1.44,5389,0.562
2021-04-09,16-17,1019,0.681,177.0,0.118,1.0,0.001,1197.0,0.8,178.0,0.119,1020,0.682
2021-04-09,18-49,19280,0.764,11992.0,0.475,7160.0,0.284,38432.0,1.523,19152.0,0.759,26440,1.048
2021-04-09,50-64,9863,0.803,9770.0,0.795,5375.0,0.438,25008.0,2.036,15145.0,1.233,15238,1.241
2021-04-09,65 and Older,2757,0.287,12966.0,1.351,1552.0,0.162,17275.0,1.801,14518.0,1.513,4309,0.449
2021-04-10,16-17,1196,0.799,244.0,0.163,,,,,,,1196,0.799
2021-04-10,18-49,12986,0.515,9403.0,0.373,3993.0,0.158,26382.0,1.046,13396.0,0.531,16979,0.673
2021-04-10,50-64,7188,0.585,7548.0,0.615,2499.0,0.203,17235.0,1.403,10047.0,0.818,9687,0.789
2021-04-10,65 and Older,1432,0.149,4932.0,0.514,711.0,0.074,7075.0,0.737,5643.0,0.588,2143,0.223
2021-04-11,16-17,976,0.652,144.0,0.096,2.0,0.001,1122.0,0.75,146.0,0.098,978,0.654
2021-04-11,18-49,10093,0.4,5530.0,0.219,6525.0,0.259,22148.0,0.878,12055.0,0.478,16618,0.659
2021-04-11,50-64,4845,0.394,4500.0,0.366,2746.0,0.224,12091.0,0.984,7246.0,0.59,7591,0.618
2021-04-11,65 and Older,924,0.096,2325.0,0.242,496.0,0.052,3745.0,0.39,2821.0,0.294,1420,0.148
2021-04-12,16-17,920,0.615,228.0,0.152,2.0,0.001,1150.0,0.768,230.0,0.154,922,0.616
2021-04-12,18-49,14357,0.569,13222.0,0.524,5713.0,0.226,33292.0,1.319,18935.0,0.75,20070,0.795
2021-04-12,50-64,6762,0.551,10465.0,0.852,3624.0,0.295,20851.0,1.698,14089.0,1.147,10386,0.846
2021-04-12,65 and Older,1800,0.188,7503.0,0.782,976.0,0.102,10279.0,1.071,8479.0,0.884,2776,0.289
2021-04-13,16-17,1740,1.163,261.0,0.174,8.0,0.005,2009.0,1.342,269.0,0.18,1748,1.168
2021-04-13,18-49,24258,0.961,13789.0,0.546,216.0,0.009,38263.0,1.516,14005.0,0.555,24474,0.97
2021-04-13,50-64,12485,1.017,10902.0,0.888,130.0,0.011,23517.0,1.915,11032.0,0.898,12615,1.027
2021-04-13,65 and Older,2699,0.281,9803.0,1.022,17.0,0.002,12519.0,1.305,9820.0,1.024,2716,0.283
2021-04-14,16-17,1918,1.282,278.0,0.186,10.0,0.007,2206.0,1.474,288.0,0.192,1928,1.288
2021-04-14,18-49,22636,0.897,13830.0,0.548,141.0,0.006,36607.0,1.451,13971.0,0.554,22777,0.903
2021-04-14,50-64,10432,0.849,11573.0,0.942,87.0,0.007,22092.0,1.799,11660.0,0.949,10519,0.856
2021-04-14,65 and Older,2512,0.262,9877.0,1.03,28.0,0.003,12417.0,1.294,9905.0,1.032,2540,0.265
2021-04-15,16-17,1356,0.906,225.0,0.15,1.0,0.001,1582.0,1.057,226.0,0.151,1357,0.907
2021-04-15,18-49,22556,0.894,13738.0,0.544,71.0,0.003,36365.0,1.441,13809.0,0.547,22627,0.897
2021-04-15,50-64,10234,0.833,12308.0,1.002,41.0,0.003,22583.0,1.839,12349.0,1.005,10275,0.837
2021-04-15,65 and Older,2461,0.257,9253.0,0.964,13.0,0.001,11727.0,1.222,9266.0,0.966,2474,0.258
2021-04-16,16-17,1409,0.942,204.0,0.136,,,,,,,1409,0.942
2021-04-16,18-49,16370,0.649,12359.0,0.49,2.0,0.0,28731.0,1.139,12361.0,0.49,16372,0.649
2021-04-16,50-64,7749,0.631,11171.0,0.91,2.0,0.0,18922.0,1.541,11173.0,0.91,7751,0.631
2021-04-16,65 and Older,2058,0.215,7333.0,0.764,1.0,0.0,9392.0,0.979,7334.0,0.764,2059,0.215
2021-04-17,16-17,1952,1.304,132.0,0.088,,,,,,,1952,1.304
2021-04-17,18-49,13316,0.528,6209.0,0.246,,,,,,,13316,0.528
2021-04-17,50-64,5227,0.426,6060.0,0.493,1.0,0.0,11288.0,0.919,6061.0,0.493,5228,0.426
2021-04-17,65 and Older,914,0.095,2862.0,0.298,,,,,,,914,0.095
