VACCINATION_DATE,AgeRange,FirstDailyDose,FirstDailyDoseCumulative,SecondDailyDose,SecondDailyDoseCumulative,SingleDailyDose,SingleDailyDoseCumulative,CombinedTotalDoses,CombinedTotalDosesCumulative,FullyVaccinated,FullyVaccinatedCumulative
2002-03-04 15:00:00,age20to29,1.0,1,,0,,0,,1,,0
2002-04-10 15:00:00,age30to39,1.0,1,,0,,0,,1,,0
2002-04-14 15:00:00,age20to29,1.0,2,,0,,0,,2,,0
2011-04-27 15:00:00,age40to49,1.0,1,,0,,0,,1,,0
2012-01-08 15:00:00,age50to59,1.0,1,,0,,0,,1,,0
2012-02-02 15:00:00,age50to59,1.0,2,,0,,0,,2,,0
2012-02-03 15:00:00,age70to79,1.0,1,,0,,0,,1,,0
2012-03-31 15:00:00,age50to59,1.0,3,,0,,0,,3,,0
2013-01-13 15:00:00,age60to69,1.0,1,,0,,0,,1,,0
2013-04-13 15:00:00,age40to49,1.0,2,,0,,0,,2,,0
2016-02-25 15:00:00,age30to39,1.0,2,,0,,0,,2,,0
2016-04-15 15:00:00,age60to69,1.0,2,,0,,0,,2,,0
2019-01-30 15:00:00,age70to79,1.0,2,,0,,0,,2,,0
2019-02-01 15:00:00,age20to29,1.0,3,,0,,0,,3,,0
2019-03-27 15:00:00,age20to29,1.0,4,,0,,0,,4,,0
2020-01-01 15:00:00,age20to29,2.0,6,,0,,0,,6,,0
2020-01-01 15:00:00,age30to39,1.0,3,,0,,0,,3,,0
2020-01-03 15:00:00,age30to39,1.0,4,,0,,0,,4,,0
2020-01-04 15:00:00,age50to59,1.0,4,,0,,0,,4,,0
2020-01-05 15:00:00,age40to49,1.0,3,,0,,0,,3,,0
2020-01-05 15:00:00,age50to59,2.0,6,,0,,0,,6,,0
2020-01-06 15:00:00,age50to59,2.0,8,,0,,0,,8,,0
2020-01-06 15:00:00,age80plus,1.0,1,,0,,0,,1,,0
2020-01-16 15:00:00,age50to59,1.0,9,,0,,0,,9,,0
2020-01-17 15:00:00,age30to39,1.0,5,,0,,0,,5,,0
2020-01-21 15:00:00,age60to69,1.0,3,,0,,0,,3,,0
2020-01-22 15:00:00,age30to39,2.0,7,,0,,0,,7,,0
2020-01-23 15:00:00,age70to79,1.0,3,,0,,0,,3,,0
2020-01-27 15:00:00,age40to49,1.0,4,,0,,0,,4,,0
2020-01-27 15:00:00,age70to79,1.0,4,,0,,0,,4,,0
2020-01-30 15:00:00,age20to29,,6,1.0,1,,0,,7,,1
2020-01-30 15:00:00,age40to49,1.0,5,,0,,0,,5,,0
2020-01-31 15:00:00,age30to39,1.0,8,,0,,0,,8,,0
2020-01-31 15:00:00,age60to69,1.0,4,,0,,0,,4,,0
2020-01-31 15:00:00,age70to79,1.0,5,,0,,0,,5,,0
2020-02-01 15:00:00,age50to59,1.0,10,,0,,0,,10,,0
2020-02-01 15:00:00,age60to69,2.0,6,,0,,0,,6,,0
2020-02-01 15:00:00,age70to79,1.0,6,,0,,0,,6,,0
2020-02-01 15:00:00,age80plus,1.0,2,,0,,0,,2,,0
2020-02-02 15:00:00,age40to49,,5,1.0,1,,0,,6,,1
2020-02-03 15:00:00,age20to29,1.0,7,,1,,0,,8,,1
2020-02-03 15:00:00,age40to49,1.0,6,,1,,0,,7,,1
2020-02-03 15:00:00,age60to69,1.0,7,,0,,0,,7,,0
2020-02-04 15:00:00,age30to39,,8,1.0,1,,0,,9,,1
2020-02-06 15:00:00,age20to29,1.0,8,,1,,0,,9,,1
2020-02-07 15:00:00,age80plus,1.0,3,,0,,0,,3,,0
2020-02-13 15:00:00,age50to59,1.0,11,,0,,0,,11,,0
2020-02-15 15:00:00,age70to79,1.0,7,,0,,0,,7,,0
2020-02-16 15:00:00,age60to69,1.0,8,,0,,0,,8,,0
2020-02-18 15:00:00,age80plus,1.0,4,,0,,0,,4,,0
2020-02-19 15:00:00,age70to79,,7,1.0,1,,0,,8,,1
2020-02-21 15:00:00,age50to59,,11,1.0,1,,0,,12,,1
2020-02-22 15:00:00,age60to69,,8,1.0,1,,0,,9,,1
2020-02-23 15:00:00,age20to29,1.0,9,,1,,0,,10,,1
2020-02-24 15:00:00,age60to69,1.0,9,,1,,0,,10,,1
2020-02-24 15:00:00,age70to79,1.0,8,,1,,0,,9,,1
2020-03-01 15:00:00,age30to39,1.0,9,,1,,0,,10,,1
2020-03-01 15:00:00,age60to69,1.0,10,,1,,0,,11,,1
2020-03-08 15:00:00,age70to79,1.0,9,,1,,0,,10,,1
2020-03-11 15:00:00,age10to19,1.0,1,,0,,0,,1,,0
2020-03-11 15:00:00,age60to69,1.0,11,,1,,0,,12,,1
2020-03-13 15:00:00,age40to49,1.0,7,,1,,0,,8,,1
2020-03-29 15:00:00,age30to39,1.0,10,,1,,0,,11,,1
2020-04-01 15:00:00,age10to19,1.0,2,,0,,0,,2,,0
2020-04-01 15:00:00,age50to59,1.0,12,,1,,0,,13,,1
2020-04-01 15:00:00,age70to79,1.0,10,,1,,0,,11,,1
2020-04-14 15:00:00,age40to49,1.0,8,,1,,0,,9,,1
2020-04-15 15:00:00,age40to49,1.0,9,,1,,0,,10,,1
2020-04-17 15:00:00,age20to29,1.0,10,,1,,0,,11,,1
2020-04-22 15:00:00,age40to49,,9,1.0,2,,0,,11,,2
2020-04-24 15:00:00,age30to39,1.0,11,,1,,0,,12,,1
2020-04-27 15:00:00,age20to29,1.0,11,,1,,0,,12,,1
2020-05-01 15:00:00,age50to59,,12,1.0,2,,0,,14,,2
2020-08-04 15:00:00,age60to69,2.0,13,,1,,0,,14,,1
2020-08-10 15:00:00,age70to79,1.0,11,,1,,0,,12,,1
2020-08-11 15:00:00,age50to59,1.0,13,,2,,0,,15,,2
2020-08-14 15:00:00,age30to39,1.0,12,,1,,0,,13,,1
2020-08-14 15:00:00,age60to69,1.0,14,,1,,0,,15,,1
2020-08-19 15:00:00,age30to39,1.0,13,,1,,0,,14,,1
2020-08-21 15:00:00,age40to49,1.0,10,,2,,0,,12,,2
2020-08-21 15:00:00,age50to59,1.0,14,,2,,0,,16,,2
2020-08-25 15:00:00,age30to39,1.0,14,,1,,0,,15,,1
2020-08-27 15:00:00,age50to59,1.0,15,,2,,0,,17,,2
2020-08-28 15:00:00,age70to79,1.0,12,,1,,0,,13,,1
2020-08-29 15:00:00,age50to59,1.0,16,,2,,0,,18,,2
2020-08-30 15:00:00,age70to79,1.0,13,,1,,0,,14,,1
2020-08-31 15:00:00,age70to79,,13,1.0,2,,0,,15,,2
2020-08-31 15:00:00,age80plus,1.0,5,,0,,0,,5,,0
2020-09-01 15:00:00,age30to39,2.0,16,,1,,0,,17,,1
2020-09-01 15:00:00,age50to59,1.0,17,,2,,0,,19,,2
2020-09-03 15:00:00,age40to49,1.0,11,,2,,0,,13,,2
2020-09-04 15:00:00,age40to49,1.0,12,,2,,0,,14,,2
2020-09-04 15:00:00,age60to69,1.0,15,,1,,0,,16,,1
2020-09-05 15:00:00,age50to59,1.0,18,,2,,0,,20,,2
2020-09-08 15:00:00,age20to29,1.0,12,,1,,0,,13,,1
2020-09-08 15:00:00,age60to69,1.0,16,1.0,2,,0,,18,,2
2020-09-13 15:00:00,age60to69,1.0,17,,2,,0,,19,,2
2020-09-15 15:00:00,age30to39,1.0,17,1.0,2,,0,,19,,2
2020-09-15 15:00:00,age60to69,,17,2.0,4,,0,,21,,4
2020-09-16 15:00:00,age30to39,,17,1.0,3,,0,,20,,3
2020-09-18 15:00:00,age30to39,,17,1.0,4,,0,,21,,4
2020-09-18 15:00:00,age50to59,,18,1.0,3,,0,,21,,3
2020-09-18 15:00:00,age70to79,,13,1.0,3,,0,,16,,3
2020-09-19 15:00:00,age50to59,2.0,20,,3,,0,,23,,3
2020-09-20 15:00:00,age70to79,1.0,14,1.0,4,,0,,18,,4
2020-09-21 15:00:00,age60to69,1.0,18,,4,,0,,22,,4
2020-09-22 15:00:00,age50to59,1.0,21,,3,,0,,24,,3
2020-09-23 15:00:00,age40to49,,12,1.0,3,,0,,15,,3
2020-09-24 15:00:00,age30to39,1.0,18,,4,,0,,22,,4
2020-09-24 15:00:00,age50to59,,21,1.0,4,,0,,25,,4
2020-09-26 15:00:00,age50to59,,21,1.0,5,,0,,26,,5
2020-09-28 15:00:00,age60to69,,18,1.0,5,,0,,23,,5
2020-09-29 15:00:00,age60to69,1.0,19,,5,,0,,24,,5
2020-09-29 15:00:00,age80plus,,5,1.0,1,,0,,6,,1
2020-10-01 15:00:00,age30to39,,18,2.0,6,,0,,24,,6
2020-10-01 15:00:00,age50to59,1.0,22,,5,,0,,27,,5
2020-10-01 15:00:00,age60to69,,19,1.0,6,,0,,25,,6
2020-10-02 15:00:00,age40to49,1.0,13,,3,,0,,16,,3
2020-10-02 15:00:00,age50to59,1.0,23,,5,,0,,28,,5
2020-10-03 15:00:00,age60to69,,19,1.0,7,,0,,26,,7
2020-10-05 15:00:00,age40to49,1.0,14,,3,,0,,17,,3
2020-10-06 15:00:00,age20to29,,12,1.0,2,,0,,14,,2
2020-10-06 15:00:00,age50to59,,23,1.0,6,,0,,29,,6
2020-10-07 15:00:00,age40to49,,14,1.0,4,,0,,18,,4
2020-10-07 15:00:00,age50to59,1.0,24,,6,,0,,30,,6
2020-10-08 15:00:00,age60to69,1.0,20,,7,,0,,27,,7
2020-10-08 15:00:00,age70to79,1.0,15,,4,,0,,19,,4
2020-10-13 15:00:00,age50to59,1.0,25,,6,,0,,31,,6
2020-10-15 15:00:00,age70to79,1.0,16,,4,,0,,20,,4
2020-10-16 15:00:00,age30to39,,18,1.0,7,,0,,25,,7
2020-10-16 15:00:00,age50to59,1.0,26,,6,,0,,32,,6
2020-10-17 15:00:00,age50to59,,26,1.0,7,,0,,33,,7
2020-10-17 15:00:00,age80plus,1.0,6,,1,,0,,7,,1
2020-10-20 15:00:00,age50to59,1.0,27,,7,,0,,34,,7
2020-10-20 15:00:00,age60to69,,20,1.0,8,,0,,28,,8
2020-10-20 15:00:00,age70to79,,16,1.0,5,,0,,21,,5
2020-10-21 15:00:00,age50to59,1.0,28,,7,,0,,35,,7
2020-10-23 15:00:00,age40to49,1.0,15,,4,,0,,19,,4
2020-10-24 15:00:00,age50to59,,28,1.0,8,,0,,36,,8
2020-10-25 15:00:00,age30to39,1.0,19,,7,,0,,26,,7
2020-10-26 15:00:00,age50to59,,28,1.0,9,,0,,37,,9
2020-11-01 15:00:00,age50to59,1.0,29,,9,,0,,38,,9
2020-11-02 15:00:00,age70to79,1.0,17,,5,,0,,22,,5
2020-11-05 15:00:00,age50to59,,29,2.0,11,,0,,40,,11
2020-11-05 15:00:00,age70to79,,17,1.0,6,,0,,23,,6
2020-11-06 15:00:00,age20to29,1.0,13,,2,,0,,15,,2
2020-11-06 15:00:00,age60to69,1.0,21,,8,,0,,29,,8
2020-11-07 15:00:00,age40to49,1.0,16,,4,,0,,20,,4
2020-11-11 15:00:00,age50to59,,29,1.0,12,,0,,41,,12
2020-11-12 15:00:00,age50to59,,29,1.0,13,,0,,42,,13
2020-11-17 15:00:00,age50to59,,29,1.0,14,,0,,43,,14
2020-11-18 15:00:00,age70to79,1.0,18,,6,,0,,24,,6
2020-11-23 15:00:00,age40to49,,16,1.0,5,,0,,21,,5
2020-12-01 15:00:00,age20to29,1.0,14,,2,,0,,16,,2
2020-12-01 15:00:00,age30to39,4.0,23,,7,,0,,30,,7
2020-12-01 15:00:00,age40to49,3.0,19,1.0,6,,0,,25,,6
2020-12-01 15:00:00,age50to59,8.0,37,,14,,0,,51,,14
2020-12-01 15:00:00,age60to69,4.0,25,1.0,9,,0,,34,,9
2020-12-02 15:00:00,age50to59,2.0,39,,14,,0,,53,,14
2020-12-03 15:00:00,age30to39,2.0,25,,7,,0,,32,,7
2020-12-03 15:00:00,age70to79,1.0,19,,6,,0,,25,,6
2020-12-04 15:00:00,age30to39,1.0,26,,7,,0,,33,,7
2020-12-04 15:00:00,age50to59,1.0,40,,14,,0,,54,,14
2020-12-04 15:00:00,age60to69,,25,1.0,10,,0,,35,,10
2020-12-07 15:00:00,age40to49,1.0,20,,6,,0,,26,,6
2020-12-08 15:00:00,age40to49,2.0,22,,6,,0,,28,,6
2020-12-08 15:00:00,age50to59,1.0,41,1.0,15,,0,,56,,15
2020-12-09 15:00:00,age60to69,1.0,26,,10,,0,,36,,10
2020-12-10 15:00:00,age30to39,1.0,27,,7,,0,,34,,7
2020-12-10 15:00:00,age50to59,1.0,42,,15,,0,,57,,15
2020-12-10 15:00:00,age60to69,1.0,27,,10,,0,,37,,10
2020-12-11 15:00:00,age50to59,3.0,45,,15,,0,,60,,15
2020-12-14 15:00:00,age40to49,1.0,23,,6,,0,,29,,6
2020-12-14 15:00:00,age50to59,1.0,46,,15,,0,,61,,15
2020-12-14 15:00:00,age60to69,1.0,28,,10,,0,,38,,10
2020-12-15 15:00:00,age20to29,1.0,15,,2,,0,,17,,2
2020-12-15 15:00:00,age30to39,4.0,31,,7,,0,,38,,7
2020-12-15 15:00:00,age40to49,1.0,24,,6,,0,,30,,6
2020-12-15 15:00:00,age50to59,5.0,51,,15,,0,,66,,15
2020-12-15 15:00:00,age60to69,1.0,29,,10,,0,,39,,10
2020-12-16 15:00:00,age20to29,101.0,116,,2,,0,,118,,2
2020-12-16 15:00:00,age30to39,184.0,215,,7,,0,,222,,7
2020-12-16 15:00:00,age40to49,123.0,147,,6,,0,,153,,6
2020-12-16 15:00:00,age50to59,71.0,122,,15,,0,,137,,15
2020-12-16 15:00:00,age60to69,58.0,87,,10,,0,,97,,10
2020-12-16 15:00:00,age70to79,8.0,27,1.0,7,,0,,34,,7
2020-12-17 15:00:00,age20to29,182.0,298,,2,,0,,300,,2
2020-12-17 15:00:00,age30to39,302.0,517,,7,,0,,524,,7
2020-12-17 15:00:00,age40to49,235.0,382,,6,,0,,388,,6
2020-12-17 15:00:00,age50to59,201.0,323,,15,,0,,338,,15
2020-12-17 15:00:00,age60to69,116.0,203,,10,,0,,213,,10
2020-12-17 15:00:00,age70to79,13.0,40,,7,,0,,47,,7
2020-12-17 15:00:00,age80plus,1.0,7,,1,,0,,8,,1
2020-12-18 15:00:00,age10to19,2.0,4,,0,,0,,4,,0
2020-12-18 15:00:00,age20to29,369.0,667,,2,,0,,669,,2
2020-12-18 15:00:00,age30to39,760.0,1277,,7,,0,,1284,,7
2020-12-18 15:00:00,age40to49,676.0,1058,,6,,0,,1064,,6
2020-12-18 15:00:00,age50to59,607.0,930,1.0,16,,0,,946,,16
2020-12-18 15:00:00,age60to69,403.0,606,,10,,0,,616,,10
2020-12-18 15:00:00,age70to79,48.0,88,,7,,0,,95,,7
2020-12-19 15:00:00,age20to29,102.0,769,,2,,0,,771,,2
2020-12-19 15:00:00,age30to39,222.0,1499,,7,,0,,1506,,7
2020-12-19 15:00:00,age40to49,202.0,1260,1.0,7,,0,,1267,,7
2020-12-19 15:00:00,age50to59,187.0,1117,,16,,0,,1133,,16
2020-12-19 15:00:00,age60to69,124.0,730,,10,,0,,740,,10
2020-12-19 15:00:00,age70to79,11.0,99,,7,,0,,106,,7
2020-12-19 15:00:00,age80plus,1.0,8,,1,,0,,9,,1
2020-12-20 15:00:00,age10to19,2.0,6,,0,,0,,6,,0
2020-12-20 15:00:00,age20to29,42.0,811,,2,,0,,813,,2
2020-12-20 15:00:00,age30to39,79.0,1578,,7,,0,,1585,,7
2020-12-20 15:00:00,age40to49,73.0,1333,,7,,0,,1340,,7
2020-12-20 15:00:00,age50to59,48.0,1165,,16,,0,,1181,,16
2020-12-20 15:00:00,age60to69,31.0,761,,10,,0,,771,,10
2020-12-20 15:00:00,age70to79,7.0,106,,7,,0,,113,,7
2020-12-21 15:00:00,age10to19,6.0,12,,0,,0,,12,,0
2020-12-21 15:00:00,age20to29,488.0,1299,1.0,3,,0,,1302,,3
2020-12-21 15:00:00,age30to39,1085.0,2663,,7,,0,,2670,,7
2020-12-21 15:00:00,age40to49,878.0,2211,,7,,0,,2218,,7
2020-12-21 15:00:00,age50to59,751.0,1916,,16,,0,,1932,,16
2020-12-21 15:00:00,age60to69,458.0,1219,,10,,0,,1229,,10
2020-12-21 15:00:00,age70to79,53.0,159,,7,,0,,166,,7
2020-12-21 15:00:00,age80plus,2.0,10,,1,,0,,11,,1
2020-12-22 15:00:00,age10to19,28.0,40,,0,,0,,40,,0
2020-12-22 15:00:00,age20to29,658.0,1957,,3,,0,,1960,,3
2020-12-22 15:00:00,age30to39,1249.0,3912,1.0,8,,0,,3920,,8
2020-12-22 15:00:00,age40to49,1187.0,3398,,7,,0,,3405,,7
2020-12-22 15:00:00,age50to59,1237.0,3153,,16,,0,,3169,,16
2020-12-22 15:00:00,age60to69,888.0,2107,,10,,0,,2117,,10
2020-12-22 15:00:00,age70to79,318.0,477,,7,,0,,484,,7
2020-12-22 15:00:00,age80plus,616.0,626,,1,,0,,627,,1
2020-12-23 15:00:00,age10to19,8.0,48,,0,,0,,48,,0
2020-12-23 15:00:00,age20to29,668.0,2625,,3,,0,,2628,,3
2020-12-23 15:00:00,age30to39,1233.0,5145,2.0,10,,0,,5155,,10
2020-12-23 15:00:00,age40to49,1185.0,4583,,7,,0,,4590,,7
2020-12-23 15:00:00,age50to59,1171.0,4324,2.0,18,,0,,4342,,18
2020-12-23 15:00:00,age60to69,849.0,2956,1.0,11,,0,,2967,,11
2020-12-23 15:00:00,age70to79,170.0,647,,7,,0,,654,,7
2020-12-23 15:00:00,age80plus,183.0,809,,1,,0,,810,,1
2020-12-24 15:00:00,age10to19,4.0,52,,0,,0,,52,,0
2020-12-24 15:00:00,age20to29,349.0,2974,,3,,0,,2977,,3
2020-12-24 15:00:00,age30to39,622.0,5767,1.0,11,,0,,5778,,11
2020-12-24 15:00:00,age40to49,579.0,5162,,7,,0,,5169,,7
2020-12-24 15:00:00,age50to59,583.0,4907,2.0,20,,0,,4927,,20
2020-12-24 15:00:00,age60to69,424.0,3380,,11,,0,,3391,,11
2020-12-24 15:00:00,age70to79,68.0,715,,7,,0,,722,,7
2020-12-24 15:00:00,age80plus,9.0,818,,1,,0,,819,,1
2020-12-25 15:00:00,age10to19,26.0,78,,0,,0,,78,,0
2020-12-25 15:00:00,age20to29,70.0,3044,,3,,0,,3047,,3
2020-12-25 15:00:00,age30to39,79.0,5846,,11,,0,,5857,,11
2020-12-25 15:00:00,age40to49,127.0,5289,,7,,0,,5296,,7
2020-12-25 15:00:00,age50to59,223.0,5130,,20,,0,,5150,,20
2020-12-25 15:00:00,age60to69,188.0,3568,1.0,12,,0,,3580,,12
2020-12-25 15:00:00,age70to79,78.0,793,,7,,0,,800,,7
2020-12-25 15:00:00,age80plus,239.0,1057,,1,,0,,1058,,1
2020-12-26 15:00:00,age10to19,10.0,88,,0,,0,,88,,0
2020-12-26 15:00:00,age20to29,133.0,3177,,3,,0,,3180,,3
2020-12-26 15:00:00,age30to39,237.0,6083,1.0,12,,0,,6095,,12
2020-12-26 15:00:00,age40to49,262.0,5551,,7,,0,,5558,,7
2020-12-26 15:00:00,age50to59,381.0,5511,1.0,21,,0,,5532,,21
2020-12-26 15:00:00,age60to69,310.0,3878,,12,,0,,3890,,12
2020-12-26 15:00:00,age70to79,153.0,946,1.0,8,,0,,954,,8
2020-12-26 15:00:00,age80plus,165.0,1222,,1,,0,,1223,,1
2020-12-27 15:00:00,age10to19,4.0,92,,0,,0,,92,,0
2020-12-27 15:00:00,age20to29,141.0,3318,1.0,4,,0,,3322,,4
2020-12-27 15:00:00,age30to39,281.0,6364,1.0,13,,0,,6377,,13
2020-12-27 15:00:00,age40to49,311.0,5862,1.0,8,,0,,5870,,8
2020-12-27 15:00:00,age50to59,338.0,5849,1.0,22,,0,,5871,,22
2020-12-27 15:00:00,age60to69,308.0,4186,,12,,0,,4198,,12
2020-12-27 15:00:00,age70to79,151.0,1097,,8,,0,,1105,,8
2020-12-27 15:00:00,age80plus,231.0,1453,,1,,0,,1454,,1
2020-12-28 15:00:00,age10to19,12.0,104,,0,,0,,104,,0
2020-12-28 15:00:00,age20to29,1158.0,4476,,4,,0,,4480,,4
2020-12-28 15:00:00,age30to39,1941.0,8305,3.0,16,,0,,8321,,16
2020-12-28 15:00:00,age40to49,1722.0,7584,1.0,9,,0,,7593,,9
2020-12-28 15:00:00,age50to59,1833.0,7682,1.0,23,,0,,7705,,23
2020-12-28 15:00:00,age60to69,1315.0,5501,1.0,13,,0,,5514,,13
2020-12-28 15:00:00,age70to79,351.0,1448,1.0,9,,0,,1457,,9
2020-12-28 15:00:00,age80plus,275.0,1728,1.0,2,,0,,1730,,2
2020-12-29 15:00:00,age10to19,27.0,131,,0,,0,,131,,0
2020-12-29 15:00:00,age20to29,1324.0,5800,,4,,0,,5804,,4
2020-12-29 15:00:00,age30to39,2126.0,10431,3.0,19,,0,,10450,,19
2020-12-29 15:00:00,age40to49,2015.0,9599,,9,,0,,9608,,9
2020-12-29 15:00:00,age50to59,2242.0,9924,2.0,25,,0,,9949,,25
2020-12-29 15:00:00,age60to69,1720.0,7221,1.0,14,,0,,7235,,14
2020-12-29 15:00:00,age70to79,568.0,2016,,9,,0,,2025,,9
2020-12-29 15:00:00,age80plus,302.0,2030,,2,,0,,2032,,2
2020-12-30 15:00:00,age10to19,62.0,193,,0,,0,,193,,0
2020-12-30 15:00:00,age20to29,1767.0,7567,4.0,8,,0,,7575,,8
2020-12-30 15:00:00,age30to39,2637.0,13068,1.0,20,,0,,13088,,20
2020-12-30 15:00:00,age40to49,2535.0,12134,2.0,11,,0,,12145,,11
2020-12-30 15:00:00,age50to59,2707.0,12631,1.0,26,,0,,12657,,26
2020-12-30 15:00:00,age60to69,1851.0,9072,1.0,15,,0,,9087,,15
2020-12-30 15:00:00,age70to79,449.0,2465,,9,,0,,2474,,9
2020-12-30 15:00:00,age80plus,160.0,2190,,2,,0,,2192,,2
2020-12-31 15:00:00,age10to19,50.0,243,,0,,0,,243,,0
2020-12-31 15:00:00,age20to29,1082.0,8649,1.0,9,,0,,8658,,9
2020-12-31 15:00:00,age30to39,1601.0,14669,1.0,21,,0,,14690,,21
2020-12-31 15:00:00,age40to49,1473.0,13607,1.0,12,,0,,13619,,12
2020-12-31 15:00:00,age50to59,1546.0,14177,1.0,27,,0,,14204,,27
2020-12-31 15:00:00,age60to69,1165.0,10237,4.0,19,,0,,10256,,19
2020-12-31 15:00:00,age70to79,317.0,2782,1.0,10,,0,,2792,,10
2020-12-31 15:00:00,age80plus,75.0,2265,,2,,0,,2267,,2
2021-01-01 15:00:00,age10to19,5.0,248,,0,,0,,248,,0
2021-01-01 15:00:00,age20to29,98.0,8747,3.0,12,,0,,8759,,12
2021-01-01 15:00:00,age30to39,169.0,14838,4.0,25,,0,,14863,,25
2021-01-01 15:00:00,age40to49,221.0,13828,4.0,16,,0,,13844,,16
2021-01-01 15:00:00,age50to59,269.0,14446,7.0,34,,0,,14480,,34
2021-01-01 15:00:00,age60to69,243.0,10480,2.0,21,,0,,10501,,21
2021-01-01 15:00:00,age70to79,177.0,2959,1.0,11,,0,,2970,,11
2021-01-01 15:00:00,age80plus,374.0,2639,,2,,0,,2641,,2
2021-01-02 15:00:00,age10to19,10.0,258,,0,,0,,258,,0
2021-01-02 15:00:00,age20to29,423.0,9170,6.0,18,,0,,9188,,18
2021-01-02 15:00:00,age30to39,477.0,15315,7.0,32,,0,,15347,,32
2021-01-02 15:00:00,age40to49,394.0,14222,4.0,20,,0,,14242,,20
2021-01-02 15:00:00,age50to59,409.0,14855,2.0,36,,0,,14891,,36
2021-01-02 15:00:00,age60to69,389.0,10869,3.0,24,,0,,10893,,24
2021-01-02 15:00:00,age70to79,183.0,3142,,11,,0,,3153,,11
2021-01-02 15:00:00,age80plus,311.0,2950,1.0,3,,0,,2953,,3
2021-01-03 15:00:00,age10to19,12.0,270,,0,,0,,270,,0
2021-01-03 15:00:00,age20to29,488.0,9658,17.0,35,,0,,9693,,35
2021-01-03 15:00:00,age30to39,509.0,15824,28.0,60,,0,,15884,,60
2021-01-03 15:00:00,age40to49,504.0,14726,8.0,28,,0,,14754,,28
2021-01-03 15:00:00,age50to59,627.0,15482,8.0,44,,0,,15526,,44
2021-01-03 15:00:00,age60to69,500.0,11369,3.0,27,,0,,11396,,27
2021-01-03 15:00:00,age70to79,248.0,3390,2.0,13,,0,,3403,,13
2021-01-03 15:00:00,age80plus,274.0,3224,,3,,0,,3227,,3
2021-01-04 15:00:00,age10to19,86.0,356,2.0,2,,0,,358,,2
2021-01-04 15:00:00,age20to29,1687.0,11345,53.0,88,,0,,11433,,88
2021-01-04 15:00:00,age30to39,2359.0,18183,72.0,132,,0,,18315,,132
2021-01-04 15:00:00,age40to49,2408.0,17134,50.0,78,,0,,17212,,78
2021-01-04 15:00:00,age50to59,2690.0,18172,41.0,85,,0,,18257,,85
2021-01-04 15:00:00,age60to69,2171.0,13540,26.0,53,,0,,13593,,53
2021-01-04 15:00:00,age70to79,722.0,4112,3.0,16,,0,,4128,,16
2021-01-04 15:00:00,age80plus,700.0,3924,1.0,4,,0,,3928,,4
2021-01-05 15:00:00,age10to19,58.0,414,,2,,0,,416,,2
2021-01-05 15:00:00,age20to29,1473.0,12818,74.0,162,,0,,12980,,162
2021-01-05 15:00:00,age30to39,2210.0,20393,108.0,240,,0,,20633,,240
2021-01-05 15:00:00,age40to49,2178.0,19312,106.0,184,,0,,19496,,184
2021-01-05 15:00:00,age50to59,2472.0,20644,92.0,177,,0,,20821,,177
2021-01-05 15:00:00,age60to69,1889.0,15429,47.0,100,,0,,15529,,100
2021-01-05 15:00:00,age70to79,730.0,4842,9.0,25,,0,,4867,,25
2021-01-05 15:00:00,age80plus,678.0,4602,2.0,6,,0,,4608,,6
2021-01-06 15:00:00,age10to19,74.0,488,,2,,0,,490,,2
2021-01-06 15:00:00,age20to29,1745.0,14563,139.0,301,,0,,14864,,301
2021-01-06 15:00:00,age30to39,2728.0,23121,230.0,470,,0,,23591,,470
2021-01-06 15:00:00,age40to49,2781.0,22093,173.0,357,,0,,22450,,357
2021-01-06 15:00:00,age50to59,3244.0,23888,129.0,306,,0,,24194,,306
2021-01-06 15:00:00,age60to69,2314.0,17743,91.0,191,,0,,17934,,191
2021-01-06 15:00:00,age70to79,860.0,5702,8.0,33,,0,,5735,,33
2021-01-06 15:00:00,age80plus,589.0,5191,,6,,0,,5197,,6
2021-01-07 15:00:00,age10to19,83.0,571,1.0,3,,0,,574,,3
2021-01-07 15:00:00,age20to29,1951.0,16514,201.0,502,,0,,17016,,502
2021-01-07 15:00:00,age30to39,2957.0,26078,470.0,940,,0,,27018,,940
2021-01-07 15:00:00,age40to49,2858.0,24951,383.0,740,,0,,25691,,740
2021-01-07 15:00:00,age50to59,3193.0,27081,309.0,615,,0,,27696,,615
2021-01-07 15:00:00,age60to69,2327.0,20070,195.0,386,,0,,20456,,386
2021-01-07 15:00:00,age70to79,777.0,6479,28.0,61,,0,,6540,,61
2021-01-07 15:00:00,age80plus,465.0,5656,2.0,8,,0,,5664,,8
2021-01-08 15:00:00,age10to19,140.0,711,1.0,4,,0,,715,,4
2021-01-08 15:00:00,age20to29,2073.0,18587,317.0,819,,0,,19406,,819
2021-01-08 15:00:00,age30to39,3037.0,29115,655.0,1595,,0,,30710,,1595
2021-01-08 15:00:00,age40to49,2895.0,27846,623.0,1363,,0,,29209,,1363
2021-01-08 15:00:00,age50to59,3307.0,30388,525.0,1140,,0,,31528,,1140
2021-01-08 15:00:00,age60to69,2471.0,22541,393.0,779,,0,,23320,,779
2021-01-08 15:00:00,age70to79,988.0,7467,41.0,102,,0,,7569,,102
2021-01-08 15:00:00,age80plus,531.0,6187,1.0,9,,0,,6196,,9
2021-01-08 15:00:00,Unknown,8000.0,8000,,0,,0,,8000,,0
2021-01-09 15:00:00,age10to19,30.0,741,1.0,5,,0,,746,,5
2021-01-09 15:00:00,age20to29,653.0,19240,145.0,964,,0,,20204,,964
2021-01-09 15:00:00,age30to39,860.0,29975,245.0,1840,,0,,31815,,1840
2021-01-09 15:00:00,age40to49,813.0,28659,169.0,1532,,0,,30191,,1532
2021-01-09 15:00:00,age50to59,954.0,31342,171.0,1311,,0,,32653,,1311
2021-01-09 15:00:00,age60to69,682.0,23223,124.0,903,,0,,24126,,903
2021-01-09 15:00:00,age70to79,325.0,7792,13.0,115,,0,,7907,,115
2021-01-09 15:00:00,age80plus,479.0,6666,1.0,10,,0,,6676,,10
2021-01-10 15:00:00,age10to19,28.0,769,,5,,0,,774,,5
2021-01-10 15:00:00,age20to29,291.0,19531,62.0,1026,,0,,20557,,1026
2021-01-10 15:00:00,age30to39,436.0,30411,102.0,1942,,0,,32353,,1942
2021-01-10 15:00:00,age40to49,453.0,29112,72.0,1604,,0,,30716,,1604
2021-01-10 15:00:00,age50to59,544.0,31886,56.0,1367,,0,,33253,,1367
2021-01-10 15:00:00,age60to69,373.0,23596,36.0,939,,0,,24535,,939
2021-01-10 15:00:00,age70to79,190.0,7982,1.0,116,,0,,8098,,116
2021-01-10 15:00:00,age80plus,251.0,6917,,10,,0,,6927,,10
2021-01-11 15:00:00,age10to19,93.0,862,5.0,10,,0,,872,,10
2021-01-11 15:00:00,age20to29,1551.0,21082,425.0,1451,,0,,22533,,1451
2021-01-11 15:00:00,age30to39,2401.0,32812,896.0,2838,,0,,35650,,2838
2021-01-11 15:00:00,age40to49,2404.0,31516,752.0,2356,,0,,33872,,2356
2021-01-11 15:00:00,age50to59,2653.0,34539,685.0,2052,,0,,36591,,2052
2021-01-11 15:00:00,age60to69,2245.0,25841,394.0,1333,,0,,27174,,1333
2021-01-11 15:00:00,age70to79,1125.0,9107,67.0,183,,0,,9290,,183
2021-01-11 15:00:00,age80plus,816.0,7733,28.0,38,,0,,7771,,38
2021-01-12 15:00:00,age10to19,107.0,969,24.0,34,,0,,1003,,34
2021-01-12 15:00:00,age20to29,1874.0,22956,575.0,2026,,0,,24982,,2026
2021-01-12 15:00:00,age30to39,2998.0,35810,1081.0,3919,,0,,39729,,3919
2021-01-12 15:00:00,age40to49,2960.0,34476,1038.0,3394,,0,,37870,,3394
2021-01-12 15:00:00,age50to59,3212.0,37751,1114.0,3166,,0,,40917,,3166
2021-01-12 15:00:00,age60to69,2498.0,28339,783.0,2116,,0,,30455,,2116
2021-01-12 15:00:00,age70to79,1435.0,10542,243.0,426,,0,,10968,,426
2021-01-12 15:00:00,age80plus,1567.0,9300,455.0,493,,0,,9793,,493
2021-01-13 15:00:00,age10to19,143.0,1112,2.0,36,,0,,1148,,36
2021-01-13 15:00:00,age20to29,2311.0,25267,407.0,2433,,0,,27700,,2433
2021-01-13 15:00:00,age30to39,3339.0,39149,826.0,4745,,0,,43894,,4745
2021-01-13 15:00:00,age40to49,3462.0,37938,763.0,4157,,0,,42095,,4157
2021-01-13 15:00:00,age50to59,3779.0,41530,760.0,3926,,0,,45456,,3926
2021-01-13 15:00:00,age60to69,2742.0,31081,569.0,2685,,0,,33766,,2685
2021-01-13 15:00:00,age70to79,1356.0,11898,128.0,554,,0,,12452,,554
2021-01-13 15:00:00,age80plus,712.0,10012,176.0,669,,0,,10681,,669
2021-01-14 15:00:00,age10to19,127.0,1239,1.0,37,,0,,1276,,37
2021-01-14 15:00:00,age20to29,2146.0,27413,255.0,2688,,0,,30101,,2688
2021-01-14 15:00:00,age30to39,3144.0,42293,471.0,5216,,0,,47509,,5216
2021-01-14 15:00:00,age40to49,3250.0,41188,348.0,4505,,0,,45693,,4505
2021-01-14 15:00:00,age50to59,3545.0,45075,360.0,4286,,0,,49361,,4286
2021-01-14 15:00:00,age60to69,2739.0,33820,277.0,2962,,0,,36782,,2962
2021-01-14 15:00:00,age70to79,1475.0,13373,74.0,628,,0,,14001,,628
2021-01-14 15:00:00,age80plus,871.0,10883,27.0,696,,0,,11579,,696
2021-01-15 15:00:00,age10to19,122.0,1361,28.0,65,,0,,1426,,65
2021-01-15 15:00:00,age20to29,2357.0,29770,171.0,2859,,0,,32629,,2859
2021-01-15 15:00:00,age30to39,3337.0,45630,296.0,5512,,0,,51142,,5512
2021-01-15 15:00:00,age40to49,3485.0,44673,294.0,4799,,0,,49472,,4799
2021-01-15 15:00:00,age50to59,3752.0,48827,412.0,4698,,0,,53525,,4698
2021-01-15 15:00:00,age60to69,2589.0,36409,274.0,3236,,0,,39645,,3236
2021-01-15 15:00:00,age70to79,1929.0,15302,89.0,717,,0,,16019,,717
2021-01-15 15:00:00,age80plus,1326.0,12209,225.0,921,,0,,13130,,921
2021-01-16 15:00:00,age10to19,25.0,1386,8.0,73,,0,,1459,,73
2021-01-16 15:00:00,age20to29,668.0,30438,129.0,2988,,0,,33426,,2988
2021-01-16 15:00:00,age30to39,860.0,46490,236.0,5748,,0,,52238,,5748
2021-01-16 15:00:00,age40to49,871.0,45544,199.0,4998,,0,,50542,,4998
2021-01-16 15:00:00,age50to59,825.0,49652,258.0,4956,,0,,54608,,4956
2021-01-16 15:00:00,age60to69,627.0,37036,227.0,3463,,0,,40499,,3463
2021-01-16 15:00:00,age70to79,907.0,16209,132.0,849,,0,,17058,,849
2021-01-16 15:00:00,age80plus,823.0,13032,125.0,1046,,0,,14078,,1046
2021-01-17 15:00:00,age10to19,19.0,1405,3.0,76,,0,,1481,,76
2021-01-17 15:00:00,age20to29,252.0,30690,177.0,3165,,0,,33855,,3165
2021-01-17 15:00:00,age30to39,313.0,46803,238.0,5986,,0,,52789,,5986
2021-01-17 15:00:00,age40to49,275.0,45819,196.0,5194,,0,,51013,,5194
2021-01-17 15:00:00,age50to59,370.0,50022,228.0,5184,,0,,55206,,5184
2021-01-17 15:00:00,age60to69,323.0,37359,193.0,3656,,0,,41015,,3656
2021-01-17 15:00:00,age70to79,225.0,16434,119.0,968,,0,,17402,,968
2021-01-17 15:00:00,age80plus,257.0,13289,168.0,1214,,0,,14503,,1214
2021-01-18 15:00:00,age10to19,34.0,1439,4.0,80,,0,,1519,,80
2021-01-18 15:00:00,age20to29,464.0,31154,244.0,3409,,0,,34563,,3409
2021-01-18 15:00:00,age30to39,755.0,47558,463.0,6449,,0,,54007,,6449
2021-01-18 15:00:00,age40to49,877.0,46696,541.0,5735,,0,,52431,,5735
2021-01-18 15:00:00,age50to59,936.0,50958,617.0,5801,,0,,56759,,5801
2021-01-18 15:00:00,age60to69,894.0,38253,485.0,4141,,0,,42394,,4141
2021-01-18 15:00:00,age70to79,1748.0,18182,216.0,1184,,0,,19366,,1184
2021-01-18 15:00:00,age80plus,1412.0,14701,305.0,1519,,0,,16220,,1519
2021-01-19 15:00:00,age10to19,60.0,1499,8.0,88,,0,,1587,,88
2021-01-19 15:00:00,age20to29,1173.0,32327,649.0,4058,,0,,36385,,4058
2021-01-19 15:00:00,age30to39,1680.0,49238,1009.0,7458,,0,,56696,,7458
2021-01-19 15:00:00,age40to49,1725.0,48421,865.0,6600,,0,,55021,,6600
2021-01-19 15:00:00,age50to59,1862.0,52820,901.0,6702,,0,,59522,,6702
2021-01-19 15:00:00,age60to69,1525.0,39778,727.0,4868,,0,,44646,,4868
2021-01-19 15:00:00,age70to79,4193.0,22375,252.0,1436,,0,,23811,,1436
2021-01-19 15:00:00,age80plus,4064.0,18765,218.0,1737,,0,,20502,,1737
2021-01-20 15:00:00,age10to19,89.0,1588,16.0,104,,0,,1692,,104
2021-01-20 15:00:00,age20to29,1440.0,33767,737.0,4795,,0,,38562,,4795
2021-01-20 15:00:00,age30to39,1972.0,51210,1064.0,8522,,0,,59732,,8522
2021-01-20 15:00:00,age40to49,2022.0,50443,960.0,7560,,0,,58003,,7560
2021-01-20 15:00:00,age50to59,2270.0,55090,1028.0,7730,,0,,62820,,7730
2021-01-20 15:00:00,age60to69,2147.0,41925,702.0,5570,,0,,47495,,5570
2021-01-20 15:00:00,age70to79,5418.0,27793,198.0,1634,,0,,29427,,1634
2021-01-20 15:00:00,age80plus,5139.0,23904,84.0,1821,,0,,25725,,1821
2021-01-21 15:00:00,age10to19,110.0,1698,5.0,109,,0,,1807,,109
2021-01-21 15:00:00,age20to29,1801.0,35568,549.0,5344,,0,,40912,,5344
2021-01-21 15:00:00,age30to39,2452.0,53662,707.0,9229,,0,,62891,,9229
2021-01-21 15:00:00,age40to49,2483.0,52926,635.0,8195,,0,,61121,,8195
2021-01-21 15:00:00,age50to59,2832.0,57922,677.0,8407,,0,,66329,,8407
2021-01-21 15:00:00,age60to69,2446.0,44371,491.0,6061,,0,,50432,,6061
2021-01-21 15:00:00,age70to79,5626.0,33419,105.0,1739,,0,,35158,,1739
2021-01-21 15:00:00,age80plus,5140.0,29044,57.0,1878,,0,,30922,,1878
2021-01-22 15:00:00,age10to19,95.0,1793,14.0,123,,0,,1916,,123
2021-01-22 15:00:00,age20to29,2181.0,37749,357.0,5701,,0,,43450,,5701
2021-01-22 15:00:00,age30to39,3398.0,57060,567.0,9796,,0,,66856,,9796
2021-01-22 15:00:00,age40to49,3756.0,56682,563.0,8758,,0,,65440,,8758
2021-01-22 15:00:00,age50to59,4042.0,61964,615.0,9022,,0,,70986,,9022
2021-01-22 15:00:00,age60to69,3296.0,47667,487.0,6548,,0,,54215,,6548
2021-01-22 15:00:00,age70to79,6302.0,39721,208.0,1947,,0,,41668,,1947
2021-01-22 15:00:00,age80plus,5169.0,34213,402.0,2280,,0,,36493,,2280
2021-01-23 15:00:00,age10to19,47.0,1840,4.0,127,,0,,1967,,127
2021-01-23 15:00:00,age20to29,805.0,38554,169.0,5870,,0,,44424,,5870
2021-01-23 15:00:00,age30to39,1108.0,58168,263.0,10059,,0,,68227,,10059
2021-01-23 15:00:00,age40to49,1071.0,57753,225.0,8983,,0,,66736,,8983
2021-01-23 15:00:00,age50to59,1135.0,63099,267.0,9289,,0,,72388,,9289
2021-01-23 15:00:00,age60to69,967.0,48634,239.0,6787,,0,,55421,,6787
2021-01-23 15:00:00,age70to79,2029.0,41750,119.0,2066,,0,,43816,,2066
2021-01-23 15:00:00,age80plus,2296.0,36509,202.0,2482,,0,,38991,,2482
2021-01-24 15:00:00,age10to19,36.0,1876,7.0,134,,0,,2010,,134
2021-01-24 15:00:00,age20to29,191.0,38745,138.0,6008,,0,,44753,,6008
2021-01-24 15:00:00,age30to39,263.0,58431,234.0,10293,,0,,68724,,10293
2021-01-24 15:00:00,age40to49,282.0,58035,246.0,9229,,0,,67264,,9229
2021-01-24 15:00:00,age50to59,366.0,63465,345.0,9634,,0,,73099,,9634
2021-01-24 15:00:00,age60to69,376.0,49010,310.0,7097,,0,,56107,,7097
2021-01-24 15:00:00,age70to79,697.0,42447,115.0,2181,,0,,44628,,2181
2021-01-24 15:00:00,age80plus,1063.0,37572,170.0,2652,,0,,40224,,2652
2021-01-25 15:00:00,age10to19,45.0,1921,38.0,172,,0,,2093,,172
2021-01-25 15:00:00,age20to29,995.0,39740,879.0,6887,,0,,46627,,6887
2021-01-25 15:00:00,age30to39,1553.0,59984,1561.0,11854,,0,,71838,,11854
2021-01-25 15:00:00,age40to49,1676.0,59711,1574.0,10803,,0,,70514,,10803
2021-01-25 15:00:00,age50to59,1688.0,65153,1820.0,11454,,0,,76607,,11454
2021-01-25 15:00:00,age60to69,2548.0,51558,1389.0,8486,,0,,60044,,8486
2021-01-25 15:00:00,age70to79,4534.0,46981,408.0,2589,,0,,49570,,2589
2021-01-25 15:00:00,age80plus,3145.0,40717,438.0,3090,,0,,43807,,3090
2021-01-26 15:00:00,age10to19,68.0,1989,42.0,214,,0,,2203,,214
2021-01-26 15:00:00,age20to29,1123.0,40863,966.0,7853,,0,,48716,,7853
2021-01-26 15:00:00,age30to39,1773.0,61757,1521.0,13375,,0,,75132,,13375
2021-01-26 15:00:00,age40to49,1779.0,61490,1595.0,12398,,0,,73888,,12398
2021-01-26 15:00:00,age50to59,1765.0,66918,1807.0,13261,,0,,80179,,13261
2021-01-26 15:00:00,age60to69,2966.0,54524,1411.0,9897,,0,,64421,,9897
2021-01-26 15:00:00,age70to79,4745.0,51726,543.0,3132,,0,,54858,,3132
2021-01-26 15:00:00,age80plus,3081.0,43798,361.0,3451,,0,,47249,,3451
2021-01-27 15:00:00,age10to19,66.0,2055,69.0,283,,0,,2338,,283
2021-01-27 15:00:00,age20to29,1365.0,42228,1449.0,9302,,0,,51530,,9302
2021-01-27 15:00:00,age30to39,2171.0,63928,2370.0,15745,,0,,79673,,15745
2021-01-27 15:00:00,age40to49,2270.0,63760,2423.0,14821,,0,,78581,,14821
2021-01-27 15:00:00,age50to59,2383.0,69301,2601.0,15862,,0,,85163,,15862
2021-01-27 15:00:00,age60to69,3709.0,58233,1831.0,11728,,0,,69961,,11728
2021-01-27 15:00:00,age70to79,7086.0,58812,617.0,3749,,0,,62561,,3749
2021-01-27 15:00:00,age80plus,4923.0,48721,546.0,3997,,0,,52718,,3997
2021-01-28 15:00:00,age10to19,85.0,2140,47.0,330,,0,,2470,,330
2021-01-28 15:00:00,age20to29,1185.0,43413,1218.0,10520,,0,,53933,,10520
2021-01-28 15:00:00,age30to39,2083.0,66011,1772.0,17517,,0,,83528,,17517
2021-01-28 15:00:00,age40to49,2317.0,66077,1654.0,16475,,0,,82552,,16475
2021-01-28 15:00:00,age50to59,2462.0,71763,1949.0,17811,,0,,89574,,17811
2021-01-28 15:00:00,age60to69,3625.0,61858,1465.0,13193,,0,,75051,,13193
2021-01-28 15:00:00,age70to79,6387.0,65199,507.0,4256,,0,,69455,,4256
2021-01-28 15:00:00,age80plus,4059.0,52780,260.0,4257,,0,,57037,,4257
2021-01-29 15:00:00,age10to19,119.0,2259,60.0,390,,0,,2649,,390
2021-01-29 15:00:00,age20to29,1220.0,44633,925.0,11445,,0,,56078,,11445
2021-01-29 15:00:00,age30to39,2093.0,68104,1351.0,18868,,0,,86972,,18868
2021-01-29 15:00:00,age40to49,2206.0,68283,1338.0,17813,,0,,86096,,17813
2021-01-29 15:00:00,age50to59,2524.0,74287,1488.0,19299,,0,,93586,,19299
2021-01-29 15:00:00,age60to69,3765.0,65623,1066.0,14259,,0,,79882,,14259
2021-01-29 15:00:00,age70to79,6737.0,71936,289.0,4545,,0,,76481,,4545
2021-01-29 15:00:00,age80plus,5023.0,57803,214.0,4471,,0,,62274,,4471
2021-01-30 15:00:00,age10to19,73.0,2332,5.0,395,,0,,2727,,395
2021-01-30 15:00:00,age20to29,995.0,45628,412.0,11857,,0,,57485,,11857
2021-01-30 15:00:00,age30to39,1522.0,69626,469.0,19337,,0,,88963,,19337
2021-01-30 15:00:00,age40to49,1734.0,70017,385.0,18198,,0,,88215,,18198
2021-01-30 15:00:00,age50to59,1779.0,76066,429.0,19728,,0,,95794,,19728
2021-01-30 15:00:00,age60to69,2581.0,68204,317.0,14576,,0,,82780,,14576
2021-01-30 15:00:00,age70to79,5032.0,76968,132.0,4677,,0,,81645,,4677
2021-01-30 15:00:00,age80plus,3668.0,61471,111.0,4582,,0,,66053,,4582
2021-01-31 15:00:00,age10to19,30.0,2362,10.0,405,,0,,2767,,405
2021-01-31 15:00:00,age20to29,278.0,45906,76.0,11933,,0,,57839,,11933
2021-01-31 15:00:00,age30to39,485.0,70111,139.0,19476,,0,,89587,,19476
2021-01-31 15:00:00,age40to49,524.0,70541,182.0,18380,,0,,88921,,18380
2021-01-31 15:00:00,age50to59,535.0,76601,232.0,19960,,0,,96561,,19960
2021-01-31 15:00:00,age60to69,583.0,68787,193.0,14769,,0,,83556,,14769
2021-01-31 15:00:00,age70to79,621.0,77589,135.0,4812,,0,,82401,,4812
2021-01-31 15:00:00,age80plus,601.0,62072,234.0,4816,,0,,66888,,4816
2021-02-01 15:00:00,age10to19,68.0,2430,13.0,418,,0,,2848,,418
2021-02-01 15:00:00,age20to29,308.0,46214,448.0,12381,,0,,58595,,12381
2021-02-01 15:00:00,age30to39,455.0,70566,665.0,20141,,0,,90707,,20141
2021-02-01 15:00:00,age40to49,529.0,71070,764.0,19144,,0,,90214,,19144
2021-02-01 15:00:00,age50to59,676.0,77277,909.0,20869,,0,,98146,,20869
2021-02-01 15:00:00,age60to69,1092.0,69879,664.0,15433,,0,,85312,,15433
2021-02-01 15:00:00,age70to79,1482.0,79071,305.0,5117,,0,,84188,,5117
2021-02-01 15:00:00,age80plus,1768.0,63840,310.0,5126,,0,,68966,,5126
2021-02-02 15:00:00,age10to19,92.0,2522,78.0,496,,0,,3018,,496
2021-02-02 15:00:00,age20to29,647.0,46861,1571.0,13952,,0,,60813,,13952
2021-02-02 15:00:00,age30to39,965.0,71531,2367.0,22508,,0,,94039,,22508
2021-02-02 15:00:00,age40to49,1107.0,72177,2347.0,21491,,0,,93668,,21491
2021-02-02 15:00:00,age50to59,1276.0,78553,2647.0,23516,,0,,102069,,23516
2021-02-02 15:00:00,age60to69,2358.0,72237,2024.0,17457,,0,,89694,,17457
2021-02-02 15:00:00,age70to79,3309.0,82380,1050.0,6167,,0,,88547,,6167
2021-02-02 15:00:00,age80plus,2030.0,65870,1045.0,6171,,0,,72041,,6171
2021-02-03 15:00:00,age10to19,93.0,2615,126.0,622,,0,,3237,,622
2021-02-03 15:00:00,age20to29,1034.0,47895,2217.0,16169,,0,,64064,,16169
2021-02-03 15:00:00,age30to39,1652.0,73183,3568.0,26076,,0,,99259,,26076
2021-02-03 15:00:00,age40to49,1736.0,73913,3522.0,25013,,0,,98926,,25013
2021-02-03 15:00:00,age50to59,1991.0,80544,3798.0,27314,,0,,107858,,27314
2021-02-03 15:00:00,age60to69,3216.0,75453,2854.0,20311,,0,,95764,,20311
2021-02-03 15:00:00,age70to79,4766.0,87146,1091.0,7258,,0,,94404,,7258
2021-02-03 15:00:00,age80plus,2985.0,68855,491.0,6662,,0,,75517,,6662
2021-02-04 15:00:00,age10to19,55.0,2670,86.0,708,,0,,3378,,708
2021-02-04 15:00:00,age20to29,1102.0,48997,1810.0,17979,,0,,66976,,17979
2021-02-04 15:00:00,age30to39,1902.0,75085,2894.0,28970,,0,,104055,,28970
2021-02-04 15:00:00,age40to49,1976.0,75889,2933.0,27946,,0,,103835,,27946
2021-02-04 15:00:00,age50to59,2529.0,83073,3209.0,30523,,0,,113596,,30523
2021-02-04 15:00:00,age60to69,4392.0,79845,2508.0,22819,,0,,102664,,22819
2021-02-04 15:00:00,age70to79,5897.0,93043,1117.0,8375,,0,,101418,,8375
2021-02-04 15:00:00,age80plus,3628.0,72483,533.0,7195,,0,,79678,,7195
2021-02-05 15:00:00,age10to19,72.0,2742,129.0,837,,0,,3579,,837
2021-02-05 15:00:00,age20to29,1195.0,50192,2209.0,20188,,0,,70380,,20188
2021-02-05 15:00:00,age30to39,1891.0,76976,3081.0,32051,,0,,109027,,32051
2021-02-05 15:00:00,age40to49,1939.0,77828,2913.0,30859,,0,,108687,,30859
2021-02-05 15:00:00,age50to59,2300.0,85373,3458.0,33981,,0,,119354,,33981
2021-02-05 15:00:00,age60to69,3989.0,83834,2479.0,25298,,0,,109132,,25298
2021-02-05 15:00:00,age70to79,4867.0,97910,1310.0,9685,,0,,107595,,9685
2021-02-05 15:00:00,age80plus,3551.0,76034,1195.0,8390,,0,,84424,,8390
2021-02-06 15:00:00,age10to19,45.0,2787,35.0,872,,0,,3659,,872
2021-02-06 15:00:00,age20to29,727.0,50919,744.0,20932,,0,,71851,,20932
2021-02-06 15:00:00,age30to39,1248.0,78224,1042.0,33093,,0,,111317,,33093
2021-02-06 15:00:00,age40to49,1281.0,79109,1120.0,31979,,0,,111088,,31979
2021-02-06 15:00:00,age50to59,1266.0,86639,1179.0,35160,,0,,121799,,35160
2021-02-06 15:00:00,age60to69,2020.0,85854,841.0,26139,,0,,111993,,26139
2021-02-06 15:00:00,age70to79,2623.0,100533,536.0,10221,,0,,110754,,10221
2021-02-06 15:00:00,age80plus,1823.0,77857,549.0,8939,,0,,86796,,8939
2021-02-07 15:00:00,age10to19,26.0,2813,11.0,883,,0,,3696,,883
2021-02-07 15:00:00,age20to29,343.0,51262,208.0,21140,,0,,72402,,21140
2021-02-07 15:00:00,age30to39,488.0,78712,209.0,33302,,0,,112014,,33302
2021-02-07 15:00:00,age40to49,592.0,79701,188.0,32167,,0,,111868,,32167
2021-02-07 15:00:00,age50to59,678.0,87317,247.0,35407,,0,,122724,,35407
2021-02-07 15:00:00,age60to69,969.0,86823,255.0,26394,,0,,113217,,26394
2021-02-07 15:00:00,age70to79,1417.0,101950,207.0,10428,,0,,112378,,10428
2021-02-07 15:00:00,age80plus,1244.0,79101,238.0,9177,,0,,88278,,9177
2021-02-08 15:00:00,age10to19,40.0,2853,81.0,964,,0,,3817,,964
2021-02-08 15:00:00,age20to29,732.0,51994,1508.0,22648,,0,,74642,,22648
2021-02-08 15:00:00,age30to39,1146.0,79858,2072.0,35374,,0,,115232,,35374
2021-02-08 15:00:00,age40to49,1153.0,80854,2118.0,34285,,0,,115139,,34285
2021-02-08 15:00:00,age50to59,1306.0,88623,2281.0,37688,,0,,126311,,37688
2021-02-08 15:00:00,age60to69,2408.0,89231,1916.0,28310,,0,,117541,,28310
2021-02-08 15:00:00,age70to79,3366.0,105316,1354.0,11782,,0,,117098,,11782
2021-02-08 15:00:00,age80plus,2413.0,81514,1005.0,10182,,0,,91696,,10182
2021-02-09 15:00:00,age10to19,66.0,2919,66.0,1030,,0,,3949,,1030
2021-02-09 15:00:00,age20to29,955.0,52949,1410.0,24058,,0,,77007,,24058
2021-02-09 15:00:00,age30to39,1446.0,81304,2060.0,37434,,0,,118738,,37434
2021-02-09 15:00:00,age40to49,1539.0,82393,2061.0,36346,,0,,118739,,36346
2021-02-09 15:00:00,age50to59,1671.0,90294,2263.0,39951,,0,,130245,,39951
2021-02-09 15:00:00,age60to69,3395.0,92626,1879.0,30189,,0,,122815,,30189
2021-02-09 15:00:00,age70to79,4328.0,109644,1740.0,13522,,0,,123166,,13522
2021-02-09 15:00:00,age80plus,2696.0,84210,1709.0,11891,,0,,96101,,11891
2021-02-10 15:00:00,age10to19,92.0,3011,111.0,1141,,0,,4152,,1141
2021-02-10 15:00:00,age20to29,941.0,53890,2158.0,26216,,0,,80106,,26216
2021-02-10 15:00:00,age30to39,1522.0,82826,3306.0,40740,,0,,123566,,40740
2021-02-10 15:00:00,age40to49,1626.0,84019,3391.0,39737,,0,,123756,,39737
2021-02-10 15:00:00,age50to59,1946.0,92240,3638.0,43589,,0,,135829,,43589
2021-02-10 15:00:00,age60to69,3812.0,96438,2721.0,32910,,0,,129348,,32910
2021-02-10 15:00:00,age70to79,5569.0,115213,2900.0,16422,,0,,131635,,16422
2021-02-10 15:00:00,age80plus,3396.0,87606,2399.0,14290,,0,,101896,,14290
2021-02-11 15:00:00,age10to19,115.0,3126,115.0,1256,,0,,4382,,1256
2021-02-11 15:00:00,age20to29,1267.0,55157,1911.0,28127,,0,,83284,,28127
2021-02-11 15:00:00,age30to39,2066.0,84892,2718.0,43458,,0,,128350,,43458
2021-02-11 15:00:00,age40to49,2234.0,86253,2737.0,42474,,0,,128727,,42474
2021-02-11 15:00:00,age50to59,2536.0,94776,2759.0,46348,,0,,141124,,46348
2021-02-11 15:00:00,age60to69,5120.0,101558,2088.0,34998,,0,,136556,,34998
2021-02-11 15:00:00,age70to79,6149.0,121362,2590.0,19012,,0,,140374,,19012
2021-02-11 15:00:00,age80plus,3133.0,90739,1765.0,16055,,0,,106794,,16055
2021-02-12 15:00:00,age10to19,80.0,3206,117.0,1373,,0,,4579,,1373
2021-02-12 15:00:00,age20to29,1294.0,56451,2234.0,30361,,0,,86812,,30361
2021-02-12 15:00:00,age30to39,2120.0,87012,3033.0,46491,,0,,133503,,46491
2021-02-12 15:00:00,age40to49,2234.0,88487,3040.0,45514,,0,,134001,,45514
2021-02-12 15:00:00,age50to59,2571.0,97347,3304.0,49652,,0,,146999,,49652
2021-02-12 15:00:00,age60to69,4542.0,106100,2470.0,37468,,0,,143568,,37468
2021-02-12 15:00:00,age70to79,4636.0,125998,2899.0,21911,,0,,147909,,21911
2021-02-12 15:00:00,age80plus,2293.0,93032,1922.0,17977,,0,,111009,,17977
2021-02-13 15:00:00,age10to19,44.0,3250,31.0,1404,,0,,4654,,1404
2021-02-13 15:00:00,age20to29,546.0,56997,647.0,31008,,0,,88005,,31008
2021-02-13 15:00:00,age30to39,1051.0,88063,772.0,47263,,0,,135326,,47263
2021-02-13 15:00:00,age40to49,1069.0,89556,684.0,46198,,0,,135754,,46198
2021-02-13 15:00:00,age50to59,1198.0,98545,672.0,50324,,0,,148869,,50324
2021-02-13 15:00:00,age60to69,2336.0,108436,574.0,38042,,0,,146478,,38042
2021-02-13 15:00:00,age70to79,2916.0,128914,1469.0,23380,,0,,152294,,23380
2021-02-13 15:00:00,age80plus,1766.0,94798,1084.0,19061,,0,,113859,,19061
2021-02-14 15:00:00,age10to19,42.0,3292,14.0,1418,,0,,4710,,1418
2021-02-14 15:00:00,age20to29,414.0,57411,166.0,31174,,0,,88585,,31174
2021-02-14 15:00:00,age30to39,784.0,88847,254.0,47517,,0,,136364,,47517
2021-02-14 15:00:00,age40to49,853.0,90409,215.0,46413,,0,,136822,,46413
2021-02-14 15:00:00,age50to59,912.0,99457,286.0,50610,,0,,150067,,50610
2021-02-14 15:00:00,age60to69,1821.0,110257,233.0,38275,,0,,148532,,38275
2021-02-14 15:00:00,age70to79,1547.0,130461,362.0,23742,,0,,154203,,23742
2021-02-14 15:00:00,age80plus,570.0,95368,416.0,19477,,0,,114845,,19477
2021-02-15 15:00:00,age10to19,50.0,3342,74.0,1492,,0,,4834,,1492
2021-02-15 15:00:00,age20to29,627.0,58038,1068.0,32242,,0,,90280,,32242
2021-02-15 15:00:00,age30to39,1036.0,89883,1459.0,48976,,0,,138859,,48976
2021-02-15 15:00:00,age40to49,1015.0,91424,1493.0,47906,,0,,139330,,47906
2021-02-15 15:00:00,age50to59,1135.0,100592,1436.0,52046,,0,,152638,,52046
2021-02-15 15:00:00,age60to69,3003.0,113260,1410.0,39685,,0,,152945,,39685
2021-02-15 15:00:00,age70to79,3211.0,133672,2836.0,26578,,0,,160250,,26578
2021-02-15 15:00:00,age80plus,1628.0,96996,2264.0,21741,,0,,118737,,21741
2021-02-16 15:00:00,age10to19,81.0,3423,78.0,1570,,0,,4993,,1570
2021-02-16 15:00:00,age20to29,924.0,58962,1490.0,33732,,0,,92694,,33732
2021-02-16 15:00:00,age30to39,1599.0,91482,2096.0,51072,,0,,142554,,51072
2021-02-16 15:00:00,age40to49,1675.0,93099,2240.0,50146,,0,,143245,,50146
2021-02-16 15:00:00,age50to59,2116.0,102708,2474.0,54520,,0,,157228,,54520
2021-02-16 15:00:00,age60to69,3514.0,116774,2740.0,42425,,0,,159199,,42425
2021-02-16 15:00:00,age70to79,4427.0,138099,5060.0,31638,,0,,169737,,31638
2021-02-16 15:00:00,age80plus,2154.0,99150,4221.0,25962,,0,,125112,,25962
2021-02-17 15:00:00,age10to19,61.0,3484,98.0,1668,,0,,5152,,1668
2021-02-17 15:00:00,age20to29,1390.0,60352,1848.0,35580,,0,,95932,,35580
2021-02-17 15:00:00,age30to39,2251.0,93733,2805.0,53877,,0,,147610,,53877
2021-02-17 15:00:00,age40to49,2570.0,95669,2910.0,53056,,0,,148725,,53056
2021-02-17 15:00:00,age50to59,2878.0,105586,3266.0,57786,,0,,163372,,57786
2021-02-17 15:00:00,age60to69,3718.0,120492,3403.0,45828,,0,,166320,,45828
2021-02-17 15:00:00,age70to79,4766.0,142865,6099.0,37737,,0,,180602,,37737
2021-02-17 15:00:00,age80plus,2872.0,102022,5193.0,31155,,0,,133177,,31155
2021-02-18 15:00:00,age10to19,26.0,3510,8.0,1676,,0,,5186,,1676
2021-02-18 15:00:00,age20to29,219.0,60571,300.0,35880,,0,,96451,,35880
2021-02-18 15:00:00,age30to39,376.0,94109,533.0,54410,,0,,148519,,54410
2021-02-18 15:00:00,age40to49,396.0,96065,568.0,53624,,0,,149689,,53624
2021-02-18 15:00:00,age50to59,460.0,106046,671.0,58457,,0,,164503,,58457
2021-02-18 15:00:00,age60to69,774.0,121266,561.0,46389,,0,,167655,,46389
2021-02-18 15:00:00,age70to79,731.0,143596,713.0,38450,,0,,182046,,38450
2021-02-18 15:00:00,age80plus,331.0,102353,836.0,31991,,0,,134344,,31991
2021-02-19 15:00:00,age10to19,77.0,3587,71.0,1747,,0,,5334,,1747
2021-02-19 15:00:00,age20to29,625.0,61196,1427.0,37307,,0,,98503,,37307
2021-02-19 15:00:00,age30to39,1073.0,95182,2260.0,56670,,0,,151852,,56670
2021-02-19 15:00:00,age40to49,1130.0,97195,2392.0,56016,,0,,153211,,56016
2021-02-19 15:00:00,age50to59,1310.0,107356,2679.0,61136,,0,,168492,,61136
2021-02-19 15:00:00,age60to69,2167.0,123433,2825.0,49214,,0,,172647,,49214
2021-02-19 15:00:00,age70to79,2759.0,146355,3947.0,42397,,0,,188752,,42397
2021-02-19 15:00:00,age80plus,1604.0,103957,3258.0,35249,,0,,139206,,35249
2021-02-20 15:00:00,age10to19,61.0,3648,113.0,1860,,0,,5508,,1860
2021-02-20 15:00:00,age20to29,574.0,61770,1313.0,38620,,0,,100390,,38620
2021-02-20 15:00:00,age30to39,936.0,96118,2181.0,58851,,0,,154969,,58851
2021-02-20 15:00:00,age40to49,1105.0,98300,2328.0,58344,,0,,156644,,58344
2021-02-20 15:00:00,age50to59,1299.0,108655,2344.0,63480,,0,,172135,,63480
2021-02-20 15:00:00,age60to69,1790.0,125223,2767.0,51981,,0,,177204,,51981
2021-02-20 15:00:00,age70to79,2626.0,148981,4719.0,47116,,0,,196097,,47116
2021-02-20 15:00:00,age80plus,1667.0,105624,3926.0,39175,,0,,144799,,39175
2021-02-21 15:00:00,age10to19,41.0,3689,25.0,1885,,0,,5574,,1885
2021-02-21 15:00:00,age20to29,286.0,62056,291.0,38911,,0,,100967,,38911
2021-02-21 15:00:00,age30to39,463.0,96581,487.0,59338,,0,,155919,,59338
2021-02-21 15:00:00,age40to49,551.0,98851,618.0,58962,,0,,157813,,58962
2021-02-21 15:00:00,age50to59,639.0,109294,657.0,64137,,0,,173431,,64137
2021-02-21 15:00:00,age60to69,1150.0,126373,678.0,52659,,0,,179032,,52659
2021-02-21 15:00:00,age70to79,1866.0,150847,2063.0,49179,,0,,200026,,49179
2021-02-21 15:00:00,age80plus,1051.0,106675,2388.0,41563,,0,,148238,,41563
2021-02-22 15:00:00,age10to19,38.0,3727,83.0,1968,,0,,5695,,1968
2021-02-22 15:00:00,age20to29,531.0,62587,1016.0,39927,,0,,102514,,39927
2021-02-22 15:00:00,age30to39,771.0,97352,1604.0,60942,,0,,158294,,60942
2021-02-22 15:00:00,age40to49,755.0,99606,1726.0,60688,,0,,160294,,60688
2021-02-22 15:00:00,age50to59,966.0,110260,1879.0,66016,,0,,176276,,66016
2021-02-22 15:00:00,age60to69,1877.0,128250,2158.0,54817,,0,,183067,,54817
2021-02-22 15:00:00,age70to79,2338.0,153185,3604.0,52783,,0,,205968,,52783
2021-02-22 15:00:00,age80plus,815.0,107490,2770.0,44333,,0,,151823,,44333
2021-02-23 15:00:00,age10to19,101.0,3828,105.0,2073,,0,,5901,,2073
2021-02-23 15:00:00,age20to29,1020.0,63607,885.0,40812,,0,,104419,,40812
2021-02-23 15:00:00,age30to39,1481.0,98833,1288.0,62230,,0,,161063,,62230
2021-02-23 15:00:00,age40to49,1562.0,101168,1323.0,62011,,0,,163179,,62011
2021-02-23 15:00:00,age50to59,1825.0,112085,1431.0,67447,,0,,179532,,67447
2021-02-23 15:00:00,age60to69,3144.0,131394,2504.0,57321,,0,,188715,,57321
2021-02-23 15:00:00,age70to79,4184.0,157369,4665.0,57448,,0,,214817,,57448
2021-02-23 15:00:00,age80plus,2133.0,109623,3061.0,47394,,0,,157017,,47394
2021-02-24 15:00:00,age10to19,119.0,3947,83.0,2156,,0,,6103,,2156
2021-02-24 15:00:00,age20to29,1040.0,64647,1373.0,42185,,0,,106832,,42185
2021-02-24 15:00:00,age30to39,1833.0,100666,2146.0,64376,,0,,165042,,64376
2021-02-24 15:00:00,age40to49,1903.0,103071,2310.0,64321,,0,,167392,,64321
2021-02-24 15:00:00,age50to59,2378.0,114463,2402.0,69849,,0,,184312,,69849
2021-02-24 15:00:00,age60to69,4101.0,135495,3921.0,61242,,0,,196737,,61242
2021-02-24 15:00:00,age70to79,4407.0,161776,7321.0,64769,,0,,226545,,64769
2021-02-24 15:00:00,age80plus,2005.0,111628,4594.0,51988,,0,,163616,,51988
2021-02-25 15:00:00,age10to19,120.0,4067,95.0,2251,,0,,6318,,2251
2021-02-25 15:00:00,age20to29,1071.0,65718,1346.0,43531,,0,,109249,,43531
2021-02-25 15:00:00,age30to39,1855.0,102521,2338.0,66714,,0,,169235,,66714
2021-02-25 15:00:00,age40to49,1862.0,104933,2486.0,66807,,0,,171740,,66807
2021-02-25 15:00:00,age50to59,2287.0,116750,2749.0,72598,,0,,189348,,72598
2021-02-25 15:00:00,age60to69,4841.0,140336,4732.0,65974,,0,,206310,,65974
2021-02-25 15:00:00,age70to79,5438.0,167214,7446.0,72215,,0,,239429,,72215
2021-02-25 15:00:00,age80plus,2644.0,114272,4652.0,56640,,0,,170912,,56640
2021-02-26 15:00:00,age10to19,133.0,4200,92.0,2343,,0,,6543,,2343
2021-02-26 15:00:00,age20to29,1612.0,67330,1592.0,45123,,0,,112453,,45123
2021-02-26 15:00:00,age30to39,2374.0,104895,2513.0,69227,,0,,174122,,69227
2021-02-26 15:00:00,age40to49,2403.0,107336,2773.0,69580,,0,,176916,,69580
2021-02-26 15:00:00,age50to59,2828.0,119578,3059.0,75657,,0,,195235,,75657
2021-02-26 15:00:00,age60to69,6732.0,147068,4171.0,70145,,0,,217213,,70145
2021-02-26 15:00:00,age70to79,7106.0,174320,6378.0,78593,,0,,252913,,78593
2021-02-26 15:00:00,age80plus,3073.0,117345,4719.0,61359,,0,,178704,,61359
2021-02-27 15:00:00,age10to19,151.0,4351,45.0,2388,,0,,6739,,2388
2021-02-27 15:00:00,age20to29,1106.0,68436,792.0,45915,,0,,114351,,45915
2021-02-27 15:00:00,age30to39,1644.0,106539,1108.0,70335,,0,,176874,,70335
2021-02-27 15:00:00,age40to49,1697.0,109033,1067.0,70647,,0,,179680,,70647
2021-02-27 15:00:00,age50to59,2046.0,121624,1190.0,76847,,0,,198471,,76847
2021-02-27 15:00:00,age60to69,3896.0,150964,1701.0,71846,,0,,222810,,71846
2021-02-27 15:00:00,age70to79,3895.0,178215,2699.0,81292,,0,,259507,,81292
2021-02-27 15:00:00,age80plus,1364.0,118709,2115.0,63474,,0,,182183,,63474
2021-02-28 15:00:00,age10to19,106.0,4457,15.0,2403,,0,,6860,,2403
2021-02-28 15:00:00,age20to29,950.0,69386,252.0,46167,,0,,115553,,46167
2021-02-28 15:00:00,age30to39,1527.0,108066,381.0,70716,,0,,178782,,70716
2021-02-28 15:00:00,age40to49,1717.0,110750,414.0,71061,,0,,181811,,71061
2021-02-28 15:00:00,age50to59,2122.0,123746,465.0,77312,,0,,201058,,77312
2021-02-28 15:00:00,age60to69,4172.0,155136,757.0,72603,,0,,227739,,72603
2021-02-28 15:00:00,age70to79,3736.0,181951,1177.0,82469,,0,,264420,,82469
2021-02-28 15:00:00,age80plus,1074.0,119783,924.0,64398,,0,,184181,,64398
2021-03-01 15:00:00,age10to19,171.0,4628,43.0,2446,,0,,7074,,2446
2021-03-01 15:00:00,age20to29,1423.0,70809,527.0,46694,,0,,117503,,46694
2021-03-01 15:00:00,age30to39,2427.0,110493,867.0,71583,,0,,182076,,71583
2021-03-01 15:00:00,age40to49,2662.0,113412,863.0,71924,,0,,185336,,71924
2021-03-01 15:00:00,age50to59,3311.0,127057,996.0,78308,,0,,205365,,78308
2021-03-01 15:00:00,age60to69,6460.0,161596,1751.0,74354,,0,,235950,,74354
2021-03-01 15:00:00,age70to79,5589.0,187540,3295.0,85764,,0,,273304,,85764
2021-03-01 15:00:00,age80plus,2025.0,121808,2880.0,67278,,0,,189086,,67278
2021-03-02 15:00:00,age10to19,135.0,4763,42.0,2488,,0,,7251,,2488
2021-03-02 15:00:00,age20to29,1396.0,72205,541.0,47235,,0,,119440,,47235
2021-03-02 15:00:00,age30to39,2165.0,112658,998.0,72581,,0,,185239,,72581
2021-03-02 15:00:00,age40to49,2395.0,115807,1130.0,73054,1.0,1,3526.0,188862,1131.0,73055
2021-03-02 15:00:00,age50to59,3010.0,130067,1235.0,79543,1.0,1,4246.0,209611,1236.0,79544
2021-03-02 15:00:00,age60to69,5864.0,167460,2663.0,77017,7.0,7,8534.0,244484,2670.0,77024
2021-03-02 15:00:00,age70to79,5796.0,193336,3572.0,89336,3.0,3,9371.0,282675,3575.0,89339
2021-03-02 15:00:00,age80plus,2526.0,124334,2574.0,69852,,0,,194186,,69852
2021-03-03 15:00:00,age10to19,175.0,4938,62.0,2550,1.0,1,238.0,7489,63.0,2551
2021-03-03 15:00:00,age20to29,1923.0,74128,1028.0,48263,8.0,8,2959.0,122399,1036.0,48271
2021-03-03 15:00:00,age30to39,3067.0,115725,1610.0,74191,17.0,17,4694.0,189933,1627.0,74208
2021-03-03 15:00:00,age40to49,3316.0,119123,1832.0,74886,13.0,14,5161.0,194023,1845.0,74900
2021-03-03 15:00:00,age50to59,3950.0,134017,2003.0,81546,38.0,39,5991.0,215602,2041.0,81585
2021-03-03 15:00:00,age60to69,7471.0,174931,3413.0,80430,25.0,32,10909.0,255393,3438.0,80462
2021-03-03 15:00:00,age70to79,6767.0,200103,4647.0,93983,20.0,23,11434.0,294109,4667.0,94006
2021-03-03 15:00:00,age80plus,2480.0,126814,3144.0,72996,10.0,10,5634.0,199820,3154.0,73006
2021-03-04 15:00:00,age10to19,192.0,5130,65.0,2615,21.0,22,278.0,7767,86.0,2637
2021-03-04 15:00:00,age20to29,1998.0,76126,845.0,49108,286.0,294,3129.0,125528,1131.0,49402
2021-03-04 15:00:00,age30to39,3128.0,118853,1453.0,75644,460.0,477,5041.0,194974,1913.0,76121
2021-03-04 15:00:00,age40to49,3119.0,122242,1546.0,76432,548.0,562,5213.0,199236,2094.0,76994
2021-03-04 15:00:00,age50to59,3913.0,137930,1862.0,83408,663.0,702,6438.0,222040,2525.0,84110
2021-03-04 15:00:00,age60to69,8142.0,183073,3559.0,83989,1054.0,1086,12755.0,268148,4613.0,85075
2021-03-04 15:00:00,age70to79,7550.0,207653,5108.0,99091,727.0,750,13385.0,307494,5835.0,99841
2021-03-04 15:00:00,age80plus,2355.0,129169,3071.0,76067,298.0,308,5724.0,205544,3369.0,76375
2021-03-05 15:00:00,age10to19,183.0,5313,84.0,2699,26.0,48,293.0,8060,110.0,2747
2021-03-05 15:00:00,age20to29,1749.0,77875,1130.0,50238,293.0,587,3172.0,128700,1423.0,50825
2021-03-05 15:00:00,age30to39,2499.0,121352,1808.0,77452,434.0,911,4741.0,199715,2242.0,78363
2021-03-05 15:00:00,age40to49,2732.0,124974,1872.0,78304,422.0,984,5026.0,204262,2294.0,79288
2021-03-05 15:00:00,age50to59,3685.0,141615,2254.0,85662,605.0,1307,6544.0,228584,2859.0,86969
2021-03-05 15:00:00,age60to69,7832.0,190905,3962.0,87951,1457.0,2543,13251.0,281399,5419.0,90494
2021-03-05 15:00:00,age70to79,7079.0,214732,4645.0,103736,1312.0,2062,13036.0,320530,5957.0,105798
2021-03-05 15:00:00,age80plus,2619.0,131788,2815.0,78882,290.0,598,5724.0,211268,3105.0,79480
2021-03-06 15:00:00,age10to19,194.0,5507,52.0,2751,40.0,88,286.0,8346,92.0,2839
2021-03-06 15:00:00,age20to29,1359.0,79234,551.0,50789,549.0,1136,2459.0,131159,1100.0,51925
2021-03-06 15:00:00,age30to39,1837.0,123189,923.0,78375,780.0,1691,3540.0,203255,1703.0,80066
2021-03-06 15:00:00,age40to49,2010.0,126984,928.0,79232,798.0,1782,3736.0,207998,1726.0,81014
2021-03-06 15:00:00,age50to59,2634.0,144249,1052.0,86714,1040.0,2347,4726.0,233310,2092.0,89061
2021-03-06 15:00:00,age60to69,4567.0,195472,1975.0,89926,1607.0,4150,8149.0,289548,3582.0,94076
2021-03-06 15:00:00,age70to79,3965.0,218697,2042.0,105778,966.0,3028,6973.0,327503,3008.0,108806
2021-03-06 15:00:00,age80plus,971.0,132759,1053.0,79935,167.0,765,2191.0,213459,1220.0,80700
2021-03-07 15:00:00,age10to19,120.0,5627,36.0,2787,52.0,140,208.0,8554,88.0,2927
2021-03-07 15:00:00,age20to29,826.0,80060,303.0,51092,644.0,1780,1773.0,132932,947.0,52872
2021-03-07 15:00:00,age30to39,1282.0,124471,504.0,78879,884.0,2575,2670.0,205925,1388.0,81454
2021-03-07 15:00:00,age40to49,1336.0,128320,497.0,79729,1034.0,2816,2867.0,210865,1531.0,82545
2021-03-07 15:00:00,age50to59,1660.0,145909,513.0,87227,1156.0,3503,3329.0,236639,1669.0,90730
2021-03-07 15:00:00,age60to69,3287.0,198759,1083.0,91009,1717.0,5867,6087.0,295635,2800.0,96876
2021-03-07 15:00:00,age70to79,2754.0,221451,1100.0,106878,917.0,3945,4771.0,332274,2017.0,110823
2021-03-07 15:00:00,age80plus,643.0,133402,425.0,80360,156.0,921,1224.0,214683,581.0,81281
2021-03-08 15:00:00,age10to19,235.0,5862,36.0,2823,46.0,186,317.0,8871,82.0,3009
2021-03-08 15:00:00,age20to29,1524.0,81584,558.0,51650,638.0,2418,2720.0,135652,1196.0,54068
2021-03-08 15:00:00,age30to39,2370.0,126841,938.0,79817,951.0,3526,4259.0,210184,1889.0,83343
2021-03-08 15:00:00,age40to49,2653.0,130973,845.0,80574,1024.0,3840,4522.0,215387,1869.0,84414
2021-03-08 15:00:00,age50to59,3361.0,149270,973.0,88200,1304.0,4807,5638.0,242277,2277.0,93007
2021-03-08 15:00:00,age60to69,7568.0,206327,1778.0,92787,2458.0,8325,11804.0,307439,4236.0,101112
2021-03-08 15:00:00,age70to79,5974.0,227425,2146.0,109024,1374.0,5319,9494.0,341768,3520.0,114343
2021-03-08 15:00:00,age80plus,1600.0,135002,1069.0,81429,388.0,1309,3057.0,217740,1457.0,82738
2021-03-09 15:00:00,age10to19,225.0,6087,94.0,2917,66.0,252,385.0,9256,160.0,3169
2021-03-09 15:00:00,age20to29,1890.0,83474,847.0,52497,635.0,3053,3372.0,139024,1482.0,55550
2021-03-09 15:00:00,age30to39,2570.0,129411,1317.0,81134,974.0,4500,4861.0,215045,2291.0,85634
2021-03-09 15:00:00,age40to49,2609.0,133582,1413.0,81987,1021.0,4861,5043.0,220430,2434.0,86848
2021-03-09 15:00:00,age50to59,3616.0,152886,1714.0,89914,1234.0,6041,6564.0,248841,2948.0,95955
2021-03-09 15:00:00,age60to69,7344.0,213671,3344.0,96131,2271.0,10596,12959.0,320398,5615.0,106727
2021-03-09 15:00:00,age70to79,5523.0,232948,4147.0,113171,1620.0,6939,11290.0,353058,5767.0,120110
2021-03-09 15:00:00,age80plus,1743.0,136745,2023.0,83452,428.0,1737,4194.0,221934,2451.0,85189
2021-03-10 15:00:00,age10to19,247.0,6334,70.0,2987,83.0,335,400.0,9656,153.0,3322
2021-03-10 15:00:00,age20to29,2051.0,85525,959.0,53456,798.0,3851,3808.0,142832,1757.0,57307
2021-03-10 15:00:00,age30to39,2898.0,132309,1651.0,82785,1035.0,5535,5584.0,220629,2686.0,88320
2021-03-10 15:00:00,age40to49,3175.0,136757,1779.0,83766,1146.0,6007,6100.0,226530,2925.0,89773
2021-03-10 15:00:00,age50to59,4286.0,157172,1954.0,91868,1444.0,7485,7684.0,256525,3398.0,99353
2021-03-10 15:00:00,age60to69,7843.0,221514,3014.0,99145,2040.0,12636,12897.0,333295,5054.0,111781
2021-03-10 15:00:00,age70to79,6207.0,239155,4029.0,117200,1099.0,8038,11335.0,364393,5128.0,125238
2021-03-10 15:00:00,age80plus,2270.0,139015,1962.0,85414,252.0,1989,4484.0,226418,2214.0,87403
2021-03-11 15:00:00,age10to19,365.0,6699,55.0,3042,32.0,367,452.0,10108,87.0,3409
2021-03-11 15:00:00,age20to29,2752.0,88277,771.0,54227,230.0,4081,3753.0,146585,1001.0,58308
2021-03-11 15:00:00,age30to39,3645.0,135954,1390.0,84175,348.0,5883,5383.0,226012,1738.0,90058
2021-03-11 15:00:00,age40to49,3821.0,140578,1525.0,85291,414.0,6421,5760.0,232290,1939.0,91712
2021-03-11 15:00:00,age50to59,5256.0,162428,1773.0,93641,524.0,8009,7553.0,264078,2297.0,101650
2021-03-11 15:00:00,age60to69,9190.0,230704,3512.0,102657,1120.0,13756,13822.0,347117,4632.0,116413
2021-03-11 15:00:00,age70to79,6356.0,245511,4457.0,121657,748.0,8786,11561.0,375954,5205.0,130443
2021-03-11 15:00:00,age80plus,1941.0,140956,2351.0,87765,247.0,2236,4539.0,230957,2598.0,90001
2021-03-12 15:00:00,age10to19,386.0,7085,67.0,3109,17.0,384,470.0,10578,84.0,3493
2021-03-12 15:00:00,age20to29,3019.0,91296,1075.0,55302,149.0,4230,4243.0,150828,1224.0,59532
2021-03-12 15:00:00,age30to39,3987.0,139941,1810.0,85985,253.0,6136,6050.0,232062,2063.0,92121
2021-03-12 15:00:00,age40to49,4132.0,144710,1859.0,87150,257.0,6678,6248.0,238538,2116.0,93828
2021-03-12 15:00:00,age50to59,5789.0,168217,1950.0,95591,415.0,8424,8154.0,272232,2365.0,104015
2021-03-12 15:00:00,age60to69,9201.0,239905,3672.0,106329,696.0,14452,13569.0,360686,4368.0,120781
2021-03-12 15:00:00,age70to79,7090.0,252601,3934.0,125591,477.0,9263,11501.0,387455,4411.0,134854
2021-03-12 15:00:00,age80plus,2064.0,143020,1735.0,89500,176.0,2412,3975.0,234932,1911.0,91912
2021-03-13 15:00:00,age10to19,399.0,7484,36.0,3145,12.0,396,447.0,11025,48.0,3541
2021-03-13 15:00:00,age20to29,2126.0,93422,460.0,55762,76.0,4306,2662.0,153490,536.0,60068
2021-03-13 15:00:00,age30to39,2737.0,142678,894.0,86879,132.0,6268,3763.0,235825,1026.0,93147
2021-03-13 15:00:00,age40to49,2972.0,147682,1020.0,88170,158.0,6836,4150.0,242688,1178.0,95006
2021-03-13 15:00:00,age50to59,3899.0,172116,1127.0,96718,324.0,8748,5350.0,277582,1451.0,105466
2021-03-13 15:00:00,age60to69,5477.0,245382,2002.0,108331,427.0,14879,7906.0,368592,2429.0,123210
2021-03-13 15:00:00,age70to79,3016.0,255617,2178.0,127769,194.0,9457,5388.0,392843,2372.0,137226
2021-03-13 15:00:00,age80plus,697.0,143717,1069.0,90569,52.0,2464,1818.0,236750,1121.0,93033
2021-03-14 15:00:00,age10to19,339.0,7823,45.0,3190,18.0,414,402.0,11427,63.0,3604
2021-03-14 15:00:00,age20to29,1691.0,95113,318.0,56080,86.0,4392,2095.0,155585,404.0,60472
2021-03-14 15:00:00,age30to39,2228.0,144906,562.0,87441,106.0,6374,2896.0,238721,668.0,93815
2021-03-14 15:00:00,age40to49,2689.0,150371,615.0,88785,103.0,6939,3407.0,246095,718.0,95724
2021-03-14 15:00:00,age50to59,3182.0,175298,665.0,97383,168.0,8916,4015.0,281597,833.0,106299
2021-03-14 15:00:00,age60to69,3963.0,249345,1438.0,109769,208.0,15087,5609.0,374201,1646.0,124856
2021-03-14 15:00:00,age70to79,1806.0,257423,1336.0,129105,86.0,9543,3228.0,396071,1422.0,138648
2021-03-14 15:00:00,age80plus,383.0,144100,462.0,91031,23.0,2487,868.0,237618,485.0,93518
2021-03-15 15:00:00,age10to19,491.0,8314,53.0,3243,4.0,418,548.0,11975,57.0,3661
2021-03-15 15:00:00,age20to29,3000.0,98113,529.0,56609,41.0,4433,3570.0,159155,570.0,61042
2021-03-15 15:00:00,age30to39,3998.0,148904,902.0,88343,65.0,6439,4965.0,243686,967.0,94782
2021-03-15 15:00:00,age40to49,4361.0,154732,1025.0,89810,71.0,7010,5457.0,251552,1096.0,96820
2021-03-15 15:00:00,age50to59,5432.0,180730,1149.0,98532,107.0,9023,6688.0,288285,1256.0,107555
2021-03-15 15:00:00,age60to69,6662.0,256007,2741.0,112510,126.0,15213,9529.0,383730,2867.0,127723
2021-03-15 15:00:00,age70to79,3666.0,261089,2903.0,132008,74.0,9617,6643.0,402714,2977.0,141625
2021-03-15 15:00:00,age80plus,1080.0,145180,1113.0,92144,45.0,2532,2238.0,239856,1158.0,94676
2021-03-16 15:00:00,age10to19,549.0,8863,52.0,3295,2.0,420,603.0,12578,54.0,3715
2021-03-16 15:00:00,age20to29,3190.0,101303,693.0,57302,32.0,4465,3915.0,163070,725.0,61767
2021-03-16 15:00:00,age30to39,4232.0,153136,1193.0,89536,63.0,6502,5488.0,249174,1256.0,96038
2021-03-16 15:00:00,age40to49,4538.0,159270,1232.0,91042,74.0,7084,5844.0,257396,1306.0,98126
2021-03-16 15:00:00,age50to59,6000.0,186730,1564.0,100096,121.0,9144,7685.0,295970,1685.0,109240
2021-03-16 15:00:00,age60to69,8133.0,264140,2917.0,115427,265.0,15478,11315.0,395045,3182.0,130905
2021-03-16 15:00:00,age70to79,4600.0,265689,3721.0,135729,144.0,9761,8465.0,411179,3865.0,145490
2021-03-16 15:00:00,age80plus,1495.0,146675,1644.0,93788,56.0,2588,3195.0,243051,1700.0,96376
2021-03-17 15:00:00,age10to19,678.0,9541,99.0,3394,15.0,435,792.0,13370,114.0,3829
2021-03-17 15:00:00,age20to29,3369.0,104672,958.0,58260,125.0,4590,4452.0,167522,1083.0,62850
2021-03-17 15:00:00,age30to39,4532.0,157668,1459.0,90995,156.0,6658,6147.0,255321,1615.0,97653
2021-03-17 15:00:00,age40to49,4953.0,164223,1614.0,92656,181.0,7265,6748.0,264144,1795.0,99921
2021-03-17 15:00:00,age50to59,6648.0,193378,1914.0,102010,226.0,9370,8788.0,304758,2140.0,111380
2021-03-17 15:00:00,age60to69,9324.0,273464,3205.0,118632,270.0,15748,12799.0,407844,3475.0,134380
2021-03-17 15:00:00,age70to79,5698.0,271387,4469.0,140198,110.0,9871,10277.0,421456,4579.0,150069
2021-03-17 15:00:00,age80plus,1707.0,148382,2652.0,96440,50.0,2638,4409.0,247460,2702.0,99078
2021-03-18 15:00:00,age10to19,739.0,10280,81.0,3475,14.0,449,834.0,14204,95.0,3924
2021-03-18 15:00:00,age20to29,4203.0,108875,729.0,58989,148.0,4738,5080.0,172602,877.0,63727
2021-03-18 15:00:00,age30to39,5535.0,163203,1272.0,92267,138.0,6796,6945.0,262266,1410.0,99063
2021-03-18 15:00:00,age40to49,5898.0,170121,1248.0,93904,171.0,7436,7317.0,271461,1419.0,101340
2021-03-18 15:00:00,age50to59,7787.0,201165,1457.0,103467,235.0,9605,9479.0,314237,1692.0,113072
2021-03-18 15:00:00,age60to69,10060.0,283524,3032.0,121664,250.0,15998,13342.0,421186,3282.0,137662
2021-03-18 15:00:00,age70to79,4946.0,276333,2851.0,143049,129.0,10000,7926.0,429382,2980.0,153049
2021-03-18 15:00:00,age80plus,1361.0,149743,1030.0,97470,62.0,2700,2453.0,249913,1092.0,100170
2021-03-19 15:00:00,age10to19,672.0,10952,78.0,3553,11.0,460,761.0,14965,89.0,4013
2021-03-19 15:00:00,age20to29,3685.0,112560,791.0,59780,59.0,4797,4535.0,177137,850.0,64577
2021-03-19 15:00:00,age30to39,4868.0,168071,1309.0,93576,122.0,6918,6299.0,268565,1431.0,100494
2021-03-19 15:00:00,age40to49,5313.0,175434,1327.0,95231,158.0,7594,6798.0,278259,1485.0,102825
2021-03-19 15:00:00,age50to59,7268.0,208433,1473.0,104940,232.0,9837,8973.0,323210,1705.0,114777
2021-03-19 15:00:00,age60to69,9376.0,292900,3427.0,125091,246.0,16244,13049.0,434235,3673.0,141335
2021-03-19 15:00:00,age70to79,4653.0,280986,4337.0,147386,123.0,10123,9113.0,438495,4460.0,157509
2021-03-19 15:00:00,age80plus,1485.0,151228,1997.0,99467,48.0,2748,3530.0,253443,2045.0,102215
2021-03-20 15:00:00,age10to19,624.0,11576,76.0,3629,9.0,469,709.0,15674,85.0,4098
2021-03-20 15:00:00,age20to29,2640.0,115200,696.0,60476,62.0,4859,3398.0,180535,758.0,65335
2021-03-20 15:00:00,age30to39,3683.0,171754,1106.0,94682,93.0,7011,4882.0,273447,1199.0,101693
2021-03-20 15:00:00,age40to49,3970.0,179404,1122.0,96353,93.0,7687,5185.0,283444,1215.0,104040
2021-03-20 15:00:00,age50to59,5069.0,213502,1288.0,106228,146.0,9983,6503.0,329713,1434.0,116211
2021-03-20 15:00:00,age60to69,5577.0,298477,2094.0,127185,166.0,16410,7837.0,442072,2260.0,143595
2021-03-20 15:00:00,age70to79,1954.0,282940,2241.0,149627,62.0,10185,4257.0,442752,2303.0,159812
2021-03-20 15:00:00,age80plus,555.0,151783,1051.0,100518,25.0,2773,1631.0,255074,1076.0,103291
2021-03-21 15:00:00,age10to19,547.0,12123,55.0,3684,7.0,476,609.0,16283,62.0,4160
2021-03-21 15:00:00,age20to29,2178.0,117378,467.0,60943,27.0,4886,2672.0,183207,494.0,65829
2021-03-21 15:00:00,age30to39,2979.0,174733,723.0,95405,36.0,7047,3738.0,277185,759.0,102452
2021-03-21 15:00:00,age40to49,3176.0,182580,760.0,97113,58.0,7745,3994.0,287438,818.0,104858
2021-03-21 15:00:00,age50to59,4113.0,217615,928.0,107156,61.0,10044,5102.0,334815,989.0,117200
2021-03-21 15:00:00,age60to69,4195.0,302672,1714.0,128899,68.0,16478,5977.0,448049,1782.0,145377
2021-03-21 15:00:00,age70to79,1168.0,284108,1847.0,151474,33.0,10218,3048.0,445800,1880.0,161692
2021-03-21 15:00:00,age80plus,378.0,152161,805.0,101323,10.0,2783,1193.0,256267,815.0,104106
2021-03-22 15:00:00,age10to19,741.0,12864,77.0,3761,11.0,487,829.0,17112,88.0,4248
2021-03-22 15:00:00,age20to29,3415.0,120793,641.0,61584,69.0,4955,4125.0,187332,710.0,66539
2021-03-22 15:00:00,age30to39,4711.0,179444,1063.0,96468,90.0,7137,5864.0,283049,1153.0,103605
2021-03-22 15:00:00,age40to49,4943.0,187523,1202.0,98315,110.0,7855,6255.0,293693,1312.0,106170
2021-03-22 15:00:00,age50to59,6618.0,224233,1381.0,108537,199.0,10243,8198.0,343013,1580.0,118780
2021-03-22 15:00:00,age60to69,7551.0,310223,2408.0,131307,201.0,16679,10160.0,458209,2609.0,147986
2021-03-22 15:00:00,age70to79,2740.0,286848,2827.0,154301,92.0,10310,5659.0,451459,2919.0,164611
2021-03-22 15:00:00,age80plus,1224.0,153385,1227.0,102550,42.0,2825,2493.0,258760,1269.0,105375
2021-03-23 15:00:00,age10to19,956.0,13820,94.0,3855,8.0,495,1058.0,18170,102.0,4350
2021-03-23 15:00:00,age20to29,3817.0,124610,1133.0,62717,105.0,5060,5055.0,192387,1238.0,67777
2021-03-23 15:00:00,age30to39,5185.0,184629,1726.0,98194,111.0,7248,7022.0,290071,1837.0,105442
2021-03-23 15:00:00,age40to49,5572.0,193095,1805.0,100120,154.0,8009,7531.0,301224,1959.0,108129
2021-03-23 15:00:00,age50to59,7185.0,231418,2046.0,110583,293.0,10536,9524.0,352537,2339.0,121119
2021-03-23 15:00:00,age60to69,10400.0,320623,3626.0,134933,523.0,17202,14549.0,472758,4149.0,152135
2021-03-23 15:00:00,age70to79,3107.0,289955,4171.0,158472,223.0,10533,7501.0,458960,4394.0,169005
2021-03-23 15:00:00,age80plus,814.0,154199,1926.0,104476,85.0,2910,2825.0,261585,2011.0,107386
2021-03-24 15:00:00,age10to19,1028.0,14848,118.0,3973,19.0,514,1165.0,19335,137.0,4487
2021-03-24 15:00:00,age20to29,4276.0,128886,1304.0,64021,60.0,5120,5640.0,198027,1364.0,69141
2021-03-24 15:00:00,age30to39,5658.0,190287,2100.0,100294,125.0,7373,7883.0,297954,2225.0,107667
2021-03-24 15:00:00,age40to49,6024.0,199119,2252.0,102372,178.0,8187,8454.0,309678,2430.0,110559
2021-03-24 15:00:00,age50to59,7570.0,238988,2714.0,113297,250.0,10786,10534.0,363071,2964.0,124083
2021-03-24 15:00:00,age60to69,12018.0,332641,4871.0,139804,470.0,17672,17359.0,490117,5341.0,157476
2021-03-24 15:00:00,age70to79,2987.0,292942,4927.0,163399,159.0,10692,8073.0,467033,5086.0,174091
2021-03-24 15:00:00,age80plus,858.0,155057,1973.0,106449,84.0,2994,2915.0,264500,2057.0,109443
2021-03-25 15:00:00,age10to19,1089.0,15937,107.0,4080,16.0,530,1212.0,20547,123.0,4610
2021-03-25 15:00:00,age20to29,4925.0,133811,1251.0,65272,175.0,5295,6351.0,204378,1426.0,70567
2021-03-25 15:00:00,age30to39,6082.0,196369,1946.0,102240,308.0,7681,8336.0,306290,2254.0,109921
2021-03-25 15:00:00,age40to49,6511.0,205630,1928.0,104300,353.0,8540,8792.0,318470,2281.0,112840
2021-03-25 15:00:00,age50to59,8450.0,247438,2444.0,115741,501.0,11287,11395.0,374466,2945.0,127028
2021-03-25 15:00:00,age60to69,11190.0,343831,5033.0,144837,754.0,18426,16977.0,507094,5787.0,163263
2021-03-25 15:00:00,age70to79,2560.0,295502,5061.0,168460,228.0,10920,7849.0,474882,5289.0,179380
2021-03-25 15:00:00,age80plus,898.0,155955,2148.0,108597,114.0,3108,3160.0,267660,2262.0,111705
2021-03-26 15:00:00,age10to19,922.0,16859,120.0,4200,29.0,559,1071.0,21618,149.0,4759
2021-03-26 15:00:00,age20to29,4085.0,137896,1622.0,66894,184.0,5479,5891.0,210269,1806.0,72373
2021-03-26 15:00:00,age30to39,5175.0,201544,2286.0,104526,330.0,8011,7791.0,314081,2616.0,112537
2021-03-26 15:00:00,age40to49,5426.0,211056,2313.0,106613,434.0,8974,8173.0,326643,2747.0,115587
2021-03-26 15:00:00,age50to59,7264.0,254702,3118.0,118859,545.0,11832,10927.0,385393,3663.0,130691
2021-03-26 15:00:00,age60to69,10192.0,354023,6420.0,151257,684.0,19110,17296.0,524390,7104.0,170367
2021-03-26 15:00:00,age70to79,2429.0,297931,6387.0,174847,162.0,11082,8978.0,483860,6549.0,185929
2021-03-26 15:00:00,age80plus,806.0,156761,2751.0,111348,74.0,3182,3631.0,271291,2825.0,114530
2021-03-27 15:00:00,age10to19,853.0,17712,143.0,4343,20.0,579,1016.0,22634,163.0,4922
2021-03-27 15:00:00,age20to29,3469.0,141365,1107.0,68001,149.0,5628,4725.0,214994,1256.0,73629
2021-03-27 15:00:00,age30to39,3833.0,205377,1498.0,106024,190.0,8201,5521.0,319602,1688.0,114225
2021-03-27 15:00:00,age40to49,4001.0,215057,1511.0,108124,266.0,9240,5778.0,332421,1777.0,117364
2021-03-27 15:00:00,age50to59,5096.0,259798,1947.0,120806,400.0,12232,7443.0,392836,2347.0,133038
2021-03-27 15:00:00,age60to69,7162.0,361185,4301.0,155558,1166.0,20276,12629.0,537019,5467.0,175834
2021-03-27 15:00:00,age70to79,1879.0,299810,4294.0,179141,131.0,11213,6304.0,490164,4425.0,190354
2021-03-27 15:00:00,age80plus,505.0,157266,1541.0,112889,52.0,3234,2098.0,273389,1593.0,116123
2021-03-28 15:00:00,age10to19,571.0,18283,92.0,4435,17.0,596,680.0,23314,109.0,5031
2021-03-28 15:00:00,age20to29,2159.0,143524,742.0,68743,127.0,5755,3028.0,218022,869.0,74498
2021-03-28 15:00:00,age30to39,2502.0,207879,1169.0,107193,173.0,8374,3844.0,323446,1342.0,115567
2021-03-28 15:00:00,age40to49,2411.0,217468,1173.0,109297,217.0,9457,3801.0,336222,1390.0,118754
2021-03-28 15:00:00,age50to59,3052.0,262850,1463.0,122269,293.0,12525,4808.0,397644,1756.0,134794
2021-03-28 15:00:00,age60to69,5354.0,366539,3534.0,159092,740.0,21016,9628.0,546647,4274.0,180108
2021-03-28 15:00:00,age70to79,666.0,300476,3389.0,182530,32.0,11245,4087.0,494251,3421.0,193775
2021-03-28 15:00:00,age80plus,213.0,157479,693.0,113582,7.0,3241,913.0,274302,700.0,116823
2021-03-29 15:00:00,age10to19,883.0,19166,245.0,4680,15.0,611,1143.0,24457,260.0,5291
2021-03-29 15:00:00,age20to29,3372.0,146896,1679.0,70422,79.0,5834,5130.0,223152,1758.0,76256
2021-03-29 15:00:00,age30to39,4443.0,212322,2499.0,109692,127.0,8501,7069.0,330515,2626.0,118193
2021-03-29 15:00:00,age40to49,4511.0,221979,2857.0,112154,151.0,9608,7519.0,343741,3008.0,121762
2021-03-29 15:00:00,age50to59,6521.0,269371,3533.0,125802,246.0,12771,10300.0,407944,3779.0,138573
2021-03-29 15:00:00,age60to69,7922.0,374461,6967.0,166059,319.0,21335,15208.0,561855,7286.0,187394
2021-03-29 15:00:00,age70to79,1437.0,301913,5896.0,188426,110.0,11355,7443.0,501694,6006.0,199781
2021-03-29 15:00:00,age80plus,497.0,157976,1718.0,115300,51.0,3292,2266.0,276568,1769.0,118592
2021-03-30 15:00:00,age10to19,1287.0,20453,219.0,4899,23.0,634,1529.0,25986,242.0,5533
2021-03-30 15:00:00,age20to29,4397.0,151293,1747.0,72169,122.0,5956,6266.0,229418,1869.0,78125
2021-03-30 15:00:00,age30to39,5959.0,218281,2733.0,112425,223.0,8724,8915.0,339430,2956.0,121149
2021-03-30 15:00:00,age40to49,6459.0,228438,2859.0,115013,238.0,9846,9556.0,353297,3097.0,124859
2021-03-30 15:00:00,age50to59,9035.0,278406,3558.0,129360,419.0,13190,13012.0,420956,3977.0,142550
2021-03-30 15:00:00,age60to69,9724.0,384185,7173.0,173232,477.0,21812,17374.0,579229,7650.0,195044
2021-03-30 15:00:00,age70to79,1763.0,303676,6953.0,195379,184.0,11539,8900.0,510594,7137.0,206918
2021-03-30 15:00:00,age80plus,664.0,158640,2681.0,117981,108.0,3400,3453.0,280021,2789.0,121381
2021-03-31 15:00:00,age10to19,1521.0,21974,255.0,5154,110.0,744,1886.0,27872,365.0,5898
2021-03-31 15:00:00,age20to29,4765.0,156058,2239.0,74408,537.0,6493,7541.0,236959,2776.0,80901
2021-03-31 15:00:00,age30to39,6229.0,224510,3319.0,115744,904.0,9628,10452.0,349882,4223.0,125372
2021-03-31 15:00:00,age40to49,6944.0,235382,3514.0,118527,966.0,10812,11424.0,364721,4480.0,129339
2021-03-31 15:00:00,age50to59,9035.0,287441,4429.0,133789,1430.0,14620,14894.0,435850,5859.0,148409
2021-03-31 15:00:00,age60to69,9216.0,393401,8959.0,182191,1271.0,23083,19446.0,598675,10230.0,205274
2021-03-31 15:00:00,age70to79,2059.0,305735,8002.0,203381,319.0,11858,10380.0,520974,8321.0,215239
2021-03-31 15:00:00,age80plus,728.0,159368,2789.0,120770,150.0,3550,3667.0,283688,2939.0,124320
2021-04-01 15:00:00,age10to19,1348.0,23322,328.0,5482,119.0,863,1795.0,29667,447.0,6345
2021-04-01 15:00:00,age20to29,4703.0,160761,2681.0,77089,528.0,7021,7912.0,244871,3209.0,84110
2021-04-01 15:00:00,age30to39,6261.0,230771,3808.0,119552,755.0,10383,10824.0,360706,4563.0,129935
2021-04-01 15:00:00,age40to49,6700.0,242082,3847.0,122374,893.0,11705,11440.0,376161,4740.0,134079
2021-04-01 15:00:00,age50to59,9099.0,296540,5049.0,138838,1390.0,16010,15538.0,451388,6439.0,154848
2021-04-01 15:00:00,age60to69,9610.0,403011,9977.0,192168,1195.0,24278,20782.0,619457,11172.0,216446
2021-04-01 15:00:00,age70to79,1842.0,307577,7930.0,211311,345.0,12203,10117.0,531091,8275.0,223514
2021-04-01 15:00:00,age80plus,621.0,159989,2454.0,123224,160.0,3710,3235.0,286923,2614.0,126934
2021-04-02 15:00:00,age10to19,1494.0,24816,325.0,5807,126.0,989,1945.0,31612,451.0,6796
2021-04-02 15:00:00,age20to29,4318.0,165079,2334.0,79423,634.0,7655,7286.0,252157,2968.0,87078
2021-04-02 15:00:00,age30to39,5341.0,236112,3182.0,122734,881.0,11264,9404.0,370110,4063.0,133998
2021-04-02 15:00:00,age40to49,5654.0,247736,3333.0,125707,1061.0,12766,10048.0,386209,4394.0,138473
2021-04-02 15:00:00,age50to59,7712.0,304252,4365.0,143203,1511.0,17521,13588.0,464976,5876.0,160724
2021-04-02 15:00:00,age60to69,7566.0,410577,8559.0,200727,989.0,25267,17114.0,636571,9548.0,225994
2021-04-02 15:00:00,age70to79,1997.0,309574,6660.0,217971,269.0,12472,8926.0,540017,6929.0,230443
2021-04-02 15:00:00,age80plus,616.0,160605,2078.0,125302,142.0,3852,2836.0,289759,2220.0,129154
2021-04-03 15:00:00,age10to19,1252.0,26068,288.0,6095,111.0,1100,1651.0,33263,399.0,7195
2021-04-03 15:00:00,age20to29,3446.0,168525,1633.0,81056,518.0,8173,5597.0,257754,2151.0,89229
2021-04-03 15:00:00,age30to39,3970.0,240082,2140.0,124874,721.0,11985,6831.0,376941,2861.0,136859
2021-04-03 15:00:00,age40to49,3807.0,251543,2152.0,127859,867.0,13633,6826.0,393035,3019.0,141492
2021-04-03 15:00:00,age50to59,4842.0,309094,2673.0,145876,1218.0,18739,8733.0,473709,3891.0,164615
2021-04-03 15:00:00,age60to69,3169.0,413746,4395.0,205122,635.0,25902,8199.0,644770,5030.0,231024
2021-04-03 15:00:00,age70to79,1134.0,310708,3554.0,221525,187.0,12659,4875.0,544892,3741.0,234184
2021-04-03 15:00:00,age80plus,211.0,160816,819.0,126121,59.0,3911,1089.0,290848,878.0,130032
2021-04-04 15:00:00,age10to19,469.0,26537,174.0,6269,33.0,1133,676.0,33939,207.0,7402
2021-04-04 15:00:00,age20to29,1351.0,169876,786.0,81842,143.0,8316,2280.0,260034,929.0,90158
2021-04-04 15:00:00,age30to39,1688.0,241770,1252.0,126126,166.0,12151,3106.0,380047,1418.0,138277
2021-04-04 15:00:00,age40to49,1709.0,253252,1433.0,129292,169.0,13802,3311.0,396346,1602.0,143094
2021-04-04 15:00:00,age50to59,2011.0,311105,1723.0,147599,203.0,18942,3937.0,477646,1926.0,166541
2021-04-04 15:00:00,age60to69,1342.0,415088,2214.0,207336,131.0,26033,3687.0,648457,2345.0,233369
2021-04-04 15:00:00,age70to79,312.0,311020,1279.0,222804,47.0,12706,1638.0,546530,1326.0,235510
2021-04-04 15:00:00,age80plus,83.0,160899,294.0,126415,14.0,3925,391.0,291239,308.0,130340
2021-04-05 15:00:00,age10to19,1672.0,28209,358.0,6627,160.0,1293,2190.0,36129,518.0,7920
2021-04-05 15:00:00,age20to29,4067.0,173943,2063.0,83905,747.0,9063,6877.0,266911,2810.0,92968
2021-04-05 15:00:00,age30to39,4967.0,246737,3023.0,129149,1003.0,13154,8993.0,389040,4026.0,142303
2021-04-05 15:00:00,age40to49,5511.0,258763,3439.0,132731,1200.0,15002,10150.0,406496,4639.0,147733
2021-04-05 15:00:00,age50to59,6499.0,317604,4640.0,152239,1714.0,20656,12853.0,490499,6354.0,172895
2021-04-05 15:00:00,age60to69,3773.0,418861,7428.0,214764,1166.0,27199,12367.0,660824,8594.0,241963
2021-04-05 15:00:00,age70to79,1020.0,312040,5136.0,227940,371.0,13077,6527.0,553057,5507.0,241017
2021-04-05 15:00:00,age80plus,369.0,161268,1453.0,127868,173.0,4098,1995.0,293234,1626.0,131966
2021-04-06 15:00:00,age10to19,2380.0,30589,374.0,7001,302.0,1595,3056.0,39185,676.0,8596
2021-04-06 15:00:00,age20to29,6113.0,180056,2528.0,86433,1283.0,10346,9924.0,276835,3811.0,96779
2021-04-06 15:00:00,age30to39,7041.0,253778,3463.0,132612,1842.0,14996,12346.0,401386,5305.0,147608
2021-04-06 15:00:00,age40to49,7058.0,265821,3922.0,136653,2017.0,17019,12997.0,419493,5939.0,153672
2021-04-06 15:00:00,age50to59,9429.0,327033,5264.0,157503,2594.0,23250,17287.0,507786,7858.0,180753
2021-04-06 15:00:00,age60to69,5471.0,424332,7356.0,222120,1565.0,28764,14392.0,675216,8921.0,250884
2021-04-06 15:00:00,age70to79,1404.0,313444,4949.0,232889,540.0,13617,6893.0,559950,5489.0,246506
2021-04-06 15:00:00,age80plus,520.0,161788,1484.0,129352,267.0,4365,2271.0,295505,1751.0,133717
2021-04-07 15:00:00,age10to19,2238.0,32827,497.0,7498,399.0,1994,3134.0,42319,896.0,9492
2021-04-07 15:00:00,age20to29,5166.0,185222,2652.0,89085,1633.0,11979,9451.0,286286,4285.0,101064
2021-04-07 15:00:00,age30to39,6473.0,260251,3771.0,136383,2280.0,17276,12524.0,413910,6051.0,153659
2021-04-07 15:00:00,age40to49,6543.0,272364,4270.0,140923,2361.0,19380,13174.0,432667,6631.0,160303
2021-04-07 15:00:00,age50to59,8530.0,335563,5830.0,163333,3229.0,26479,17589.0,525375,9059.0,189812
2021-04-07 15:00:00,age60to69,4620.0,428952,8059.0,230179,1683.0,30447,14362.0,689578,9742.0,260626
2021-04-07 15:00:00,age70to79,1339.0,314783,5702.0,238591,643.0,14260,7684.0,567634,6345.0,252851
2021-04-07 15:00:00,age80plus,500.0,162288,2153.0,131505,272.0,4637,2925.0,298430,2425.0,136142
2021-04-08 15:00:00,age10to19,2604.0,35431,560.0,8058,432.0,2426,3596.0,45915,992.0,10484
2021-04-08 15:00:00,age20to29,6262.0,191484,3236.0,92321,1876.0,13855,11374.0,297660,5112.0,106176
2021-04-08 15:00:00,age30to39,7464.0,267715,4446.0,140829,2197.0,19473,14107.0,428017,6643.0,160302
2021-04-08 15:00:00,age40to49,7930.0,280294,4762.0,145685,2378.0,21758,15070.0,447737,7140.0,167443
2021-04-08 15:00:00,age50to59,9942.0,345505,6266.0,169599,3369.0,29848,19577.0,544952,9635.0,199447
2021-04-08 15:00:00,age60to69,5487.0,434439,8960.0,239139,2058.0,32505,16505.0,706083,11018.0,271644
2021-04-08 15:00:00,age70to79,1532.0,316315,5274.0,243865,785.0,15045,7591.0,575225,6059.0,258910
2021-04-08 15:00:00,age80plus,495.0,162783,1598.0,133103,347.0,4984,2440.0,300870,1945.0,138087
2021-04-09 15:00:00,age10to19,2256.0,37687,509.0,8567,469.0,2895,3234.0,49149,978.0,11462
2021-04-09 15:00:00,age20to29,5435.0,196919,3095.0,95416,1960.0,15815,10490.0,308150,5055.0,111231
2021-04-09 15:00:00,age30to39,6390.0,274105,4195.0,145024,2265.0,21738,12850.0,440867,6460.0,166762
2021-04-09 15:00:00,age40to49,6557.0,286851,4548.0,150233,2574.0,24332,13679.0,461416,7122.0,174565
2021-04-09 15:00:00,age50to59,7377.0,352882,6227.0,175826,3649.0,33497,17253.0,562205,9876.0,209323
2021-04-09 15:00:00,age60to69,3862.0,438301,8959.0,248098,2508.0,35013,15329.0,721412,11467.0,283111
2021-04-09 15:00:00,age70to79,1200.0,317515,6030.0,249895,591.0,15636,7821.0,583046,6621.0,265531
2021-04-09 15:00:00,age80plus,400.0,163183,1778.0,134881,261.0,5245,2439.0,303309,2039.0,140126
2021-04-10 15:00:00,age10to19,2042.0,39729,551.0,9118,259.0,3154,2852.0,52001,810.0,12272
2021-04-10 15:00:00,age20to29,3847.0,200766,2489.0,97905,1088.0,16903,7424.0,315574,3577.0,114808
2021-04-10 15:00:00,age30to39,4359.0,278464,3196.0,148220,1341.0,23079,8896.0,449763,4537.0,171299
2021-04-10 15:00:00,age40to49,4189.0,291040,3467.0,153700,1391.0,25723,9047.0,470463,4858.0,179423
2021-04-10 15:00:00,age50to59,5494.0,358376,4710.0,180536,1912.0,35409,12116.0,574321,6622.0,215945
2021-04-10 15:00:00,age60to69,2467.0,440768,5061.0,253159,941.0,35954,8469.0,729881,6002.0,289113
2021-04-10 15:00:00,age70to79,560.0,318075,2149.0,252044,317.0,15953,3026.0,586072,2466.0,267997
2021-04-10 15:00:00,age80plus,241.0,163424,628.0,135509,129.0,5374,998.0,304307,757.0,140883
2021-04-11 15:00:00,age10to19,1715.0,41444,356.0,9474,411.0,3565,2482.0,54483,767.0,13039
2021-04-11 15:00:00,age20to29,2961.0,203727,1256.0,99161,1937.0,18840,6154.0,321728,3193.0,118001
2021-04-11 15:00:00,age30to39,3641.0,282105,1779.0,149999,2132.0,25211,7552.0,457315,3911.0,175210
2021-04-11 15:00:00,age40to49,3493.0,294533,2323.0,156023,2100.0,27823,7916.0,478379,4423.0,183846
2021-04-11 15:00:00,age50to59,3883.0,362259,2778.0,183314,2248.0,37657,8909.0,583230,5026.0,220971
2021-04-11 15:00:00,age60to69,1648.0,442416,2840.0,255999,852.0,36806,5340.0,735221,3692.0,292805
2021-04-11 15:00:00,age70to79,376.0,318451,967.0,253011,210.0,16163,1553.0,587625,1177.0,269174
2021-04-11 15:00:00,age80plus,126.0,163550,305.0,135814,74.0,5448,505.0,304812,379.0,141262
2021-04-12 15:00:00,age10to19,1910.0,43354,689.0,10163,354.0,3919,2953.0,57436,1043.0,14082
2021-04-12 15:00:00,age20to29,4341.0,208068,3486.0,102647,1714.0,20554,9541.0,331269,5200.0,123201
2021-04-12 15:00:00,age30to39,4779.0,286884,4694.0,154693,1867.0,27078,11340.0,468655,6561.0,181771
2021-04-12 15:00:00,age40to49,4640.0,299173,4819.0,160842,1954.0,29777,11413.0,489792,6773.0,190619
2021-04-12 15:00:00,age50to59,5104.0,367363,6513.0,189827,2946.0,40603,14563.0,597793,9459.0,230430
2021-04-12 15:00:00,age60to69,2621.0,445037,7468.0,263467,1143.0,37949,11232.0,746453,8611.0,301416
2021-04-12 15:00:00,age70to79,744.0,319195,3176.0,256187,415.0,16578,4335.0,591960,3591.0,272765
2021-04-12 15:00:00,age80plus,320.0,163870,1198.0,137012,197.0,5645,1715.0,306527,1395.0,142657
2021-04-13 15:00:00,age10to19,3771.0,47125,789.0,10952,6.0,3925,4566.0,62002,795.0,14877
2021-04-13 15:00:00,age20to29,7309.0,215377,3546.0,106193,54.0,20608,10909.0,342178,3600.0,126801
2021-04-13 15:00:00,age30to39,7884.0,294768,4900.0,159593,62.0,27140,12846.0,481501,4962.0,186733
2021-04-13 15:00:00,age40to49,7799.0,306972,5109.0,165951,76.0,29853,12984.0,502776,5185.0,195804
2021-04-13 15:00:00,age50to59,9859.0,377222,6434.0,196261,91.0,40694,16384.0,614177,6525.0,236955
2021-04-13 15:00:00,age60to69,4105.0,449142,9156.0,272623,34.0,37983,13295.0,759748,9190.0,310606
2021-04-13 15:00:00,age70to79,1129.0,320324,4158.0,260345,4.0,16582,5291.0,597251,4162.0,276927
2021-04-13 15:00:00,age80plus,416.0,164286,1350.0,138362,2.0,5647,1768.0,308295,1352.0,144009
2021-04-14 15:00:00,age10to19,4215.0,51340,843.0,11795,6.0,3931,5064.0,67066,849.0,15726
2021-04-14 15:00:00,age20to29,7143.0,222520,3676.0,109869,30.0,20638,10849.0,353027,3706.0,130507
2021-04-14 15:00:00,age30to39,7430.0,302198,4783.0,164376,31.0,27171,12244.0,493745,4814.0,191547
2021-04-14 15:00:00,age40to49,7379.0,314351,5286.0,171237,29.0,29882,12694.0,515470,5315.0,201119
2021-04-14 15:00:00,age50to59,8281.0,385503,6831.0,203092,53.0,40747,15165.0,629342,6884.0,243839
2021-04-14 15:00:00,age60to69,3703.0,452845,9586.0,282209,31.0,38014,13320.0,773068,9617.0,320223
2021-04-14 15:00:00,age70to79,1089.0,321413,4458.0,264803,14.0,16596,5561.0,602812,4472.0,281399
2021-04-14 15:00:00,age80plus,405.0,164691,1290.0,139652,5.0,5652,1700.0,309995,1295.0,145304
2021-04-15 15:00:00,age10to19,3458.0,54798,814.0,12609,5.0,3936,4277.0,71343,819.0,16545
2021-04-15 15:00:00,age20to29,7507.0,230027,3782.0,113651,26.0,20664,11315.0,364342,3808.0,134315
2021-04-15 15:00:00,age30to39,7827.0,310025,4839.0,169215,16.0,27187,12682.0,506427,4855.0,196402
2021-04-15 15:00:00,age40to49,7613.0,321964,5257.0,176494,34.0,29916,12904.0,528374,5291.0,206410
2021-04-15 15:00:00,age50to59,8668.0,394171,7209.0,210301,31.0,40778,15908.0,645250,7240.0,251079
2021-04-15 15:00:00,age60to69,3821.0,456666,10098.0,292307,21.0,38035,13940.0,787008,10119.0,330342
2021-04-15 15:00:00,age70to79,1065.0,322478,4111.0,268914,9.0,16605,5185.0,607997,4120.0,285519
2021-04-15 15:00:00,age80plus,373.0,165064,1204.0,140856,1.0,5653,1578.0,311573,1205.0,146509
2021-04-16 15:00:00,age10to19,3398.0,58196,858.0,13467,,3936,,75599,,17403
2021-04-16 15:00:00,age20to29,6402.0,236429,3853.0,117504,1.0,20665,10256.0,374598,3854.0,138169
2021-04-16 15:00:00,age30to39,6803.0,316828,4909.0,174124,2.0,27189,11714.0,518141,4911.0,201313
2021-04-16 15:00:00,age40to49,6673.0,328637,5259.0,181753,2.0,29918,11934.0,540308,5261.0,211671
2021-04-16 15:00:00,age50to59,7625.0,401796,7066.0,217367,1.0,40779,14692.0,659942,7067.0,258146
2021-04-16 15:00:00,age60to69,3426.0,460092,9729.0,302036,1.0,38036,13156.0,800164,9730.0,340072
2021-04-16 15:00:00,age70to79,1074.0,323552,3848.0,272762,,16605,,612919,,289367
2021-04-16 15:00:00,age80plus,396.0,165460,1312.0,142168,1.0,5654,1709.0,313282,1313.0,147822
2021-04-17 15:00:00,age10to19,4033.0,62229,577.0,14044,,3936,,80209,,17980
2021-04-17 15:00:00,age20to29,5921.0,242350,2310.0,119814,,20665,,382829,,140479
2021-04-17 15:00:00,age30to39,6066.0,322894,2699.0,176823,1.0,27190,8766.0,526907,2700.0,204013
2021-04-17 15:00:00,age40to49,5782.0,334419,2960.0,184713,,29918,,549050,,214631
2021-04-17 15:00:00,age50to59,6328.0,408124,3869.0,221236,,40779,,670139,,262015
2021-04-17 15:00:00,age60to69,2336.0,462428,5759.0,307795,2.0,38038,8097.0,808261,5761.0,345833
2021-04-17 15:00:00,age70to79,581.0,324133,1799.0,274561,,16605,,615299,,291166
2021-04-17 15:00:00,age80plus,241.0,165701,333.0,142501,,5654,,313856,,148155
2021-04-18 15:00:00,age10to19,3013.0,65242,521.0,14565,1.0,3937,3535.0,83744,522.0,18502
2021-04-18 15:00:00,age20to29,3411.0,245761,1794.0,121608,,20665,,388034,,142273
2021-04-18 15:00:00,age30to39,3529.0,326423,2273.0,179096,,27190,,532709,,206286
2021-04-18 15:00:00,age40to49,3543.0,337962,2293.0,187006,1.0,29919,5837.0,554887,2294.0,216925
2021-04-18 15:00:00,age50to59,3851.0,411975,3058.0,224294,,40779,,677048,,265073
2021-04-18 15:00:00,age60to69,1283.0,463711,5003.0,312798,,38038,,814547,,350836
2021-04-18 15:00:00,age70to79,377.0,324510,637.0,275198,,16605,,616313,,291803
2021-04-18 15:00:00,age80plus,133.0,165834,165.0,142666,,5654,,314154,,148320
2021-04-19 15:00:00,age10to19,2458.0,67700,926.0,15491,,3937,,87128,,19428
2021-04-19 15:00:00,age20to29,4952.0,250713,3515.0,125123,6.0,20671,8473.0,396507,3521.0,145794
2021-04-19 15:00:00,age30to39,5534.0,331957,4824.0,183920,7.0,27197,10365.0,543074,4831.0,211117
2021-04-19 15:00:00,age40to49,5311.0,343273,5163.0,192169,11.0,29930,10485.0,565372,5174.0,222099
2021-04-19 15:00:00,age50to59,6049.0,418024,7360.0,231654,6.0,40785,13415.0,690463,7366.0,272439
2021-04-19 15:00:00,age60to69,2562.0,466273,8945.0,321743,14.0,38052,11521.0,826068,8959.0,359795
2021-04-19 15:00:00,age70to79,741.0,325251,1912.0,277110,8.0,16613,2661.0,618974,1920.0,293723
2021-04-19 15:00:00,age80plus,310.0,166144,684.0,143350,,5654,,315148,,149004
2021-04-20 15:00:00,age10to19,2658.0,70358,1173.0,16664,,3937,,90959,,20601
2021-04-20 15:00:00,age20to29,4963.0,255676,4143.0,129266,,20671,,405613,,149937
2021-04-20 15:00:00,age30to39,5188.0,337145,5404.0,189324,2.0,27199,10594.0,553668,5406.0,216523
2021-04-20 15:00:00,age40to49,5415.0,348688,5765.0,197934,3.0,29933,11183.0,576555,5768.0,227867
2021-04-20 15:00:00,age50to59,5961.0,423985,7851.0,239505,1.0,40786,13813.0,704276,7852.0,280291
2021-04-20 15:00:00,age60to69,2951.0,469224,11970.0,333713,21.0,38073,14942.0,841010,11991.0,371786
2021-04-20 15:00:00,age70to79,908.0,326159,2642.0,279752,2.0,16615,3552.0,622526,2644.0,296367
2021-04-20 15:00:00,age80plus,306.0,166450,757.0,144107,2.0,5656,1065.0,316213,759.0,149763
2021-04-21 15:00:00,age10to19,4373.0,74731,1423.0,18087,,3937,,96755,,22024
2021-04-21 15:00:00,age20to29,6185.0,261861,4641.0,133907,,20671,,416439,,154578
2021-04-21 15:00:00,age30to39,7244.0,344389,5993.0,195317,3.0,27202,13240.0,566908,5996.0,222519
2021-04-21 15:00:00,age40to49,6988.0,355676,6459.0,204393,1.0,29934,13448.0,590003,6460.0,234327
2021-04-21 15:00:00,age50to59,7036.0,431021,8245.0,247750,3.0,40789,15284.0,719560,8248.0,288539
2021-04-21 15:00:00,age60to69,3074.0,472298,11405.0,345118,2.0,38075,14481.0,855491,11407.0,383193
2021-04-21 15:00:00,age70to79,907.0,327066,2357.0,282109,1.0,16616,3265.0,625791,2358.0,298725
2021-04-21 15:00:00,age80plus,376.0,166826,735.0,144842,,5656,,317324,,150498
2021-04-22 15:00:00,age10to19,3098.0,77829,1117.0,19204,,3937,,100970,,23141
2021-04-22 15:00:00,age20to29,6098.0,267959,4576.0,138483,3.0,20674,10677.0,427116,4579.0,159157
2021-04-22 15:00:00,age30to39,6635.0,351024,5635.0,200952,3.0,27205,12273.0,579181,5638.0,228157
2021-04-22 15:00:00,age40to49,6696.0,362372,5771.0,210164,2.0,29936,12469.0,602472,5773.0,240100
2021-04-22 15:00:00,age50to59,7282.0,438303,7530.0,255280,4.0,40793,14816.0,734376,7534.0,296073
2021-04-22 15:00:00,age60to69,3319.0,475617,10556.0,355674,,38075,,869366,,393749
2021-04-22 15:00:00,age70to79,980.0,328046,2242.0,284351,,16616,,629013,,300967
2021-04-22 15:00:00,age80plus,401.0,167227,793.0,145635,1.0,5657,1195.0,318519,794.0,151292
2021-04-23 15:00:00,age10to19,3147.0,80976,1329.0,20533,,3937,,105446,,24470
2021-04-23 15:00:00,age20to29,5238.0,273197,4316.0,142799,1.0,20675,9555.0,436671,4317.0,163474
2021-04-23 15:00:00,age30to39,5770.0,356794,5551.0,206503,5.0,27210,11326.0,590507,5556.0,233713
2021-04-23 15:00:00,age40to49,5867.0,368239,5935.0,216099,3.0,29939,11805.0,614277,5938.0,246038
2021-04-23 15:00:00,age50to59,6197.0,444500,7445.0,262725,1.0,40794,13643.0,748019,7446.0,303519
2021-04-23 15:00:00,age60to69,2933.0,478550,9821.0,365495,,38075,,882120,,403570
2021-04-23 15:00:00,age70to79,906.0,328952,2241.0,286592,,16616,,632160,,303208
2021-04-23 15:00:00,age80plus,336.0,167563,693.0,146328,,5657,,319548,,151985
2021-04-24 15:00:00,age10to19,3436.0,84412,1327.0,21860,,3937,,110209,,25797
2021-04-24 15:00:00,age20to29,4673.0,277870,4137.0,146936,10.0,20685,8820.0,445491,4147.0,167621
2021-04-24 15:00:00,age30to39,4866.0,361660,4696.0,211199,16.0,27226,9578.0,600085,4712.0,238425
2021-04-24 15:00:00,age40to49,4769.0,373008,4574.0,220673,15.0,29954,9358.0,623635,4589.0,250627
2021-04-24 15:00:00,age50to59,4938.0,449438,5982.0,268707,16.0,40810,10936.0,758955,5998.0,309517
2021-04-24 15:00:00,age60to69,2230.0,480780,5256.0,370751,9.0,38084,7495.0,889615,5265.0,408835
2021-04-24 15:00:00,age70to79,573.0,329525,1026.0,287618,2.0,16618,1601.0,633761,1028.0,304236
2021-04-24 15:00:00,age80plus,240.0,167803,295.0,146623,,5657,,320083,,152280
2021-04-25 15:00:00,age10to19,2799.0,87211,394.0,22254,,3937,,113402,,26191
2021-04-25 15:00:00,age20to29,3399.0,281269,1139.0,148075,2.0,20687,4540.0,450031,1141.0,168762
2021-04-25 15:00:00,age30to39,3684.0,365344,1442.0,212641,5.0,27231,5131.0,605216,1447.0,239872
2021-04-25 15:00:00,age40to49,3496.0,376504,1562.0,222235,4.0,29958,5062.0,628697,1566.0,252193
2021-04-25 15:00:00,age50to59,3509.0,452947,1747.0,270454,5.0,40815,5261.0,764216,1752.0,311269
2021-04-25 15:00:00,age60to69,1551.0,482331,1528.0,372279,2.0,38086,3081.0,892696,1530.0,410365
2021-04-25 15:00:00,age70to79,417.0,329942,227.0,287845,5.0,16623,649.0,634410,232.0,304468
2021-04-25 15:00:00,age80plus,139.0,167942,82.0,146705,1.0,5658,222.0,320305,83.0,152363
2021-04-26 15:00:00,age10to19,2138.0,89349,1250.0,23504,5.0,3942,3393.0,116795,1255.0,27446
2021-04-26 15:00:00,age20to29,4048.0,285317,3440.0,151515,28.0,20715,7516.0,457547,3468.0,172230
2021-04-26 15:00:00,age30to39,4060.0,369404,4427.0,217068,28.0,27259,8515.0,613731,4455.0,244327
2021-04-26 15:00:00,age40to49,4081.0,380585,4889.0,227124,32.0,29990,9002.0,637699,4921.0,257114
2021-04-26 15:00:00,age50to59,4360.0,457307,6855.0,277309,53.0,40868,11268.0,775484,6908.0,318177
2021-04-26 15:00:00,age60to69,2251.0,484582,5537.0,377816,30.0,38116,7818.0,900514,5567.0,415932
2021-04-26 15:00:00,age70to79,733.0,330675,1114.0,288959,13.0,16636,1860.0,636270,1127.0,305595
2021-04-26 15:00:00,age80plus,269.0,168211,443.0,147148,5.0,5663,717.0,321022,448.0,152811
2021-04-27 15:00:00,age10to19,2308.0,91657,1600.0,25104,9.0,3951,3917.0,120712,1609.0,29055
2021-04-27 15:00:00,age20to29,4196.0,289513,4114.0,155629,126.0,20841,8436.0,465983,4240.0,176470
2021-04-27 15:00:00,age30to39,4146.0,373550,4975.0,222043,139.0,27398,9260.0,622991,5114.0,249441
2021-04-27 15:00:00,age40to49,4025.0,384610,5270.0,232394,167.0,30157,9462.0,647161,5437.0,262551
2021-04-27 15:00:00,age50to59,4475.0,461782,6961.0,284270,207.0,41075,11643.0,787127,7168.0,325345
2021-04-27 15:00:00,age60to69,2400.0,486982,4670.0,382486,125.0,38241,7195.0,907709,4795.0,420727
2021-04-27 15:00:00,age70to79,861.0,331536,1194.0,290153,63.0,16699,2118.0,638388,1257.0,306852
2021-04-27 15:00:00,age80plus,370.0,168581,459.0,147607,21.0,5684,850.0,321872,480.0,153291
2021-04-28 15:00:00,age10to19,3850.0,95507,1991.0,27095,40.0,3991,5881.0,126593,2031.0,31086
2021-04-28 15:00:00,age20to29,4265.0,293778,4724.0,160353,196.0,21037,9185.0,475168,4920.0,181390
2021-04-28 15:00:00,age30to39,4403.0,377953,5957.0,228000,175.0,27573,10535.0,633526,6132.0,255573
2021-04-28 15:00:00,age40to49,4239.0,388849,6396.0,238790,207.0,30364,10842.0,658003,6603.0,269154
2021-04-28 15:00:00,age50to59,4461.0,466243,8061.0,292331,301.0,41376,12823.0,799950,8362.0,333707
2021-04-28 15:00:00,age60to69,2245.0,489227,5798.0,388284,156.0,38397,8199.0,915908,5954.0,426681
2021-04-28 15:00:00,age70to79,793.0,332329,1455.0,291608,72.0,16771,2320.0,640708,1527.0,308379
2021-04-28 15:00:00,age80plus,342.0,168923,523.0,148130,24.0,5708,889.0,322761,547.0,153838
2021-04-29 15:00:00,age10to19,1361.0,96868,1551.0,28646,12.0,4003,2924.0,129517,1563.0,32649
2021-04-29 15:00:00,age20to29,2320.0,296098,3541.0,163894,43.0,21080,5904.0,481072,3584.0,184974
2021-04-29 15:00:00,age30to39,2532.0,380485,4334.0,232334,80.0,27653,6946.0,640472,4414.0,259987
2021-04-29 15:00:00,age40to49,2564.0,391413,4444.0,243234,82.0,30446,7090.0,665093,4526.0,273680
2021-04-29 15:00:00,age50to59,2711.0,468954,5469.0,297800,125.0,41501,8305.0,808255,5594.0,339301
2021-04-29 15:00:00,age60to69,1502.0,490729,3144.0,391428,94.0,38491,4740.0,920648,3238.0,429919
2021-04-29 15:00:00,age70to79,429.0,332758,847.0,292455,46.0,16817,1322.0,642030,893.0,309272
2021-04-29 15:00:00,age80plus,161.0,169084,326.0,148456,15.0,5723,502.0,323263,341.0,154179
